timestamp,rider_id,hub_id,order_id,vehicle_type,rider_status,delivery_zone,latitude,longitude,heading_degrees,gps_accuracy_m,speed_kmph,distance_to_destination_km,distance_from_hub_km,battery_pct,idle_duration_min,estimated_arrival_min,assigned_order_count,traffic_index,weather_condition,temperature_c,rain_mm,route_deviation_flag
2026-09-04 03:19:10,R002,H05,ORD00399,Scooter,On_Delivery,Z06,28.587459,77.052458,216,13.3,18.1,7511.71,1857.68,85,0,29852,1,43,Light Rain,27.6,2.3,0
2026-09-04 03:49:11,R013,H05,ORD00381,EV Scooter,On_Delivery,Z06,28.58759,77.051616,10,5.7,28.0,7253.8,1877.72,91,0,17424,2,24,Clear,30.6,0,0
2026-09-04 04:12:12,R018,H01,ORD00011,Scooter,On_Delivery,Z08,28.524008,77.203132,326,11.6,24.6,7595.1,1546.35,56,0,24260,1,39,Clear,29.2,0,0
2026-09-04 05:53:02,R015,H03,ORD00039,Bike,On_Delivery,Z08,28.534435,77.387129,83,5.7,29.1,7407.95,2019.65,86,0,21266,2,44,Clear,32.0,0,0
2026-09-04 06:05:42,R001,H05,ORD00348,Scooter,On_Delivery,Z04,28.601359,77.042544,86,14.1,17.2,7475.23,1445.71,78,0,30032,2,50,Clear,33.3,0,0
2026-09-04 06:45:03,R022,H05,ORD00291,EV Scooter,On_Delivery,Z01,28.594842,77.046927,324,16.1,26.5,8083.42,2188.09,88,0,23944,1,21,Clear,29.6,0,0
2026-09-04 07:14:56,R014,H02,ORD00307,Bike,On_Delivery,Z01,28.462648,77.028971,52,8.2,22.0,8324.79,1804.51,67,0,28418,2,46,Clear,33.5,0,0
2026-09-04 07:19:27,R018,H03,ORD00103,Bike,On_Delivery,Z02,28.54406,77.401035,289,13.5,28.7,7692.07,2016.52,95,0,22142,1,43,Clear,32.6,0,0
2026-09-04 07:26:44,R016,H03,ORD00156,EV Scooter,On_Delivery,Z03,28.539484,77.386051,133,9.2,20.8,7394.8,2212.51,61,0,27886,1,48,Clear,33.6,0,0
2026-09-04 07:34:34,R013,H05,ORD00196,Bike,On_Delivery,Z02,28.602468,77.052374,156,16.9,25.0,7058.65,2031.68,80,0,21605,2,43,Clear,32.4,0,0
2026-09-04 07:49:42,R001,H02,ORD00035,Scooter,On_Delivery,Z05,28.461288,77.036193,96,12.5,16.8,7072.67,2111.04,61,0,30954,1,56,Light Rain,27.7,3.0,0
2026-09-04 07:50:54,R010,H03,ORD00173,Bike,On_Delivery,Z05,28.53487,77.399501,53,12.4,30.9,7606.39,1754.73,71,0,19273,2,32,Cloudy,33.8,0,0
2026-09-04 08:04:42,R004,H03,ORD00162,Bike,On_Delivery,Z04,28.543775,77.385416,115,13.8,25.0,7371.07,1801.38,67,0,23658,1,60,Clear,28.6,0,0
2026-09-04 08:43:04,R004,H03,ORD00455,Bike,On_Delivery,Z06,28.534497,77.39642,155,10.2,15.6,7274.32,1788.34,79,0,36240,1,80,Clear,31.9,0,0
2026-09-04 08:54:48,R006,H04,ORD00481,Bike,On_Delivery,Z07,28.751656,77.046791,130,4.4,21.0,7730.07,2322.23,72,0,27956,1,75,Cloudy,30.5,0,0
2026-09-04 09:11:15,R004,H02,ORD00485,EV Scooter,On_Delivery,Z08,28.457375,77.019185,171,14.2,19.1,7255.82,2162.17,92,0,25515,1,70,Clear,29.4,0,0
2026-09-04 09:19:33,R013,H01,ORD00460,Bike,On_Delivery,Z03,28.526068,77.198583,7,11.7,16.3,7290.5,2017.85,57,0,34360,1,90,Clear,32.0,0,0
2026-09-04 09:50:07,R003,H01,ORD00499,Scooter,On_Delivery,Z05,28.524327,77.21557,150,8.7,8.7,7018.0,2170.18,61,0,56577,1,91,Heavy Rain,30.0,6.3,0
2026-09-04 10:21:51,R016,H02,ORD00159,EV Scooter,On_Delivery,Z02,28.468842,77.032655,330,13.0,7.7,7544.55,1800.73,79,0,69239,2,91,Light Rain,27.9,0.4,0
2026-09-04 10:24:43,R007,H01,ORD00409,EV Scooter,On_Delivery,Z03,28.525498,77.201335,5,6.1,14.7,7707.59,2058.15,59,0,40022,1,66,Clear,33.8,0,0
2026-09-04 10:40:50,R016,H04,ORD00045,EV Scooter,On_Delivery,Z03,28.753688,77.048257,176,5.8,20.2,7045.2,2028.24,70,0,23093,2,61,Clear,30.7,0,0
2026-09-04 11:28:59,R001,H05,ORD00002,EV Scooter,On_Delivery,Z05,28.592869,77.05448,183,6.7,15.4,7686.24,1690.03,56,0,35840,1,68,Clear,31.9,0,0
2026-09-04 11:29:17,R018,H05,ORD00198,Scooter,On_Delivery,Z08,28.590063,77.039938,240,12.9,24.0,8346.24,1721.33,73,0,24183,2,52,Clear,31.1,0,0
2026-09-04 11:34:38,R005,H05,ORD00090,Scooter,On_Delivery,Z02,28.6011,77.051071,342,17.0,15.2,7100.91,1947.06,91,0,33211,1,60,Cloudy,31.8,0,0
2026-09-04 11:42:14,R020,H02,ORD00398,EV Scooter,On_Delivery,Z08,28.459212,77.022091,57,10.4,15.8,7169.37,1725.11,85,0,30933,2,68,Clear,29.6,0,0
2026-09-04 11:48:44,R011,H03,ORD00041,EV Scooter,On_Delivery,Z05,28.537652,77.400884,160,17.4,20.2,7948.85,1926.25,73,1,32139,2,51,Clear,33.4,0,0
2026-09-04 11:57:35,R023,H04,ORD00494,EV Scooter,On_Delivery,Z05,28.749107,77.067954,243,17.8,20.0,7793.77,2371.55,87,0,26746,2,55,Cloudy,33.1,0,0
2026-09-04 12:24:04,R007,H03,ORD00082,Scooter,On_Delivery,Z08,28.531265,77.385185,70,4.0,20.7,7837.63,1666.9,73,0,25478,2,41,Cloudy,28.9,0,0
2026-09-04 12:30:23,R008,H05,ORD00118,Bike,On_Delivery,Z05,28.59042,77.053612,76,4.2,18.1,8075.65,1543.23,83,0,36592,1,60,Clear,31.1,0,0
2026-09-04 13:07:59,R004,H04,ORD00458,Bike,On_Delivery,Z03,28.751164,77.049258,192,8.4,25.4,7011.82,1690.83,69,0,20721,2,47,Cloudy,28.0,0,0
2026-09-04 13:20:40,R015,H02,ORD00447,Scooter,On_Delivery,Z07,28.464554,77.020636,180,13.9,9.5,8138.41,1865.39,69,0,60427,1,73,Heavy Rain,28.6,11.5,0
2026-09-04 13:21:10,R006,H05,ORD00112,Scooter,On_Delivery,Z08,28.58473,77.036627,14,7.9,18.8,7061.22,2191.24,68,0,31324,1,48,Clear,28.9,0,0
2026-09-04 13:24:48,R022,H05,ORD00219,Scooter,On_Delivery,Z03,28.594421,77.035123,83,5.1,12.4,6700.22,2033.33,59,0,39912,1,58,Light Rain,31.4,2.1,0
2026-09-04 13:53:59,R017,H02,ORD00347,Scooter,On_Delivery,Z04,28.469523,77.021702,42,9.6,23.2,7056.21,1863.6,70,0,20807,2,55,Cloudy,31.1,0,0
2026-09-04 14:06:04,R015,H01,ORD00067,Scooter,On_Delivery,Z07,28.528045,77.200985,110,12.7,22.2,7482.14,1451.71,79,0,23212,2,35,Clear,32.5,0,0
2026-09-04 14:07:16,R004,H04,ORD00058,EV Scooter,On_Delivery,Z07,28.75518,77.048214,182,6.0,19.1,7587.21,1884.19,60,1,28588,1,43,Light Rain,32.9,0.3,0
2026-09-04 14:15:25,R015,H03,ORD00241,Bike,On_Delivery,Z06,28.533339,77.400817,284,5.3,12.2,8069.21,2054.05,65,0,50227,1,73,Light Rain,30.2,2.6,0
2026-09-04 14:40:00,R003,H04,ORD00036,EV Scooter,On_Delivery,Z08,28.747109,77.05242,20,8.5,17.6,7583.44,1673.72,83,0,28902,2,69,Cloudy,30.6,0,0
2026-09-04 14:48:24,R015,H01,ORD00237,EV Scooter,On_Delivery,Z04,28.537586,77.203904,243,16.8,25.0,7024.43,2005.4,60,0,19921,2,37,Cloudy,33.0,0,0
2026-09-04 15:02:00,R005,H03,ORD00194,Scooter,On_Delivery,Z05,28.537745,77.399705,7,8.8,16.5,8442.01,1737.82,85,0,37191,2,60,Clear,31.8,0,0
2026-09-04 15:04:32,R015,H03,ORD00314,Scooter,On_Delivery,Z05,28.533427,77.399888,320,12.8,16.6,7361.88,1708.34,74,0,29984,1,60,Clear,31.5,0,1
2026-09-04 15:09:26,R006,H03,ORD00293,EV Scooter,On_Delivery,Z05,28.537977,77.402731,163,11.7,20.0,8510.63,1795.64,85,0,31412,1,56,Clear,30.9,0,0
2026-09-04 15:11:21,R017,H02,ORD00327,Bike,On_Delivery,Z04,28.475485,77.021216,286,3.5,11.2,7262.62,1984.7,91,0,51756,1,79,Heavy Rain,30.8,5.0,0
2026-09-04 15:29:48,R020,H02,ORD00087,EV Scooter,On_Delivery,Z06,28.45542,77.037066,268,12.0,11.0,7159.41,2236.27,73,0,44047,1,65,Light Rain,29.6,0.9,0
2026-09-04 15:31:06,R024,H04,ORD00200,EV Scooter,On_Delivery,Z02,28.758509,77.063432,119,9.1,21.4,7504.68,1760.52,71,0,23975,1,57,Clear,30.2,0,0
2026-09-04 15:33:11,R005,H03,ORD00235,Scooter,On_Delivery,Z01,28.539371,77.392265,342,11.7,25.3,7805.09,2196.25,73,0,23139,2,48,Cloudy,32.7,0,0
2026-09-04 15:42:31,R004,H05,ORD00203,Scooter,On_Delivery,Z03,28.593829,77.041044,113,13.2,20.0,9054.48,1802.57,55,0,37653,2,67,Cloudy,33.3,0,0
2026-09-04 15:42:46,R019,H02,ORD00489,EV Scooter,On_Delivery,Z06,28.460946,77.037883,184,7.5,19.6,8648.06,1806.65,89,0,32844,1,55,Clear,30.8,0,0
2026-09-04 15:44:11,R001,H04,ORD00113,Scooter,On_Delivery,Z08,28.747722,77.05228,305,10.0,21.0,8898.5,2165.79,66,1,30492,2,35,Clear,32.3,0,0
2026-09-04 15:47:34,R025,H02,ORD00439,EV Scooter,On_Delivery,Z01,28.463202,77.028347,261,6.5,24.2,7678.68,2026.4,83,0,22622,2,49,Clear,32.3,0,1
2026-09-04 16:02:50,R023,H04,ORD00301,Scooter,On_Delivery,Z08,28.7473,77.053982,118,14.4,11.2,8188.25,2047.39,79,0,60927,2,51,Heavy Rain,27.4,8.0,0
2026-09-04 16:13:23,R022,H01,ORD00204,EV Scooter,On_Delivery,Z03,28.53047,77.199006,94,12.6,22.4,8054.31,2370.57,88,0,29983,2,36,Clear,31.8,0,0
2026-09-04 16:14:40,R009,H05,ORD00338,Scooter,On_Delivery,Z06,28.588359,77.053128,83,13.3,26.2,7810.29,1533.05,55,3,23244,1,36,Clear,32.2,0,0
2026-09-04 16:17:46,R009,H04,ORD00336,EV Scooter,On_Delivery,Z07,28.754522,77.046227,239,9.9,16.0,8339.16,2049.24,55,0,36956,1,51,Clear,34.0,0,0
2026-09-04 16:19:27,R025,H05,ORD00393,Bike,On_Delivery,Z08,28.58918,77.038335,91,9.2,24.1,8619.64,2111.88,60,0,25421,2,37,Clear,30.1,0,0
2026-09-04 16:25:28,R021,H01,ORD00463,Bike,On_Delivery,Z03,28.530556,77.196784,26,6.7,21.3,8402.36,2147.64,75,4,28308,2,49,Clear,32.5,0,0
2026-09-04 16:30:23,R011,H05,ORD00266,Bike,On_Delivery,Z05,28.592621,77.053725,247,4.7,9.0,7720.9,1919.78,59,0,67111,1,83,Heavy Rain,28.0,9.1,0
2026-09-04 16:32:16,R016,H05,ORD00334,Scooter,On_Delivery,Z08,28.584409,77.040978,338,17.7,11.4,6868.49,2155.85,66,0,42413,1,66,Light Rain,32.8,2.8,0
2026-09-04 16:34:46,R012,H05,ORD00413,Bike,On_Delivery,Z02,28.601909,77.053807,304,16.2,23.6,8092.04,1782.43,69,0,27585,1,38,Clear,29.6,0,0
2026-09-04 16:36:39,R015,H03,ORD00430,Bike,On_Delivery,Z07,28.538762,77.382421,147,15.2,20.8,8593.11,1858.34,89,0,29725,2,65,Clear,29.1,0,0
2026-09-04 16:37:28,R016,H03,ORD00250,Bike,On_Delivery,Z02,28.5448,77.400104,202,10.3,20.5,7430.83,1814.06,64,3,25990,2,50,Clear,28.1,0,0
2026-09-04 16:38:00,R024,H02,ORD00230,Scooter,On_Delivery,Z05,28.461796,77.041115,290,11.8,19.7,6891.73,2089.33,79,0,23897,2,38,Clear,32.4,0,0
2026-09-04 16:46:58,R015,H03,ORD00081,Scooter,On_Delivery,Z06,28.533745,77.400758,339,4.0,9.6,7797.44,2383.1,74,0,62717,2,76,Heavy Rain,32.4,6.7,0
2026-09-04 17:12:49,R007,H04,ORD00010,EV Scooter,On_Delivery,Z07,28.756231,77.046652,335,13.8,14.8,7495.1,1669.32,88,0,35015,2,71,Clear,30.8,0,0
2026-09-04 17:18:48,R001,H03,ORD00317,Scooter,On_Delivery,Z04,28.546345,77.38675,297,15.1,13.1,7169.62,1711.38,60,0,43455,1,94,Clear,32.4,0,0
2026-09-04 17:22:18,R023,H01,ORD00278,Scooter,On_Delivery,Z07,28.529641,77.203275,295,14.9,17.4,7890.41,1805.51,56,0,33267,1,75,Clear,30.9,0,0
2026-09-04 17:25:51,R024,H03,ORD00174,EV Scooter,On_Delivery,Z03,28.539303,77.386366,121,15.5,13.5,7618.66,1603.23,72,0,40808,2,81,Cloudy,31.2,0,0
2026-09-04 17:27:42,R020,H01,ORD00478,Bike,On_Delivery,Z08,28.521512,77.202595,252,9.3,19.9,8158.18,1759.74,71,0,27204,1,73,Cloudy,28.7,0,0
2026-09-04 17:31:25,R004,H03,ORD00395,Bike,On_Delivery,Z04,28.544265,77.389023,1,11.7,17.4,8484.27,1836.49,78,0,36267,2,75,Cloudy,28.7,0,0
2026-09-04 17:39:46,R024,H02,ORD00180,Bike,On_Delivery,Z04,28.471542,77.021822,301,10.7,9.3,7015.67,1963.17,71,0,50477,1,100,Light Rain,28.9,0.4,0
2026-09-04 17:39:48,R015,H03,ORD00422,Bike,On_Delivery,Z03,28.538797,77.387805,132,17.7,18.4,9193.36,1920.58,77,0,37667,2,78,Clear,31.3,0,0
2026-09-04 17:45:35,R014,H02,ORD00496,EV Scooter,On_Delivery,Z01,28.467093,77.029716,43,6.3,7,7855.91,2420.61,62,0,88717,1,100,Heavy Rain,29.9,11.0,0
2026-09-04 17:55:15,R004,H01,ORD00151,Bike,On_Delivery,Z03,28.532091,77.1942,11,9.1,19.7,8620.76,2631.57,82,0,30906,2,77,Cloudy,29.9,0,0
2026-09-04 18:10:15,R004,H02,ORD00312,Scooter,On_Delivery,Z05,28.461538,77.034609,37,7.7,7,8832.68,1757.49,63,0,83297,2,100,Heavy Rain,27.3,8.1,0
2026-09-04 18:17:59,R011,H04,ORD00032,Scooter,On_Delivery,Z07,28.756077,77.04496,228,7.9,12.3,6693.6,2012.2,56,0,38789,1,86,Clear,31.6,0,0
2026-09-04 18:20:41,R005,H04,ORD00024,EV Scooter,On_Delivery,Z04,28.76015,77.051588,279,10.5,7,7829.19,2198.48,55,0,89019,1,100,Heavy Rain,27.5,7.6,0
2026-09-04 18:30:20,R023,H05,ORD00471,Bike,On_Delivery,Z06,28.588754,77.055821,319,14.4,17.4,7629.41,1755.6,87,0,30677,2,84,Clear,29.4,0,0
2026-09-04 18:31:32,R016,H04,ORD00280,Bike,On_Delivery,Z06,28.745448,77.06717,283,16.7,15.3,7066.8,2121.5,80,0,36276,2,77,Clear,32.9,0,0
2026-09-04 18:37:14,R020,H03,ORD00213,EV Scooter,On_Delivery,Z08,28.532063,77.387751,300,3.7,7.8,7334.68,1505.92,55,0,64105,1,96,Light Rain,33.4,2.2,0
2026-09-04 18:52:26,R009,H04,ORD00326,Scooter,On_Delivery,Z02,28.757091,77.063911,11,11.3,13.4,7176.35,1741.81,66,0,35410,1,82,Cloudy,31.3,0,0
2026-09-04 19:07:14,R024,H05,ORD00298,EV Scooter,On_Delivery,Z03,28.593416,77.034667,143,15.9,15.4,6827.51,1994.05,82,0,30057,1,71,Clear,29.6,0,0
2026-09-04 19:07:29,R025,H02,ORD00149,Scooter,On_Delivery,Z03,28.463334,77.017349,137,4.1,16.6,8495.68,2374.48,66,0,37171,2,73,Cloudy,30.0,0,0
2026-09-04 19:08:17,R011,H04,ORD00419,Bike,On_Delivery,Z03,28.753155,77.0495,116,4.6,21.1,8315.86,2149.92,91,2,31980,1,65,Clear,31.7,0,0
2026-09-04 19:11:36,R004,H03,ORD00432,Scooter,On_Delivery,Z06,28.531763,77.400632,211,15.8,8.5,8215.06,2214.61,73,0,77513,2,93,Light Rain,32.4,1.1,0
2026-09-04 19:16:03,R023,H04,ORD00136,Bike,On_Delivery,Z04,28.76203,77.05572,335,13.3,14.8,7108.94,1704.68,68,0,39540,2,75,Clear,30.6,0,0
2026-09-04 19:23:01,R023,H03,ORD00205,Bike,On_Delivery,Z05,28.538601,77.402252,136,11.5,13.1,7443.66,2009.93,64,0,40046,2,83,Clear,32.9,0,0
2026-09-04 19:25:05,R024,H01,ORD00001,EV Scooter,On_Delivery,Z01,28.528418,77.211771,262,14.4,14.7,6686.76,2105.81,71,0,30264,1,65,Clear,33.2,0,1
2026-09-04 19:26:49,R024,H04,ORD00184,EV Scooter,On_Delivery,Z05,28.751789,77.068252,214,11.1,9.3,7061.89,1916.94,87,0,57337,2,92,Light Rain,29.1,0.2,0
2026-09-04 19:34:48,R009,H03,ORD00080,Bike,On_Delivery,Z07,28.536284,77.381684,291,5.9,12.2,8192.38,2188.45,69,1,55845,1,78,Light Rain,29.5,3.0,0
2026-09-04 19:54:51,R015,H03,ORD00305,Scooter,On_Delivery,Z03,28.540532,77.382826,268,14.7,10.3,7179.56,1994.03,92,0,52780,1,94,Clear,33.5,0,0
2026-09-04 19:56:54,R019,H03,ORD00003,Scooter,On_Delivery,Z06,28.53436,77.404807,212,13.8,9.5,7070.22,2093.89,89,1,50050,2,80,Light Rain,29.1,0.3,0
2026-09-04 20:17:15,R010,H01,ORD00048,EV Scooter,On_Delivery,Z08,28.517539,77.200197,48,4.8,11.9,7692.22,2258.82,61,0,50141,1,77,Clear,30.2,0,0
2026-09-04 20:21:46,R011,H04,ORD00236,Scooter,On_Delivery,Z01,28.756786,77.062994,73,14.2,11.0,7472.79,1524.35,74,0,48790,1,90,Clear,30.3,0,0
2026-09-04 20:34:00,R013,H03,ORD00255,Scooter,On_Delivery,Z08,28.535391,77.38921,252,14.8,13.6,8864.31,1954.66,85,0,43605,1,75,Light Rain,27.1,0.2,0
2026-09-04 20:38:43,R021,H05,ORD00380,Bike,On_Delivery,Z02,28.597649,77.049273,126,9.1,20.1,8573.07,2124.05,78,0,29582,2,71,Clear,29.8,0,0
2026-09-04 20:43:05,R023,H01,ORD00435,Bike,On_Delivery,Z07,28.528226,77.202163,86,7.1,7,8637.92,1692.74,88,0,91902,2,99,Heavy Rain,28.7,11.0,0
2026-09-04 20:58:04,R023,H04,ORD00443,Scooter,On_Delivery,Z05,28.751815,77.070507,300,11.9,12.8,7944.28,2110.79,94,0,48343,2,89,Clear,29.0,0,0
2026-09-04 21:02:37,R001,H01,ORD00498,Bike,On_Delivery,Z07,28.532236,77.196101,84,7.6,25.2,7778.62,2299.71,80,0,22614,2,49,Clear,32.6,0,0
2026-09-04 21:11:00,R011,H04,ORD00177,Bike,On_Delivery,Z03,28.751789,77.050967,3,9.8,22.7,7771.69,2371.0,65,0,28539,2,35,Clear,29.5,0,0
2026-09-04 21:21:41,R016,H05,ORD00109,EV Scooter,On_Delivery,Z04,28.605017,77.041124,181,5.7,14.2,7496.57,1805.54,61,0,42374,2,40,Heavy Rain,28.8,4.1,1
2026-09-04 21:23:45,R023,H02,ORD00193,Bike,On_Delivery,Z06,28.458165,77.035079,80,8.2,18.0,6973.04,2110.33,89,0,29645,1,44,Light Rain,28.8,2.9,0
2026-09-04 21:39:00,R019,H04,ORD00037,EV Scooter,On_Delivery,Z05,28.749942,77.061432,75,11.8,27.7,8137.65,1694.65,71,0,23889,2,29,Clear,30.2,0,0
2026-09-04 21:44:46,R013,H02,ORD00330,Bike,On_Delivery,Z07,28.459978,77.019741,64,10.0,28.3,8530.94,2017.14,93,0,24691,2,43,Cloudy,32.2,0,0
2026-09-04 21:54:24,R015,H05,ORD00176,EV Scooter,On_Delivery,Z05,28.592992,77.055357,355,12.8,19.6,8626.1,2289.54,79,1,30230,1,33,Cloudy,33.6,0,0
2026-09-04 22:08:01,R010,H04,ORD00437,Bike,On_Delivery,Z01,28.751784,77.058004,72,11.0,32.2,8486.87,2359.01,58,0,19541,1,34,Cloudy,33.4,0,0
2026-09-04 22:25:05,R018,H02,ORD00161,Bike,On_Delivery,Z02,28.465632,77.033813,23,7.9,24.6,8144.63,1609.31,89,0,22426,1,37,Clear,29.6,0,0
2026-09-04 22:25:33,R012,H04,ORD00284,Scooter,On_Delivery,Z07,28.754271,77.045171,346,14.9,22.5,6884.23,1891.1,94,0,23071,1,48,Clear,33.5,0,0
2026-09-04 22:26:22,R014,H05,ORD00257,Scooter,On_Delivery,Z03,28.595152,77.041293,42,5.1,14.8,8148.57,1597.93,81,0,45418,1,44,Light Rain,31.1,0.3,1
2026-09-04 22:28:45,R024,H01,ORD00188,Scooter,On_Delivery,Z08,28.521809,77.202288,119,11.9,14.4,7960.52,1627.95,59,0,39765,2,49,Light Rain,30.2,0.9,0
2026-09-04 22:31:28,R009,H04,ORD00487,EV Scooter,On_Delivery,Z08,28.747273,77.05335,211,12.1,23.3,7393.2,1857.55,85,0,23187,2,38,Clear,33.0,0,0
2026-09-04 22:35:34,R024,H04,ORD00248,EV Scooter,On_Delivery,Z04,28.758396,77.052261,175,11.6,19.5,8754.46,1878.86,86,0,36107,2,42,Clear,33.4,0,0
2026-09-04 22:40:49,R017,H01,ORD00274,Bike,On_Delivery,Z02,28.531013,77.213747,138,5.3,24.2,7411.41,1613.41,74,0,21848,1,48,Clear,28.9,0,0
2026-09-04 22:47:52,R015,H02,ORD00322,EV Scooter,On_Delivery,Z06,28.457751,77.031524,344,14.1,23.3,7591.75,1614.86,60,0,26521,1,39,Clear,31.9,0,1
2026-09-04 22:53:45,R007,H05,ORD00390,Scooter,On_Delivery,Z05,28.594851,77.05944,298,14.4,19.7,7384.37,2141.76,94,2,28967,2,40,Cloudy,29.6,0,0
2026-09-04 23:02:14,R012,H05,ORD00220,Bike,On_Delivery,Z06,28.589592,77.055732,50,9.3,24.7,7697.07,1871.43,91,0,22722,2,46,Clear,33.4,0,0
2026-09-04 23:09:27,R022,H01,ORD00225,EV Scooter,On_Delivery,Z01,28.533085,77.208814,279,4.5,22.4,7284.25,1907.16,56,0,25784,2,45,Clear,33.1,0,0
2026-09-04 23:10:27,R019,H05,ORD00306,Scooter,On_Delivery,Z03,28.597347,77.03873,87,9.1,15.2,7338.95,1982.53,84,0,32022,2,43,Light Rain,28.8,0.2,0
2026-09-04 23:12:33,R016,H02,ORD00273,Scooter,On_Delivery,Z06,28.460467,77.03189,296,11.1,25.5,7976.93,1527.27,76,4,24564,1,36,Clear,31.8,0,0
2026-09-04 23:16:42,R007,H03,ORD00378,Bike,On_Delivery,Z05,28.536022,77.400947,330,8.5,21.6,7680.77,1928.76,78,0,24132,2,48,Clear,31.7,0,0
2026-09-04 23:23:25,R025,H04,ORD00101,EV Scooter,On_Delivery,Z08,28.749038,77.049722,176,17.4,26.8,7903.18,2139.03,90,0,24670,1,24,Clear,33.9,0,0
2026-09-04 23:33:32,R005,H05,ORD00319,Scooter,On_Delivery,Z02,28.604193,77.053192,10,3.9,27.5,6952.5,2192.11,65,0,16856,2,33,Clear,29.7,0,0
2026-09-04 23:41:09,R001,H03,ORD00344,Scooter,On_Delivery,Z05,28.538127,77.401613,277,13.5,21.5,8642.88,1854.19,83,0,29348,2,29,Clear,29.1,0,0
2026-09-04 23:48:59,R024,H05,ORD00092,Bike,On_Delivery,Z05,28.59386,77.056511,104,8.5,27.0,8088.62,1582.33,58,0,23108,2,24,Clear,33.0,0,1
2026-09-05 00:07:11,R016,H04,ORD00469,EV Scooter,On_Delivery,Z02,28.763277,77.067745,79,15.6,18.6,8128.62,2301.97,80,0,33533,2,46,Clear,32.4,0,0
2026-09-05 00:11:34,R008,H05,ORD00088,Bike,On_Delivery,Z07,28.596607,77.037317,270,7.4,27.3,7928.05,1762.34,58,0,22653,1,35,Clear,30.4,0,0
2026-09-05 00:14:28,R023,H02,ORD00325,Scooter,On_Delivery,Z03,28.461186,77.01394,349,4.3,27.7,7573.58,2360.46,75,2,19300,1,35,Cloudy,30.9,0,0
2026-09-05 00:16:55,R016,H05,ORD00199,Scooter,On_Delivery,Z08,28.589966,77.041243,214,11.4,19.8,8759.43,2133.91,89,0,32212,1,47,Cloudy,29.7,0,0
2026-09-05 00:20:11,R008,H05,ORD00158,Scooter,On_Delivery,Z06,28.58851,77.060584,191,12.2,12.4,8628.95,2529.38,76,0,46189,2,55,Heavy Rain,30.2,3.6,0
2026-09-05 00:24:38,R016,H05,ORD00450,Scooter,On_Delivery,Z07,28.594895,77.038814,323,18.0,26.5,8018.48,2299.15,82,0,21503,2,20,Clear,29.8,0,0
2026-09-05 00:29:12,R003,H01,ORD00008,EV Scooter,On_Delivery,Z08,28.523841,77.203564,350,13.7,23.8,8194.9,1641.12,82,0,25464,2,25,Cloudy,30.1,0,0
2026-09-05 00:36:09,R017,H02,ORD00182,Bike,On_Delivery,Z05,28.458777,77.034317,222,14.3,23.9,6843.43,2151.81,71,0,18958,1,24,Clear,33.7,0,0
2026-09-05 00:36:41,R023,H03,ORD00181,EV Scooter,On_Delivery,Z08,28.531362,77.387329,116,14.8,23.8,7460.6,1549.17,59,0,22522,2,31,Cloudy,31.8,0,0
2026-09-05 00:37:51,R007,H03,ORD00271,Bike,On_Delivery,Z01,28.539668,77.394259,212,4.6,30.3,7567.2,1655.02,78,0,17283,2,25,Cloudy,31.7,0,0
2026-09-05 00:46:15,R025,H05,ORD00239,Bike,On_Delivery,Z06,28.59051,77.059658,309,4.1,27.0,8227.79,2523.43,87,0,21728,1,33,Clear,28.2,0,0
2026-09-05 00:56:55,R004,H03,ORD00034,EV Scooter,On_Delivery,Z04,28.546594,77.392289,149,14.3,23.6,8438.53,1638.3,77,0,29938,2,35,Cloudy,32.0,0,0
2026-09-05 00:58:59,R021,H03,ORD00479,EV Scooter,On_Delivery,Z08,28.530196,77.384644,303,12.1,19.8,8574.44,2583.5,55,0,31104,1,27,Cloudy,30.0,0,0
2026-09-05 01:04:22,R021,H03,ORD00308,Scooter,On_Delivery,Z04,28.551856,77.387253,157,6.3,10.5,8270.56,2479.75,79,0,56772,1,53,Heavy Rain,30.8,8.1,0
2026-09-05 01:07:37,R022,H01,ORD00201,Scooter,On_Delivery,Z07,28.527892,77.199542,331,10.6,21.9,7840.02,1615.48,72,0,28596,2,49,Cloudy,29.3,0,0
2026-09-05 01:17:38,R020,H02,ORD00277,Scooter,On_Delivery,Z03,28.462957,77.017658,8,9.1,28.5,7711.75,2164.54,82,0,20836,1,36,Clear,30.7,0,0
2026-09-05 01:17:59,R023,H01,ORD00346,EV Scooter,On_Delivery,Z03,28.527992,77.201027,298,15.6,14.3,7178.57,1887.38,82,0,38689,2,39,Light Rain,32.8,0.2,0
2026-09-05 01:27:25,R015,H03,ORD00192,Scooter,On_Delivery,Z05,28.537452,77.397364,178,12.8,26.7,7629.48,1652.0,60,0,19466,2,25,Cloudy,33.8,0,0
2026-09-05 01:29:09,R011,H03,ORD00014,EV Scooter,On_Delivery,Z08,28.535422,77.38802,104,16.7,19.2,9011.19,1971.86,77,0,36230,1,36,Cloudy,29.8,0,0
2026-09-05 01:32:29,R004,H05,ORD00488,Bike,On_Delivery,Z08,28.589604,77.040512,54,14.6,29.7,7993.24,2485.72,95,0,19724,2,28,Clear,29.1,0,0
2026-09-05 01:35:35,R014,H02,ORD00423,EV Scooter,On_Delivery,Z04,28.474359,77.020855,23,13.5,18.4,7518.06,2145.84,76,0,28532,1,50,Light Rain,26.8,0.9,0
2026-09-05 01:43:22,R013,H04,ORD00412,EV Scooter,On_Delivery,Z08,28.745799,77.054092,227,8.5,24.1,7431.04,1423.15,59,0,21988,2,29,Clear,31.2,0,0
2026-09-05 01:48:13,R001,H05,ORD00389,Scooter,On_Delivery,Z04,28.604407,77.043883,69,14.1,21.8,7471.3,1669.76,80,0,24303,1,44,Cloudy,29.8,0,0
2026-09-05 01:48:36,R004,H05,ORD00440,EV Scooter,On_Delivery,Z07,28.59544,77.035656,338,12.1,27.9,7132.83,2114.07,95,3,20690,2,32,Clear,31.8,0,0
2026-09-05 01:55:27,R008,H04,ORD00234,Scooter,On_Delivery,Z07,28.751276,77.04374,317,16.7,25.9,6942.82,2017.11,65,0,21901,2,44,Clear,29.8,0,0
2026-09-05 01:56:58,R023,H03,ORD00446,Bike,On_Delivery,Z04,28.546655,77.387438,143,15.3,16.5,8531.84,2063.61,93,0,39111,1,36,Heavy Rain,28.5,6.1,0
2026-09-05 01:59:48,R002,H04,ORD00209,Scooter,On_Delivery,Z08,28.743839,77.053181,252,9.5,26.1,8676.29,2125.46,72,0,25584,2,47,Clear,32.5,0,0
2026-09-05 02:12:54,R025,H05,ORD00207,EV Scooter,On_Delivery,Z07,28.595316,77.0401,156,14.1,23.5,7920.41,1512.62,80,0,26639,1,41,Clear,33.1,0,0
2026-09-05 02:24:37,R022,H04,ORD00066,Bike,On_Delivery,Z08,28.744462,77.04794,261,8.8,17.7,7723.21,2129.66,55,0,31009,1,40,Light Rain,31.8,0.7,0
2026-09-05 02:29:20,R016,H04,ORD00331,Bike,On_Delivery,Z06,28.746728,77.06397,152,14.5,24.2,6903.93,2038.99,79,0,20592,2,43,Clear,34.0,0,0
2026-09-05 02:31:31,R007,H01,ORD00029,EV Scooter,On_Delivery,Z04,28.535533,77.200517,301,16.5,19.2,8236.12,2025.87,63,0,31186,2,40,Clear,32.2,0,0
2026-09-05 02:49:31,R015,H04,ORD00451,Scooter,On_Delivery,Z03,28.753031,77.051195,150,18.0,9.5,7201.51,1674.55,92,0,61173,2,58,Heavy Rain,27.9,5.1,0
2026-09-05 02:59:11,R022,H03,ORD00052,Bike,On_Delivery,Z02,28.545847,77.401049,133,9.0,27.4,7703.08,1812.81,66,0,19830,1,23,Cloudy,30.1,0,0
2026-09-05 03:19:58,R001,H04,ORD00127,Scooter,On_Delivery,Z07,28.75482,77.050165,173,14.1,15.0,7987.04,2054.49,82,0,38665,1,40,Light Rain,32.5,0.5,0
2026-09-05 03:30:02,R022,H04,ORD00251,Bike,On_Delivery,Z06,28.748955,77.064163,96,5.2,31.1,7825.36,1751.43,78,0,19846,2,20,Cloudy,32.6,0,0
2026-09-05 03:40:40,R011,H03,ORD00065,Bike,On_Delivery,Z04,28.543994,77.385818,184,17.6,19.5,7625.99,1501.12,64,0,32429,2,49,Clear,28.5,0,0
2026-09-05 03:41:51,R005,H01,ORD00475,Bike,On_Delivery,Z06,28.522609,77.216064,349,9.0,26.4,7677.78,2115.94,58,0,20247,2,31,Clear,30.8,0,0
2026-09-05 03:43:24,R006,H03,ORD00310,Scooter,On_Delivery,Z06,28.534802,77.402148,300,3.3,21.6,7473.25,2092.84,94,0,24275,2,50,Cloudy,33.1,0,0
2026-09-05 03:46:14,R009,H02,ORD00341,Scooter,On_Delivery,Z03,28.461254,77.017917,92,4.2,23.2,7065.08,1801.59,61,0,25136,2,33,Light Rain,27.8,1.1,0
2026-09-05 03:49:30,R008,H04,ORD00406,Bike,On_Delivery,Z04,28.759359,77.057105,333,9.4,21.1,8011.92,1729.76,67,0,30372,1,53,Light Rain,29.4,2.8,0
2026-09-05 03:50:01,R015,H02,ORD00477,EV Scooter,On_Delivery,Z05,28.46291,77.037061,61,3.5,21.6,6831.48,1950.03,77,0,21633,1,37,Clear,34.0,0,0
2026-09-05 03:54:02,R015,H04,ORD00226,Bike,On_Delivery,Z05,28.749987,77.063138,162,9.6,27.2,8909.0,2212.61,68,0,23624,1,46,Cloudy,30.1,0,1
2026-09-05 04:03:49,R001,H02,ORD00467,Bike,On_Delivery,Z02,28.469403,77.033769,54,16.6,19.0,7067.78,1670.36,94,0,27974,2,46,Light Rain,32.7,1.0,0
2026-09-05 04:06:35,R014,H02,ORD00441,Scooter,On_Delivery,Z07,28.464564,77.021115,93,11.0,12.4,7930.6,2367.78,58,0,49534,2,60,Heavy Rain,31.0,7.5,0
2026-09-05 04:07:08,R023,H03,ORD00100,Scooter,On_Delivery,Z06,28.536235,77.400402,307,14.2,23.4,8170.94,2143.66,79,0,26520,2,44,Cloudy,28.5,0,0
2026-09-05 04:12:37,R002,H04,ORD00269,Scooter,On_Delivery,Z07,28.754296,77.050211,261,6.4,27.4,7534.34,1435.84,74,0,18655,2,33,Clear,33.9,0,0
2026-09-05 04:14:01,R016,H04,ORD00135,Bike,On_Delivery,Z04,28.758651,77.052857,171,8.3,16.9,8339.56,2462.76,83,0,36064,2,40,Light Rain,33.1,1.7,0
2026-09-05 04:16:10,R025,H02,ORD00144,EV Scooter,On_Delivery,Z05,28.460235,77.038658,175,7.3,28.0,7505.57,1666.22,59,0,19044,1,32,Clear,31.2,0,0
2026-09-05 04:18:01,R006,H04,ORD00187,Scooter,On_Delivery,Z08,28.747111,77.050369,359,14.2,32.4,8267.74,1578.95,88,0,17561,1,21,Cloudy,31.7,0,0
2026-09-05 04:18:09,R019,H05,ORD00055,Scooter,On_Delivery,Z04,28.605131,77.041064,250,4.0,12.0,8723.21,2167.97,69,0,49486,2,38,Heavy Rain,26.5,11.6,0
2026-09-05 04:18:53,R013,H05,ORD00408,EV Scooter,On_Delivery,Z07,28.598156,77.03623,297,9.3,27.6,7039.37,2089.12,62,0,18859,2,30,Cloudy,33.3,0,0
2026-09-05 04:29:30,R015,H05,ORD00265,Bike,On_Delivery,Z08,28.588996,77.037714,56,13.8,25.4,7123.19,2042.42,78,0,19442,2,35,Cloudy,31.5,0,0
2026-09-05 04:29:51,R009,H01,ORD00056,Bike,On_Delivery,Z03,28.52826,77.196849,209,10.8,19.5,8276.12,2006.18,64,0,28445,1,48,Light Rain,31.0,2.8,0
2026-09-05 04:46:08,R001,H01,ORD00500,Scooter,On_Delivery,Z08,28.52275,77.199977,237,11.4,23.4,6996.71,1749.38,78,1,24230,2,43,Cloudy,31.6,0,0
2026-09-05 04:49:02,R021,H02,ORD00084,Scooter,On_Delivery,Z06,28.457966,77.038734,233,3.7,15.4,8354.45,2476.1,57,0,41576,2,56,Light Rain,27.0,2.9,0
2026-09-05 05:10:34,R009,H04,ORD00078,Scooter,On_Delivery,Z08,28.743838,77.051057,331,17.1,25.3,7934.66,1863.56,90,0,25717,2,41,Clear,32.7,0,0
2026-09-05 05:12:32,R004,H04,ORD00495,Scooter,On_Delivery,Z07,28.755981,77.048873,226,5.5,20.4,7395.94,1962.36,84,0,27739,2,35,Clear,31.3,0,0
2026-09-05 05:14:32,R020,H04,ORD00356,Bike,On_Delivery,Z05,28.754145,77.064486,335,8.1,21.8,8410.54,2302.81,90,0,30408,2,34,Clear,33.7,0,0
2026-09-05 05:15:29,R014,H01,ORD00272,Scooter,On_Delivery,Z05,28.52877,77.219821,120,13.2,26.7,8691.03,2363.51,87,0,23951,1,36,Clear,28.9,0,0
2026-09-05 05:19:03,R007,H03,ORD00304,Scooter,On_Delivery,Z07,28.536151,77.383497,271,16.3,25.6,7356.45,1520.07,58,0,23422,2,27,Clear,29.7,0,0
2026-09-05 05:28:12,R018,H04,ORD00279,Bike,On_Delivery,Z06,28.74818,77.064988,106,3.0,27.6,8694.86,2418.31,79,0,26275,2,34,Clear,31.9,0,0
2026-09-05 05:34:39,R006,H02,ORD00300,EV Scooter,On_Delivery,Z07,28.464025,77.016721,216,11.6,15.9,8084.67,1854.3,76,0,33591,1,59,Light Rain,30.3,1.2,0
2026-09-05 05:38:01,R017,H03,ORD00353,Scooter,On_Delivery,Z05,28.533554,77.396949,183,10.7,23.6,8285.01,1661.78,65,0,25695,1,30,Clear,31.1,0,0
2026-09-05 05:58:53,R020,H03,ORD00128,Scooter,On_Delivery,Z07,28.53984,77.383188,272,6.2,17.1,7494.67,1849.53,71,0,30991,2,38,Light Rain,31.2,1.9,0
2026-09-05 06:05:25,R008,H05,ORD00459,Bike,On_Delivery,Z03,28.59256,77.040854,264,3.8,25.4,7950.89,2295.95,86,0,24527,1,30,Cloudy,33.1,0,0
2026-09-05 06:14:01,R014,H05,ORD00017,Bike,On_Delivery,Z03,28.592935,77.04141,294,12.5,30.4,8857.72,2081.89,60,0,24435,2,32,Cloudy,31.2,0,0
2026-09-05 06:14:19,R002,H01,ORD00117,EV Scooter,On_Delivery,Z06,28.521048,77.213361,250,5.4,20.3,8887.0,2237.53,69,0,31070,1,45,Cloudy,31.3,0,0
2026-09-05 06:32:34,R022,H04,ORD00202,Bike,On_Delivery,Z07,28.756689,77.04851,214,13.5,11.7,8160.93,2534.53,87,2,52195,1,69,Heavy Rain,31.2,3.8,0
2026-09-05 06:33:06,R003,H02,ORD00263,Scooter,On_Delivery,Z02,28.465948,77.031382,41,6.9,26.1,7769.93,1793.25,90,0,21516,2,27,Clear,33.9,0,0
2026-09-05 06:34:15,R003,H03,ORD00345,Bike,On_Delivery,Z05,28.539407,77.403205,78,8.0,24.7,8182.83,1767.72,83,0,22838,2,37,Clear,29.7,0,0
2026-09-05 06:41:52,R018,H01,ORD00401,Bike,On_Delivery,Z04,28.5365,77.205902,39,4.5,27.2,8510.36,1773.44,75,0,25136,2,31,Clear,32.3,0,0
2026-09-05 06:42:41,R002,H04,ORD00457,EV Scooter,On_Delivery,Z06,28.750477,77.066301,46,13.5,20.1,7934.76,1581.01,95,1,31078,2,47,Clear,32.3,0,0
2026-09-05 06:45:25,R011,H01,ORD00414,Bike,On_Delivery,Z03,28.529172,77.198055,13,12.6,33.7,7297.2,1466.23,71,0,14734,1,22,Clear,30.3,0,0
2026-09-05 07:01:53,R018,H02,ORD00275,Bike,On_Delivery,Z06,28.456539,77.034571,195,9.5,25.7,7454.42,1591.88,66,0,20055,2,43,Clear,31.6,0,0
2026-09-05 07:02:14,R003,H02,ORD00026,Bike,On_Delivery,Z04,28.471899,77.02599,271,4.2,25.2,7759.74,1912.55,79,0,22051,1,37,Clear,33.7,0,0
2026-09-05 07:11:21,R022,H03,ORD00474,Scooter,On_Delivery,Z08,28.533889,77.388168,301,13.7,25.2,8238.75,1722.33,64,0,25948,1,43,Clear,33.4,0,0
2026-09-05 07:16:01,R001,H02,ORD00018,EV Scooter,On_Delivery,Z07,28.466986,77.021164,240,14.1,17.4,7474.82,1795.49,84,0,31590,1,56,Light Rain,31.9,0.2,0
2026-09-05 07:17:53,R005,H03,ORD00074,Bike,On_Delivery,Z03,28.537232,77.382979,297,10.8,11.2,8974.38,2158.81,78,0,57517,1,59,Heavy Rain,29.6,8.7,0
2026-09-05 07:18:11,R014,H01,ORD00340,EV Scooter,On_Delivery,Z04,28.535411,77.205211,283,13.0,17.1,7256.61,2254.32,89,0,31249,2,47,Clear,31.6,0,0
2026-09-05 07:32:43,R007,H01,ORD00410,Scooter,On_Delivery,Z07,28.531631,77.196987,65,14.8,21.9,7084.59,2146.12,78,0,24148,1,43,Cloudy,31.2,0,0
2026-09-05 07:45:40,R002,H03,ORD00289,EV Scooter,On_Delivery,Z02,28.545346,77.398674,188,14.6,20.5,7387.84,2092.63,76,0,24753,1,44,Clear,33.2,0,0
2026-09-05 07:49:12,R016,H03,ORD00288,EV Scooter,On_Delivery,Z04,28.547298,77.388093,70,15.7,13.7,7980.91,1877.83,79,0,42818,1,47,Light Rain,31.8,2.4,0
2026-09-05 07:49:53,R010,H03,ORD00247,Bike,On_Delivery,Z01,28.539594,77.391198,12,8.8,23.8,8072.54,1606.0,62,0,25726,2,27,Clear,31.8,0,0
2026-09-05 07:53:33,R007,H03,ORD00361,Scooter,On_Delivery,Z03,28.540679,77.384102,188,10.3,24.0,7784.41,1985.53,77,0,26265,1,29,Clear,30.8,0,0
2026-09-05 07:56:13,R008,H04,ORD00043,EV Scooter,On_Delivery,Z08,28.743234,77.054516,162,9.2,13.2,7422.54,1940.1,68,0,44609,1,55,Light Rain,32.6,1.1,0
2026-09-05 08:06:20,R024,H04,ORD00470,Scooter,On_Delivery,Z02,28.754062,77.062699,245,7.4,12.8,7861.65,1506.28,88,0,50856,2,85,Light Rain,30.7,2.8,0
2026-09-05 08:11:22,R010,H03,ORD00097,EV Scooter,On_Delivery,Z06,28.537432,77.400257,165,18.0,12.6,7831.33,2179.32,95,0,43447,1,74,Light Rain,31.9,2.2,0
2026-09-05 08:15:34,R004,H05,ORD00119,EV Scooter,On_Delivery,Z07,28.597855,77.041097,195,12.0,17.6,8176.17,1937.84,67,0,36390,2,67,Clear,28.6,0,0
2026-09-05 08:20:03,R005,H04,ORD00483,Bike,On_Delivery,Z06,28.744958,77.062468,239,15.7,21.9,7776.77,2088.12,58,2,26692,1,62,Clear,30.4,0,0
2026-09-05 08:21:18,R017,H01,ORD00148,Bike,On_Delivery,Z02,28.534737,77.213413,289,5.3,16.1,8044.59,1681.8,71,0,41885,1,84,Clear,29.1,0,0
2026-09-05 08:21:55,R021,H02,ORD00050,Bike,On_Delivery,Z02,28.466224,77.030015,290,5.9,17.0,8286.49,1795.21,56,0,36022,1,69,Clear,33.1,0,0
2026-09-05 08:30:41,R014,H03,ORD00490,Scooter,On_Delivery,Z08,28.530254,77.389899,165,11.3,7,7998.11,1972.53,69,0,93569,1,96,Heavy Rain,30.4,4.8,0
2026-09-05 08:38:30,R022,H01,ORD00013,Scooter,On_Delivery,Z02,28.534039,77.213488,64,9.4,15.6,7298.91,2089.31,56,0,34140,2,81,Clear,31.3,0,0
2026-09-05 08:52:20,R009,H03,ORD00461,EV Scooter,On_Delivery,Z02,28.544881,77.396619,85,16.2,16.3,7833.6,1637.41,83,4,38225,2,79,Clear,28.7,0,0
2026-09-05 08:54:31,R003,H02,ORD00397,EV Scooter,On_Delivery,Z04,28.473623,77.021182,1,15.2,8.4,7027.77,2089.84,55,0,64097,1,96,Light Rain,31.4,2.6,0
2026-09-05 08:56:04,R011,H04,ORD00462,Scooter,On_Delivery,Z06,28.749424,77.065429,212,10.1,18.5,8100.41,2124.38,84,0,32090,2,70,Cloudy,32.2,0,0
2026-09-05 09:03:09,R025,H03,ORD00258,EV Scooter,On_Delivery,Z03,28.538683,77.383575,82,9.9,13.0,8468.9,2021.93,60,0,53304,2,81,Cloudy,29.0,0,0
2026-09-05 09:03:49,R019,H01,ORD00098,EV Scooter,On_Delivery,Z05,28.524707,77.215399,80,17.1,14.1,8629.01,1751.24,56,0,51373,1,75,Clear,28.4,0,0
2026-09-05 09:05:21,R006,H03,ORD00175,EV Scooter,On_Delivery,Z05,28.539328,77.397122,85,17.5,7.1,7741.5,1574.58,66,0,74578,2,100,Heavy Rain,25.7,10.8,0
2026-09-05 09:10:53,R008,H01,ORD00075,Scooter,On_Delivery,Z01,28.529087,77.209182,282,8.3,16.5,7324.32,1403.3,69,0,33857,1,69,Cloudy,28.9,0,0
2026-09-05 09:14:35,R003,H04,ORD00229,Bike,On_Delivery,Z02,28.760462,77.067652,212,9.2,19.7,8344.24,2240.4,81,0,28894,1,77,Clear,28.0,0,0
2026-09-05 09:19:55,R013,H05,ORD00154,EV Scooter,On_Delivery,Z06,28.592738,77.055452,106,12.8,7.8,9227.03,1952.99,70,0,84309,1,90,Light Rain,28.6,2.2,0
2026-09-05 09:26:51,R012,H03,ORD00372,Scooter,On_Delivery,Z06,28.535269,77.401092,177,16.0,12.1,8715.12,2011.24,76,0,53393,2,85,Cloudy,29.3,0,0
2026-09-05 09:26:52,R006,H04,ORD00328,Bike,On_Delivery,Z02,28.758748,77.063708,233,12.7,18.0,7780.81,1822.73,90,0,35046,2,81,Clear,29.4,0,0
2026-09-05 09:32:00,R001,H02,ORD00019,EV Scooter,On_Delivery,Z04,28.471378,77.027504,84,4.8,16.3,6873.71,2126.61,72,0,30218,2,66,Cloudy,30.9,0,0
2026-09-05 09:36:11,R002,H01,ORD00086,EV Scooter,On_Delivery,Z02,28.532707,77.215154,234,8.8,11.2,8635.38,1834.43,69,0,61723,2,82,Cloudy,29.2,0,0
2026-09-05 09:37:40,R015,H01,ORD00217,Bike,On_Delivery,Z04,28.534967,77.206525,65,10.4,21.0,9080.54,1733.52,66,0,34179,2,66,Clear,30.8,0,0
2026-09-05 09:45:14,R003,H05,ORD00061,Bike,On_Delivery,Z07,28.596034,77.037389,202,12.5,17.5,8209.94,2455.84,67,0,37350,2,82,Clear,31.6,0,0
2026-09-05 09:45:29,R024,H04,ORD00212,EV Scooter,On_Delivery,Z01,28.755229,77.061132,327,16.4,16.1,8809.75,1957.63,58,0,42801,1,82,Clear,30.7,0,0
2026-09-05 09:50:07,R020,H04,ORD00448,Bike,On_Delivery,Z01,28.757686,77.062252,138,3.9,15.1,6978.2,2080.39,59,0,34114,2,79,Cloudy,28.8,0,0
2026-09-05 09:50:41,R010,H02,ORD00063,EV Scooter,On_Delivery,Z05,28.461705,77.038026,289,17.6,17.4,8775.83,1990.07,76,0,39538,1,64,Cloudy,28.1,0,0
2026-09-05 09:56:45,R010,H05,ORD00466,Bike,On_Delivery,Z05,28.592813,77.055797,144,11.6,18.3,9156.91,1904.56,74,3,40076,1,82,Clear,30.6,0,0
2026-09-05 09:59:32,R024,H05,ORD00391,Scooter,On_Delivery,Z01,28.598931,77.052686,172,4.0,15.1,9017.21,2197.51,87,0,39436,1,86,Clear,33.5,0,0
2026-09-05 10:10:05,R001,H03,ORD00168,Scooter,On_Delivery,Z06,28.532771,77.402793,104,3.5,16.1,7330.7,2105.84,91,0,32423,1,82,Clear,30.9,0,0
2026-09-05 10:10:10,R013,H01,ORD00195,EV Scooter,On_Delivery,Z07,28.529281,77.201002,226,10.3,7.9,7684.16,1783.4,95,0,75861,2,91,Light Rain,31.1,1.9,1
2026-09-05 10:15:18,R021,H05,ORD00429,Scooter,On_Delivery,Z07,28.598977,77.036264,285,5.6,17.4,8514.05,2244.82,67,1,36417,2,60,Clear,32.2,0,0
2026-09-05 10:15:44,R021,H02,ORD00249,EV Scooter,On_Delivery,Z01,28.467164,77.03377,73,15.3,20.4,8036.31,2136.72,81,0,32586,1,64,Clear,33.2,0,0
2026-09-05 10:24:34,R023,H01,ORD00115,EV Scooter,On_Delivery,Z01,28.527557,77.214485,91,9.8,11.6,8027.85,2460.48,67,0,48272,2,71,Light Rain,32.1,2.3,1
2026-09-05 10:34:27,R006,H01,ORD00449,Scooter,On_Delivery,Z02,28.53237,77.211578,123,16.9,13.1,8400.02,2238.8,58,0,52807,2,89,Cloudy,32.3,0,1
2026-09-05 10:38:58,R023,H05,ORD00222,Scooter,On_Delivery,Z01,28.596231,77.051778,315,6.8,17.2,7000.03,2165.52,90,0,34059,1,78,Clear,31.9,0,1
2026-09-05 10:40:57,R019,H05,ORD00216,Scooter,On_Delivery,Z07,28.595532,77.038709,121,12.3,17.2,7831.76,1639.58,92,0,31407,1,72,Clear,29.3,0,0
2026-09-05 10:41:16,R004,H03,ORD00083,Scooter,On_Delivery,Z04,28.544974,77.387834,25,3.5,13.9,8310.42,2255.39,85,2,43665,2,89,Cloudy,30.3,0,0
2026-09-05 10:52:14,R018,H01,ORD00004,Bike,On_Delivery,Z03,28.530479,77.197758,110,10.0,17.0,6920.04,1966.57,68,4,27308,2,81,Clear,29.1,0,1
2026-09-05 10:53:25,R004,H03,ORD00124,Scooter,On_Delivery,Z02,28.542942,77.39589,133,17.7,7,7386.77,1922.82,74,0,71362,1,100,Heavy Rain,26.4,9.5,0
2026-09-05 10:56:32,R021,H02,ORD00492,Scooter,On_Delivery,Z08,28.455637,77.025481,118,8.8,12.7,9375.76,1802.97,90,0,52685,2,78,Cloudy,29.2,0,0
2026-09-05 10:58:01,R002,H02,ORD00417,Scooter,On_Delivery,Z03,28.4611,77.016388,271,6.9,9.9,7545.74,2064.84,92,0,59012,2,81,Heavy Rain,31.7,8.2,0
2026-09-05 10:59:48,R024,H03,ORD00244,Scooter,On_Delivery,Z01,28.539475,77.395287,307,4.6,12.1,8148.61,2049.68,62,0,47436,2,82,Cloudy,29.9,0,0
2026-09-05 11:01:23,R001,H01,ORD00137,Scooter,On_Delivery,Z02,28.533692,77.218736,290,8.1,26.0,8050.85,2442.8,77,0,21795,1,46,Cloudy,30.2,0,0
2026-09-05 11:09:29,R023,H01,ORD00294,EV Scooter,On_Delivery,Z08,28.524521,77.202562,114,8.1,10.8,7841.61,1557.88,78,0,52322,2,72,Light Rain,29.0,1.1,0
2026-09-05 11:19:14,R022,H05,ORD00427,Bike,On_Delivery,Z08,28.588052,77.041872,217,16.7,14.4,8403.17,2581.32,60,0,42181,2,79,Light Rain,33.1,3.0,0
2026-09-05 11:19:33,R004,H04,ORD00053,Bike,On_Delivery,Z02,28.759325,77.063257,280,15.5,15.9,9201.4,1866.25,64,0,47963,2,53,Light Rain,32.5,0.3,0
2026-09-05 11:20:56,R017,H03,ORD00268,Scooter,On_Delivery,Z05,28.540092,77.397195,299,14.3,14.6,7075.56,1730.81,68,3,32691,2,46,Light Rain,32.0,0.9,0
2026-09-05 11:23:46,R020,H02,ORD00382,EV Scooter,On_Delivery,Z01,28.462531,77.028942,48,15.9,17.4,8429.64,2384.49,62,0,34060,1,69,Clear,28.8,0,0
2026-09-05 11:24:49,R014,H03,ORD00167,Bike,On_Delivery,Z06,28.53317,77.399197,237,10.4,30.3,7255.42,1591.91,85,0,18563,2,39,Clear,32.6,0,0
2026-09-05 11:25:15,R018,H01,ORD00290,Scooter,On_Delivery,Z02,28.53357,77.214226,269,8.8,18.5,8458.47,1765.61,72,0,30706,1,69,Clear,30.6,0,0
2026-09-05 11:27:31,R021,H05,ORD00482,Scooter,On_Delivery,Z04,28.599541,77.040809,176,17.5,24.8,8911.3,2271.3,62,0,28499,2,49,Clear,33.0,0,0
2026-09-05 11:38:01,R010,H05,ORD00396,EV Scooter,On_Delivery,Z06,28.591764,77.053992,301,6.2,24.4,7844.44,2146.57,93,0,25370,2,40,Cloudy,29.7,0,0
2026-09-05 11:41:00,R004,H04,ORD00349,EV Scooter,On_Delivery,Z08,28.746666,77.052599,90,16.4,18.2,8758.17,2447.11,67,0,37699,2,58,Clear,31.3,0,0
2026-09-05 11:41:37,R009,H01,ORD00073,Bike,On_Delivery,Z03,28.526961,77.197827,306,10.8,13.2,7426.33,2274.47,87,0,44782,2,60,Heavy Rain,30.8,3.3,0
2026-09-05 11:42:08,R014,H05,ORD00313,Scooter,On_Delivery,Z06,28.590457,77.052884,245,17.2,20.9,7603.15,1760.81,89,0,25163,2,60,Cloudy,28.9,0,1
2026-09-05 11:47:35,R017,H01,ORD00134,Bike,On_Delivery,Z07,28.528893,77.199853,304,6.9,12.6,8469.06,1937.47,90,0,54736,2,80,Light Rain,31.7,2.2,0
2026-09-05 11:47:46,R017,H01,ORD00431,Scooter,On_Delivery,Z04,28.536863,77.207522,28,10.0,20.7,8931.89,1866.23,65,0,35649,1,40,Clear,29.0,0,1
2026-09-05 11:49:43,R010,H03,ORD00287,Bike,On_Delivery,Z01,28.541018,77.391868,169,13.2,25.8,7398.21,1627.6,60,0,23576,1,44,Cloudy,32.2,0,0
2026-09-05 11:51:16,R009,H02,ORD00120,EV Scooter,On_Delivery,Z03,28.45927,77.018614,299,9.7,19.7,7345.45,1986.08,94,0,27995,1,40,Clear,33.4,0,0
2026-09-05 11:55:28,R016,H04,ORD00364,Scooter,On_Delivery,Z07,28.755068,77.048054,153,6.8,21.6,7588.03,1771.35,70,0,25938,2,57,Cloudy,32.8,0,0
2026-09-05 12:10:00,R024,H05,ORD00218,Bike,On_Delivery,Z01,28.597983,77.053428,206,16.2,18.4,8069.97,1947.07,87,0,33954,2,60,Clear,33.7,0,0
2026-09-05 12:23:01,R014,H04,ORD00160,Scooter,On_Delivery,Z03,28.754412,77.045478,92,4.7,22.4,6819.26,1911.51,62,0,20801,1,54,Clear,32.3,0,0
2026-09-05 12:26:51,R012,H05,ORD00360,Scooter,On_Delivery,Z05,28.594798,77.059706,272,17.2,11.9,7375.4,2127.56,86,0,51983,2,69,Light Rain,27.5,1.6,0
2026-09-05 12:30:25,R016,H05,ORD00227,EV Scooter,On_Delivery,Z06,28.590545,77.052269,12,16.7,13.7,7972.56,1648.81,73,0,43363,1,62,Light Rain,32.0,2.6,0
2026-09-05 12:40:07,R023,H05,ORD00292,EV Scooter,On_Delivery,Z02,28.604291,77.049841,332,15.6,20.2,7692.33,2158.4,65,0,31640,1,58,Clear,31.3,0,0
2026-09-05 12:50:25,R022,H01,ORD00046,Bike,On_Delivery,Z06,28.525999,77.215966,85,8.6,7.3,8670.68,1850.64,89,0,93223,1,86,Heavy Rain,29.8,10.7,0
2026-09-05 13:11:05,R001,H02,ORD00283,Scooter,On_Delivery,Z03,28.463477,77.021322,256,8.1,19.8,8722.81,1749.49,70,0,35721,2,54,Clear,30.7,0,0
2026-09-05 13:11:21,R019,H01,ORD00155,Bike,On_Delivery,Z04,28.537412,77.203018,62,13.1,19.1,8061.0,2089.98,67,0,31205,2,49,Cloudy,32.7,0,0
2026-09-05 13:16:46,R003,H04,ORD00256,EV Scooter,On_Delivery,Z03,28.752623,77.047697,336,5.1,11.3,7362.4,1669.34,73,1,51084,2,62,Heavy Rain,30.8,9.0,0
2026-09-05 13:19:47,R025,H04,ORD00486,EV Scooter,On_Delivery,Z05,28.755052,77.071622,180,10.7,10.5,6950.62,2068.7,55,0,43708,2,72,Light Rain,32.6,2.0,0
2026-09-05 13:21:42,R019,H04,ORD00185,Bike,On_Delivery,Z08,28.745864,77.048893,145,15.7,23.3,8067.46,2274.61,94,0,24462,2,57,Clear,32.9,0,0
2026-09-05 13:24:36,R002,H03,ORD00374,EV Scooter,On_Delivery,Z02,28.543509,77.395531,66,4.7,13.8,8551.79,2193.34,85,0,51475,1,74,Light Rain,30.2,1.4,0
2026-09-05 13:25:22,R011,H02,ORD00375,EV Scooter,On_Delivery,Z02,28.46961,77.032611,68,9.4,20.4,7345.22,1911.31,89,0,28885,1,61,Clear,31.6,0,0
2026-09-05 13:27:50,R008,H04,ORD00342,Bike,On_Delivery,Z03,28.755052,77.047391,31,17.5,20.7,8441.84,2346.47,80,0,32064,2,58,Clear,28.2,0,0
2026-09-05 13:30:26,R007,H03,ORD00303,Bike,On_Delivery,Z05,28.535381,77.404166,227,4.0,24.5,7677.44,2309.21,81,0,23485,1,48,Cloudy,28.3,0,0
2026-09-05 13:33:17,R022,H04,ORD00329,Bike,On_Delivery,Z05,28.750618,77.072494,92,3.7,17.0,7642.91,2297.25,76,0,35020,2,54,Light Rain,30.4,1.4,0
2026-09-05 13:44:49,R004,H05,ORD00299,Scooter,On_Delivery,Z02,28.59781,77.054402,115,16.3,13.7,8966.12,1750.49,74,0,52783,1,70,Clear,30.3,0,0
2026-09-05 14:05:03,R002,H03,ORD00152,Scooter,On_Delivery,Z02,28.543245,77.396516,291,16.9,19.5,7562.7,1658.32,71,0,27728,1,49,Clear,32.5,0,0
2026-09-05 14:07:25,R014,H05,ORD00129,Bike,On_Delivery,Z07,28.596524,77.041242,25,13.7,24.5,9232.03,1877.76,65,0,26039,1,60,Clear,29.0,0,0
2026-09-05 14:08:49,R012,H05,ORD00139,EV Scooter,On_Delivery,Z07,28.595287,77.039197,236,17.7,18.3,7671.97,1501.89,64,0,31598,1,51,Light Rain,31.5,2.7,0
2026-09-05 14:12:32,R008,H02,ORD00172,Bike,On_Delivery,Z01,28.462319,77.029896,105,9.0,11.7,8380.94,1652.82,75,0,51137,2,73,Light Rain,32.3,1.6,0
2026-09-05 14:17:46,R020,H02,ORD00099,EV Scooter,On_Delivery,Z03,28.458195,77.019182,329,16.5,20.3,7997.78,1842.53,61,0,29444,1,46,Clear,33.9,0,0
2026-09-05 14:27:03,R022,H02,ORD00252,Scooter,On_Delivery,Z04,28.468714,77.024104,18,4.4,11.5,7815.45,1666.64,83,0,54832,1,78,Light Rain,28.0,2.7,0
2026-09-05 14:28:25,R006,H03,ORD00104,EV Scooter,On_Delivery,Z02,28.542362,77.396518,104,13.2,26.9,7595.8,1733.84,61,0,23693,1,37,Clear,30.4,0,0
2026-09-05 14:28:29,R019,H05,ORD00232,Scooter,On_Delivery,Z03,28.593341,77.040074,125,16.9,17.9,8081.84,1658.95,55,0,36479,1,70,Cloudy,30.2,0,0
2026-09-05 14:28:50,R021,H04,ORD00005,Scooter,On_Delivery,Z07,28.751842,77.05014,90,11.9,11.8,7977.1,1996.46,79,0,46978,2,64,Light Rain,30.5,0.2,0
2026-09-05 14:39:02,R020,H01,ORD00215,EV Scooter,On_Delivery,Z05,28.528218,77.218825,63,11.3,15.5,7571.23,1962.08,74,0,34127,1,69,Cloudy,33.3,0,0
2026-09-05 14:39:39,R019,H05,ORD00009,Bike,On_Delivery,Z04,28.60202,77.044294,352,6.0,16.1,8037.87,2025.84,74,0,33008,1,56,Light Rain,26.9,0.5,0
2026-09-05 14:41:19,R001,H02,ORD00425,Bike,On_Delivery,Z01,28.46685,77.031586,205,13.3,21.0,7448.51,2301.47,90,0,27092,2,53,Clear,30.2,0,0
2026-09-05 14:42:04,R004,H04,ORD00383,Scooter,On_Delivery,Z07,28.756422,77.043264,263,3.9,22.0,7789.85,2291.67,55,0,27322,1,53,Clear,29.1,0,0
2026-09-05 14:42:07,R013,H03,ORD00259,Scooter,On_Delivery,Z03,28.538317,77.385338,71,11.9,9.6,7090.54,2165.34,79,0,56494,2,59,Heavy Rain,31.5,3.8,0
2026-09-05 14:44:33,R013,H04,ORD00006,Scooter,On_Delivery,Z02,28.757005,77.060878,179,17.8,17.5,7228.17,1467.38,61,0,32734,2,56,Light Rain,31.2,1.4,0
2026-09-05 14:46:01,R016,H04,ORD00366,Bike,On_Delivery,Z06,28.746823,77.064037,51,15.2,21.1,7539.68,2205.08,63,0,28183,2,48,Clear,29.9,0,0
2026-09-05 14:54:26,R018,H05,ORD00025,Bike,On_Delivery,Z07,28.59654,77.03988,80,4.0,25.9,7753.9,1536.26,89,0,20088,1,47,Cloudy,30.1,0,0
2026-09-05 14:56:30,R001,H04,ORD00365,Bike,On_Delivery,Z07,28.754259,77.047216,57,5.8,24.9,8390.47,2424.46,69,0,24701,1,54,Cloudy,32.1,0,0
2026-09-05 14:57:44,R025,H02,ORD00208,Bike,On_Delivery,Z03,28.462551,77.014497,209,4.5,25.4,7438.08,2204.04,78,0,19342,2,40,Clear,31.4,0,0
2026-09-05 14:58:14,R003,H04,ORD00126,Bike,On_Delivery,Z06,28.745132,77.065003,30,3.1,24.4,9250.67,1871.84,87,0,28551,1,40,Cloudy,28.7,0,0
2026-09-05 15:02:37,R003,H05,ORD00444,EV Scooter,On_Delivery,Z08,28.590806,77.040758,58,13.9,25.9,7356.8,1666.44,95,4,22512,2,39,Clear,32.9,0,0
2026-09-05 15:15:06,R002,H01,ORD00416,EV Scooter,On_Delivery,Z01,28.527663,77.207543,343,9.9,18.6,8084.93,2341.03,63,0,32087,2,69,Clear,32.8,0,0
2026-09-05 15:15:07,R002,H04,ORD00261,EV Scooter,On_Delivery,Z08,28.744715,77.050729,200,15.4,18.8,8317.15,2463.23,95,0,35825,2,70,Clear,29.4,0,0
2026-09-05 15:18:43,R004,H03,ORD00335,Bike,On_Delivery,Z07,28.544101,77.377718,161,7.3,17.3,7331.16,2180.82,84,0,29356,2,67,Cloudy,30.9,0,0
2026-09-05 15:23:03,R011,H05,ORD00242,EV Scooter,On_Delivery,Z05,28.593118,77.055738,65,11.3,18.1,6977.09,1979.02,90,0,27438,1,51,Clear,28.5,0,0
2026-09-05 15:24:32,R024,H01,ORD00468,Bike,On_Delivery,Z02,28.532561,77.215729,259,17.4,20.1,8669.98,1972.51,73,0,28514,1,70,Clear,30.1,0,0
2026-09-05 15:37:52,R004,H02,ORD00321,Scooter,On_Delivery,Z01,28.466764,77.032771,117,15.4,15.7,7927.74,1732.15,82,0,38410,2,71,Light Rain,31.0,2.2,0
2026-09-05 15:43:06,R004,H04,ORD00060,Scooter,On_Delivery,Z04,28.763405,77.051867,191,4.0,20.3,7004.1,2133.7,56,0,23437,1,67,Cloudy,32.7,0,0
2026-09-05 15:45:52,R022,H03,ORD00021,Scooter,On_Delivery,Z06,28.531812,77.401188,147,9.3,19.7,8614.19,2533.33,89,0,30583,2,60,Cloudy,30.0,0,0
2026-09-05 15:48:45,R022,H04,ORD00038,EV Scooter,On_Delivery,Z02,28.755831,77.063748,93,13.3,14.3,8462.41,2123.45,58,0,41699,1,75,Light Rain,28.2,0.6,0
2026-09-05 15:49:03,R004,H02,ORD00054,EV Scooter,On_Delivery,Z06,28.457967,77.033512,348,13.5,25.3,7333.7,1436.32,82,0,23562,1,38,Clear,28.6,0,0
2026-09-05 15:57:03,R001,H04,ORD00472,Bike,On_Delivery,Z03,28.753554,77.049426,297,4.4,10.5,8381.35,2584.19,76,0,65571,1,67,Heavy Rain,28.6,5.6,0
2026-09-05 15:57:14,R001,H04,ORD00042,Scooter,On_Delivery,Z02,28.760753,77.062934,232,10.9,10.0,8210.56,2584.8,64,0,56875,2,69,Heavy Rain,31.5,5.6,0
2026-09-05 16:03:33,R015,H01,ORD00388,EV Scooter,On_Delivery,Z02,28.533534,77.211329,315,13.2,17.8,8464.91,2086.21,69,0,38981,1,64,Clear,33.2,0,0
2026-09-05 16:31:41,R014,H03,ORD00480,Bike,On_Delivery,Z04,28.548759,77.390565,26,9.9,16.4,8566.15,2661.13,77,0,36261,2,67,Cloudy,31.7,0,0
2026-09-05 16:32:32,R009,H02,ORD00223,Bike,On_Delivery,Z04,28.470404,77.025444,84,9.9,16.7,8277.46,1987.54,78,0,39105,2,62,Clear,29.8,0,0
2026-09-05 16:36:36,R019,H03,ORD00228,EV Scooter,On_Delivery,Z04,28.548404,77.39037,321,10.3,20.3,8458.81,2494.29,95,0,29627,1,42,Clear,30.5,0,0
2026-09-05 16:42:05,R019,H05,ORD00316,EV Scooter,On_Delivery,Z03,28.595302,77.037683,141,10.3,18.2,7805.86,1794.79,66,0,32073,1,69,Clear,31.5,0,0
2026-09-05 16:44:26,R015,H03,ORD00311,EV Scooter,On_Delivery,Z06,28.530987,77.399225,136,12.5,18.9,7442.01,1530.38,75,0,26372,1,50,Light Rain,29.0,2.0,0
2026-09-05 16:49:17,R009,H03,ORD00170,Scooter,On_Delivery,Z04,28.544524,77.391373,56,15.6,20.8,8239.52,1996.46,91,0,27046,1,56,Clear,29.1,0,0
2026-09-05 16:54:48,R008,H02,ORD00108,EV Scooter,On_Delivery,Z07,28.462824,77.016043,330,10.3,15.5,8257.63,2157.23,87,0,38913,2,58,Cloudy,33.7,0,0
2026-09-05 16:55:10,R014,H01,ORD00355,Bike,On_Delivery,Z03,28.527549,77.199511,292,8.0,22.3,8629.1,2509.53,57,0,26742,2,65,Cloudy,33.3,0,0
2026-09-05 16:56:22,R004,H03,ORD00095,Scooter,On_Delivery,Z05,28.534408,77.403129,319,14.7,10.8,7513.0,1927.85,94,0,50359,1,61,Heavy Rain,27.6,10.2,0
2026-09-05 16:57:01,R012,H05,ORD00464,EV Scooter,On_Delivery,Z06,28.591515,77.052696,94,9.2,15.0,6704.28,2114.97,72,0,33070,1,70,Clear,31.4,0,0
2026-09-05 16:58:28,R010,H01,ORD00030,Bike,On_Delivery,Z01,28.527613,77.210758,75,6.0,21.1,7681.49,1986.1,64,0,25111,1,49,Light Rain,29.2,0.8,1
2026-09-05 17:09:37,R001,H05,ORD00491,EV Scooter,On_Delivery,Z07,28.593819,77.039894,228,11.0,8.0,8981.01,1721.41,86,0,82888,2,100,Light Rain,28.9,2.4,0
2026-09-05 17:12:42,R005,H03,ORD00267,Bike,On_Delivery,Z08,28.534682,77.385321,279,7.7,15.9,8611.62,1883.79,75,0,38484,1,67,Clear,28.0,0,0
2026-09-05 17:13:16,R007,H02,ORD00373,EV Scooter,On_Delivery,Z05,28.459985,77.037896,184,12.1,12.8,8284.91,2278.59,75,2,51070,1,74,Light Rain,29.0,0.5,0
2026-09-05 17:20:04,R012,H01,ORD00047,EV Scooter,On_Delivery,Z05,28.527172,77.213616,174,16.1,13.1,9192.34,1858.92,62,0,52052,1,79,Clear,30.3,0,0
2026-09-05 17:20:56,R018,H05,ORD00253,Bike,On_Delivery,Z05,28.593519,77.059144,106,3.1,20.8,7887.1,2388.37,89,0,27946,1,67,Clear,28.0,0,0
2026-09-05 17:22:49,R020,H04,ORD00386,Scooter,On_Delivery,Z04,28.761246,77.052387,31,10.6,15.0,7874.22,2326.26,68,0,39450,1,84,Cloudy,32.0,0,0
2026-09-05 17:34:27,R011,H04,ORD00145,Scooter,On_Delivery,Z04,28.761449,77.05082,62,10.4,13.6,7457.12,2238.67,84,1,36485,2,83,Clear,33.5,0,0
2026-09-05 17:37:22,R003,H05,ORD00085,Scooter,On_Delivery,Z05,28.590929,77.055601,185,4.5,17.9,8832.7,1703.18,71,0,36355,2,70,Cloudy,29.9,0,0
2026-09-05 17:47:54,R008,H02,ORD00238,Bike,On_Delivery,Z02,28.468614,77.034011,107,7.8,18.0,8283.89,2177.92,76,0,37732,1,73,Clear,30.6,0,0
2026-09-05 17:47:59,R012,H02,ORD00077,Bike,On_Delivery,Z01,28.467603,77.027056,90,7.3,17.5,7529.52,1691.64,65,1,33206,2,72,Clear,33.7,0,0
2026-09-05 17:49:14,R025,H02,ORD00157,Bike,On_Delivery,Z03,28.461258,77.018082,355,3.5,17.4,8844.03,2269.69,59,0,41441,1,86,Clear,31.6,0,0
2026-09-05 17:57:02,R010,H01,ORD00394,EV Scooter,On_Delivery,Z01,28.529813,77.212962,356,16.8,17.8,8577.9,1723.47,70,0,33433,1,71,Clear,31.8,0,0
2026-09-05 18:09:16,R023,H05,ORD00260,Scooter,On_Delivery,Z08,28.587858,77.043778,293,9.8,10.9,8165.55,2039.83,79,0,51316,1,90,Cloudy,30.8,0,0
2026-09-05 18:09:51,R006,H05,ORD00179,Bike,On_Delivery,Z05,28.592724,77.054016,351,17.1,16.8,8864.18,2246.91,65,0,36716,1,87,Clear,33.2,0,0
2026-09-05 18:10:03,R019,H04,ORD00476,Scooter,On_Delivery,Z02,28.757599,77.065301,334,3.7,8.0,8978.87,2044.71,73,0,94052,1,84,Heavy Rain,29.6,9.2,0
2026-09-05 18:11:25,R023,H01,ORD00142,Bike,On_Delivery,Z05,28.525377,77.220676,297,7.3,15.2,8146.43,2469.09,80,4,38865,2,77,Cloudy,29.8,0,0
2026-09-05 18:15:32,R020,H03,ORD00089,EV Scooter,On_Delivery,Z08,28.529009,77.387173,340,15.9,15.1,7867.87,1797.92,67,0,38040,1,73,Clear,30.9,0,0
2026-09-05 18:21:14,R003,H05,ORD00023,Scooter,On_Delivery,Z06,28.589694,77.05817,335,11.6,11.7,7659.15,2203.39,87,3,48613,2,90,Clear,29.7,0,0
2026-09-05 18:28:48,R013,H02,ORD00140,Bike,On_Delivery,Z08,28.456583,77.023176,70,5.5,14.1,8811.5,1835.11,76,0,48640,2,90,Clear,29.0,0,0
2026-09-05 18:42:05,R016,H04,ORD00027,EV Scooter,On_Delivery,Z04,28.761142,77.052791,279,15.1,9.6,9171.37,1806.76,95,0,71195,1,100,Light Rain,29.1,2.2,0
2026-09-05 18:46:42,R019,H03,ORD00064,EV Scooter,On_Delivery,Z07,28.535369,77.385292,330,5.8,11.2,7694.37,1664.66,75,0,52820,1,87,Light Rain,29.2,2.7,0
2026-09-05 18:50:45,R010,H02,ORD00233,EV Scooter,On_Delivery,Z06,28.459666,77.035117,106,6.8,11.4,8304.81,1805.36,63,1,59231,2,75,Light Rain,28.2,0.7,0
2026-09-05 18:59:13,R011,H05,ORD00091,EV Scooter,On_Delivery,Z03,28.596055,77.03898,5,16.8,15.4,7538.7,1917.75,69,0,35577,2,79,Cloudy,28.7,0,1
2026-09-05 19:17:01,R007,H01,ORD00132,EV Scooter,On_Delivery,Z04,28.533142,77.205284,90,5.4,14.8,7942.37,1600.6,93,0,44498,2,69,Cloudy,30.0,0,0
2026-09-05 19:20:13,R007,H05,ORD00302,Scooter,On_Delivery,Z04,28.60215,77.041876,247,17.3,12.8,8586.26,2248.8,74,0,45690,2,91,Clear,30.4,0,0
2026-09-05 19:27:07,R001,H04,ORD00070,Bike,On_Delivery,Z06,28.747739,77.064068,183,12.9,8.0,8306.33,1673.97,59,0,86301,1,85,Heavy Rain,30.6,6.5,0
2026-09-05 19:34:20,R011,H04,ORD00122,Bike,On_Delivery,Z04,28.756945,77.053588,124,15.4,19.4,8899.11,2172.81,61,0,38377,2,69,Cloudy,29.7,0,0
2026-09-05 19:35:54,R015,H01,ORD00333,Bike,On_Delivery,Z07,28.527351,77.198008,158,7.0,7.6,7910.12,1796.94,81,0,70073,2,100,Light Rain,30.1,2.4,0
2026-09-05 19:39:51,R015,H04,ORD00044,Scooter,On_Delivery,Z03,28.752072,77.049559,86,5.4,9.9,8715.6,1928.95,64,4,70187,1,77,Light Rain,29.4,1.3,0
2026-09-05 19:41:09,R004,H05,ORD00165,Scooter,On_Delivery,Z03,28.592542,77.041138,76,16.9,18.4,7227.96,1844.06,61,0,32886,2,73,Clear,32.7,0,0
2026-09-05 19:42:17,R016,H04,ORD00163,EV Scooter,On_Delivery,Z08,28.745971,77.049631,204,11.0,20.3,8817.09,1987.01,64,0,31548,1,65,Clear,31.7,0,0
2026-09-05 19:43:03,R019,H02,ORD00384,Bike,On_Delivery,Z05,28.46511,77.036737,225,12.0,8.8,7255.13,1565.87,80,0,54461,1,100,Light Rain,32.0,2.4,0
2026-09-05 19:45:17,R016,H05,ORD00297,EV Scooter,On_Delivery,Z04,28.605651,77.039913,38,7.0,13.7,7190.11,1803.44,63,0,36491,1,68,Clear,29.9,0,0
2026-09-05 19:51:32,R005,H04,ORD00332,Bike,On_Delivery,Z06,28.748674,77.064289,80,5.2,18.6,7735.4,1826.69,95,0,31450,1,75,Clear,32.3,0,0
2026-09-05 19:54:15,R009,H02,ORD00426,EV Scooter,On_Delivery,Z07,28.463261,77.019313,351,7.1,16.6,7545.38,2078.66,89,0,31899,1,70,Cloudy,30.3,0,0
2026-09-05 19:55:47,R006,H03,ORD00116,Bike,On_Delivery,Z01,28.540318,77.395893,43,9.5,15.8,8442.03,2029.31,58,0,35856,1,82,Clear,30.5,0,0
2026-09-05 20:00:00,R018,H04,ORD00320,Scooter,On_Delivery,Z05,28.751414,77.064581,338,10.8,11.4,8637.57,1668.44,92,0,53109,2,77,Light Rain,32.5,1.2,0
2026-09-05 20:02:26,R013,H04,ORD00178,EV Scooter,On_Delivery,Z07,28.749997,77.044282,297,16.8,8.7,8280.63,2256.8,57,1,68295,1,86,Light Rain,28.1,2.7,0
2026-09-05 20:05:08,R007,H03,ORD00111,Bike,On_Delivery,Z03,28.539047,77.385219,310,5.1,15.0,8109.16,2514.59,61,0,43819,1,87,Clear,31.8,0,0
2026-09-05 20:07:23,R003,H03,ORD00370,EV Scooter,On_Delivery,Z03,28.537691,77.381296,7,5.0,10.6,7642.82,2264.07,73,0,59140,2,83,Light Rain,27.5,2.9,0
2026-09-05 20:24:28,R022,H05,ORD00245,Scooter,On_Delivery,Z06,28.586095,77.058331,207,8.7,16.8,7607.12,2225.49,66,0,31847,1,82,Cloudy,30.8,0,0
2026-09-05 20:29:14,R001,H02,ORD00424,Bike,On_Delivery,Z08,28.454149,77.020211,276,13.9,13.5,7790.64,2345.01,78,0,39354,2,88,Clear,28.4,0,0
2026-09-05 20:30:52,R016,H04,ORD00224,Scooter,On_Delivery,Z05,28.748857,77.064843,143,15.1,17.9,8542.23,2330.52,89,0,31974,2,75,Clear,31.5,0,0
2026-09-05 20:34:08,R010,H03,ORD00051,Scooter,On_Delivery,Z08,28.529177,77.387505,129,17.2,13.2,7961.6,1939.38,59,0,50173,1,92,Clear,32.3,0,0
2026-09-05 20:37:51,R022,H01,ORD00387,Bike,On_Delivery,Z01,28.529468,77.209296,192,7.5,15.3,8643.47,2148.54,83,0,43632,1,80,Light Rain,32.0,1.5,0
2026-09-05 20:39:00,R015,H05,ORD00262,Bike,On_Delivery,Z03,28.594394,77.039649,351,3.1,16.1,8447.63,2056.07,75,0,43339,1,92,Clear,28.4,0,0
2026-09-05 20:49:13,R010,H02,ORD00350,Bike,On_Delivery,Z01,28.464386,77.031009,356,17.9,20.1,8175.99,2281.44,95,0,34108,2,72,Clear,28.5,0,0
2026-09-05 20:53:24,R022,H01,ORD00415,EV Scooter,On_Delivery,Z01,28.530638,77.212317,159,17.5,12.2,8571.66,1784.81,61,0,53713,1,76,Clear,32.8,0,0
2026-09-05 20:55:13,R012,H03,ORD00110,Bike,On_Delivery,Z05,28.535475,77.402608,331,16.2,22.2,8867.74,1773.19,55,3,29042,1,69,Clear,33.8,0,0
2026-09-05 21:01:30,R001,H03,ORD00452,Scooter,On_Delivery,Z08,28.533194,77.386415,341,16.1,24.8,8264.57,2387.72,66,0,25879,1,31,Cloudy,32.6,0,0
2026-09-05 21:02:29,R017,H03,ORD00402,Bike,On_Delivery,Z08,28.533386,77.388082,200,5.8,24.2,8693.06,1704.93,59,0,30143,1,49,Clear,28.4,0,0
2026-09-05 21:11:40,R009,H02,ORD00028,Bike,On_Delivery,Z01,28.462977,77.031565,126,7.6,21.5,7368.19,1476.26,55,0,25458,1,44,Clear,32.5,0,0
2026-09-05 21:15:34,R018,H04,ORD00094,EV Scooter,On_Delivery,Z06,28.748736,77.067752,258,12.7,20.8,8321.01,2121.01,64,0,31243,2,50,Clear,29.6,0,0
2026-09-05 21:19:09,R004,H02,ORD00343,Scooter,On_Delivery,Z03,28.460792,77.020539,151,4.2,26.8,8421.36,2017.86,76,0,22049,1,39,Cloudy,29.0,0,0
2026-09-05 21:26:00,R010,H02,ORD00363,Bike,On_Delivery,Z02,28.470565,77.033173,343,8.6,13.0,7400.84,1822.48,64,0,42367,1,35,Heavy Rain,28.3,10.2,0
2026-09-05 21:32:36,R022,H03,ORD00323,Scooter,On_Delivery,Z06,28.533169,77.400499,134,14.5,28.4,7320.67,2295.65,95,0,17148,2,22,Clear,31.6,0,0
2026-09-05 21:46:26,R024,H02,ORD00231,Bike,On_Delivery,Z04,28.471876,77.026547,133,13.5,29.8,8024.27,1868.75,73,0,18493,2,31,Cloudy,31.2,0,0
2026-09-05 21:49:05,R020,H02,ORD00276,Scooter,On_Delivery,Z08,28.458842,77.020979,168,8.2,23.9,7885.69,1979.05,90,0,25460,2,25,Clear,29.6,0,0
2026-09-05 21:49:37,R009,H04,ORD00190,Scooter,On_Delivery,Z02,28.76046,77.062527,237,10.5,15.7,8427.88,1928.19,75,0,42548,2,49,Light Rain,29.4,2.6,0
2026-09-05 21:58:15,R006,H03,ORD00143,Bike,On_Delivery,Z05,28.535451,77.403476,68,13.8,26.5,8495.85,1854.95,79,0,24389,2,41,Clear,33.7,0,0
2026-09-05 22:01:25,R014,H02,ORD00403,Scooter,On_Delivery,Z05,28.46125,77.036413,144,5.4,20.4,7866.62,2031.8,60,0,29915,2,38,Clear,31.0,0,0
2026-09-05 22:06:27,R017,H03,ORD00421,EV Scooter,On_Delivery,Z01,28.542996,77.394564,23,13.2,20.6,7798.19,1578.59,69,0,30200,2,24,Clear,33.4,0,0
2026-09-05 22:13:11,R020,H04,ORD00438,Scooter,On_Delivery,Z03,28.752097,77.05096,239,14.9,18.4,7396.75,2239.81,60,0,27334,2,41,Cloudy,32.4,0,0
2026-09-05 22:19:39,R016,H03,ORD00407,Bike,On_Delivery,Z01,28.540594,77.391321,337,13.3,20.5,7217.11,1879.51,75,3,23846,1,42,Clear,33.5,0,0
2026-09-05 22:26:31,R022,H01,ORD00105,Bike,On_Delivery,Z01,28.527418,77.208017,7,8.5,31.5,7536.06,2304.3,86,0,18022,1,32,Clear,30.3,0,0
2026-09-05 22:35:00,R017,H02,ORD00434,EV Scooter,On_Delivery,Z03,28.464167,77.020372,8,10.9,21.4,7913.57,2164.11,81,0,28948,2,29,Clear,31.5,0,0
2026-09-05 22:36:16,R021,H01,ORD00096,Bike,On_Delivery,Z04,28.538312,77.202614,150,5.9,28.0,8422.78,1954.88,69,0,21694,1,25,Clear,32.0,0,0
2026-09-05 22:40:27,R003,H04,ORD00418,Bike,On_Delivery,Z04,28.761227,77.05396,82,3.6,16.7,8768.51,2249.9,63,0,35895,2,55,Light Rain,31.2,1.1,0
2026-09-05 22:56:50,R005,H05,ORD00368,Bike,On_Delivery,Z05,28.594654,77.056587,342,13.7,14.8,7222.45,1742.25,59,1,38069,1,41,Heavy Rain,31.0,8.5,0
2026-09-05 22:58:09,R016,H03,ORD00210,Bike,On_Delivery,Z06,28.532253,77.399011,145,3.2,27.6,7159.01,1989.48,80,0,20954,1,39,Clear,33.4,0,1
2026-09-05 23:10:33,R010,H01,ORD00264,Bike,On_Delivery,Z07,28.52788,77.198141,123,3.3,31.4,8705.23,2188.47,58,0,18716,1,20,Clear,33.5,0,0
2026-09-05 23:14:34,R005,H03,ORD00138,Scooter,On_Delivery,Z05,28.537532,77.397095,76,6.3,21.3,8127.11,1669.32,92,0,29726,1,37,Clear,29.8,0,0
2026-09-05 23:19:28,R025,H03,ORD00164,EV Scooter,On_Delivery,Z07,28.538729,77.38317,322,8.2,19.0,9203.8,1832.22,81,0,39286,2,47,Cloudy,32.4,0,0
2026-09-05 23:21:43,R024,H01,ORD00285,Scooter,On_Delivery,Z03,28.529261,77.198225,328,8.3,32.3,8250.12,2078.03,73,0,17762,1,22,Cloudy,33.1,0,0
2026-09-05 23:26:36,R015,H03,ORD00296,Bike,On_Delivery,Z02,28.541553,77.398014,309,10.0,32.2,7958.44,2027.89,61,0,16643,2,27,Cloudy,29.0,0,0
2026-09-05 23:31:44,R002,H02,ORD00385,EV Scooter,On_Delivery,Z01,28.46281,77.02672,50,10.6,27.4,7447.12,1490.55,63,0,22106,1,26,Clear,33.2,0,0
2026-09-05 23:40:31,R023,H02,ORD00282,Scooter,On_Delivery,Z07,28.46136,77.019457,331,9.1,20.3,8461.53,2385.33,74,0,34438,2,33,Cloudy,32.0,0,0
2026-09-05 23:53:11,R025,H01,ORD00133,Bike,On_Delivery,Z03,28.530584,77.200346,277,16.9,22.8,7850.09,2113.93,83,4,23173,2,42,Cloudy,28.0,0,0
2026-09-05 23:53:57,R014,H04,ORD00295,Scooter,On_Delivery,Z08,28.743446,77.051351,198,4.5,19.1,7172.12,1651.89,80,0,24955,1,50,Cloudy,30.8,0,0
2026-09-06 00:05:06,R001,H03,ORD00254,EV Scooter,On_Delivery,Z02,28.544089,77.397558,308,3.9,16.9,7734.41,2178.35,85,0,33418,2,36,Light Rain,32.8,0.2,1
2026-09-06 00:11:50,R011,H02,ORD00270,Bike,On_Delivery,Z04,28.471079,77.027344,63,10.8,21.9,8091.36,1789.86,89,0,27800,1,38,Cloudy,28.5,0,0
2026-09-06 00:12:25,R023,H05,ORD00493,Scooter,On_Delivery,Z02,28.601933,77.056444,327,14.7,25.1,7692.39,2175.68,89,0,21261,1,35,Cloudy,29.9,0,0
2026-09-06 00:14:46,R023,H05,ORD00189,Bike,On_Delivery,Z08,28.592317,77.040862,228,12.8,26.5,7994.2,2026.68,74,0,22237,2,37,Clear,32.1,0,0
2026-09-06 00:28:30,R012,H05,ORD00114,EV Scooter,On_Delivery,Z05,28.59454,77.055558,292,16.5,9.4,8511.38,1854.49,84,0,73970,1,66,Heavy Rain,26.8,8.2,0
2026-09-06 00:34:40,R013,H03,ORD00121,Scooter,On_Delivery,Z01,28.543216,77.394166,200,11.7,19.0,7626.06,1916.91,82,0,27577,2,45,Clear,32.0,0,0
2026-09-06 00:55:47,R017,H04,ORD00286,EV Scooter,On_Delivery,Z08,28.746695,77.049904,63,9.1,25.4,8134.99,2537.15,60,2,22061,1,32,Clear,30.5,0,0
2026-09-06 00:59:43,R002,H05,ORD00243,EV Scooter,On_Delivery,Z05,28.591228,77.057186,34,13.9,22.8,8779.41,2308.78,64,0,29179,2,29,Clear,30.0,0,1
2026-09-06 01:03:44,R001,H01,ORD00146,Bike,On_Delivery,Z08,28.523024,77.202606,188,7.9,26.0,8888.79,1696.53,77,0,28302,1,49,Cloudy,28.2,0,0
2026-09-06 01:07:35,R019,H03,ORD00197,Bike,On_Delivery,Z08,28.532308,77.385471,118,12.2,16.3,7382.31,2248.69,66,0,32215,1,60,Light Rain,31.8,0.7,1
2026-09-06 01:07:47,R005,H04,ORD00123,Scooter,On_Delivery,Z08,28.745949,77.050237,253,5.2,25.3,8169.78,1797.76,56,0,26870,1,44,Clear,31.7,0,0
2026-09-06 01:24:18,R016,H01,ORD00057,Scooter,On_Delivery,Z01,28.527955,77.209032,271,6.1,28.9,8346.25,1989.2,84,0,22519,1,34,Clear,32.3,0,0
2026-09-06 01:44:45,R021,H01,ORD00016,EV Scooter,On_Delivery,Z02,28.534925,77.212188,259,15.9,21.5,7369.33,1640.64,94,1,26661,2,25,Cloudy,28.3,0,0
2026-09-06 01:49:12,R002,H01,ORD00351,Bike,On_Delivery,Z01,28.529551,77.212034,194,15.9,31.0,7369.3,2299.08,83,0,18940,1,30,Cloudy,28.4,0,0
2026-09-06 02:07:03,R012,H03,ORD00315,Scooter,On_Delivery,Z03,28.53662,77.385803,6,6.0,15.9,8035.91,2096.26,87,0,36791,2,44,Light Rain,28.8,2.0,0
2026-09-06 02:22:37,R018,H01,ORD00377,Bike,On_Delivery,Z03,28.530141,77.198042,0,7.6,25.2,7970.57,1982.7,60,0,22779,1,21,Clear,32.5,0,0
2026-09-06 02:37:31,R020,H05,ORD00453,Bike,On_Delivery,Z01,28.595122,77.048449,219,16.6,13.6,7415.3,1572.82,93,2,36786,2,48,Heavy Rain,30.3,8.0,0
2026-09-06 02:41:12,R025,H02,ORD00379,Bike,On_Delivery,Z08,28.452425,77.017337,304,8.9,25.7,8008.24,2401.49,86,0,25064,2,35,Clear,32.4,0,0
2026-09-06 03:14:57,R022,H03,ORD00049,Scooter,On_Delivery,Z01,28.542557,77.393446,156,4.5,15.2,8082.92,2283.33,94,0,43101,1,53,Light Rain,31.0,1.5,0
2026-09-06 03:21:26,R022,H05,ORD00015,EV Scooter,On_Delivery,Z01,28.596681,77.050503,265,6.9,27.9,7998.35,2447.25,73,0,21876,2,32,Clear,30.8,0,0
2026-09-06 03:29:39,R009,H01,ORD00183,EV Scooter,On_Delivery,Z02,28.533415,77.211231,226,16.3,17.8,8534.81,2355.42,63,0,39900,2,56,Light Rain,32.2,2.6,0
2026-09-06 03:32:10,R003,H05,ORD00076,Scooter,On_Delivery,Z06,28.590125,77.053021,111,7.7,28.7,7366.86,1949.45,93,0,17719,2,24,Clear,29.6,0,0
2026-09-06 03:33:25,R025,H01,ORD00131,EV Scooter,On_Delivery,Z05,28.529013,77.215846,338,12.6,23.9,8920.7,2350.71,88,0,27809,1,33,Cloudy,30.2,0,0
2026-09-06 03:48:50,R023,H05,ORD00362,EV Scooter,On_Delivery,Z06,28.592032,77.052969,152,10.4,22.2,8684.79,1665.76,95,0,28659,2,40,Cloudy,28.6,0,0
2026-09-06 03:53:05,R003,H03,ORD00079,Bike,On_Delivery,Z05,28.535306,77.3993,39,12.0,26.8,8109.12,1775.58,77,0,24801,2,29,Clear,32.9,0,0
2026-09-06 03:58:12,R012,H05,ORD00068,EV Scooter,On_Delivery,Z03,28.595635,77.03628,22,16.1,28.9,8239.45,2290.33,67,0,22975,2,28,Clear,31.4,0,0
2026-09-06 03:58:36,R025,H02,ORD00420,EV Scooter,On_Delivery,Z07,28.46438,77.018527,101,5.5,24.8,8581.29,1963.79,77,0,25612,1,36,Clear,32.9,0,0
2026-09-06 04:03:51,R012,H05,ORD00069,Scooter,On_Delivery,Z03,28.599244,77.037955,354,8.9,25.0,8277.03,2520.94,65,0,26716,2,37,Cloudy,33.3,0,0
2026-09-06 04:19:11,R001,H01,ORD00147,Bike,On_Delivery,Z06,28.5215,77.217924,315,5.9,10.6,8942.96,2072.98,64,0,68054,1,62,Heavy Rain,26.3,7.3,0
2026-09-06 04:25:24,R013,H01,ORD00141,Bike,On_Delivery,Z01,28.525814,77.214525,29,8.2,22.3,8769.88,2436.61,76,0,28758,1,36,Clear,33.6,0,1
2026-09-06 04:44:59,R017,H03,ORD00428,Bike,On_Delivery,Z05,28.541012,77.400097,292,3.6,18.1,7458.04,2074.51,63,0,33141,2,38,Light Rain,32.2,1.2,0
2026-09-06 05:00:37,R011,H05,ORD00352,EV Scooter,On_Delivery,Z08,28.590133,77.040198,277,15.6,29.5,8798.39,2368.32,86,0,24253,1,20,Clear,32.1,0,0
2026-09-06 05:11:03,R010,H05,ORD00022,Scooter,On_Delivery,Z01,28.598598,77.050417,265,6.2,30.0,8875.03,2263.05,76,0,22469,1,22,Clear,33.9,0,0
2026-09-06 05:23:02,R015,H01,ORD00062,Scooter,On_Delivery,Z05,28.527723,77.214604,12,16.1,28.1,7498.54,1790.78,84,0,21156,2,34,Clear,30.3,0,0
2026-09-06 05:33:50,R015,H02,ORD00093,Bike,On_Delivery,Z01,28.467105,77.031894,245,8.9,21.2,8080.1,2055.96,69,0,31669,1,52,Light Rain,27.6,2.6,0
2026-09-06 05:41:13,R025,H04,ORD00206,Scooter,On_Delivery,Z06,28.747581,77.064919,341,16.6,15.3,8655.73,1880.32,59,0,40499,1,50,Light Rain,31.0,0.6,0
2026-09-06 06:08:17,R003,H03,ORD00473,Bike,On_Delivery,Z06,28.531071,77.401977,149,4.5,29.3,8514.65,2512.25,92,0,21295,2,28,Cloudy,32.1,0,0
2026-09-06 06:13:20,R014,H03,ORD00153,Scooter,On_Delivery,Z08,28.53242,77.382318,221,15.7,22.8,7669.91,2044.05,63,0,22462,2,45,Cloudy,33.6,0,0
2026-09-06 06:24:35,R023,H03,ORD00281,Bike,On_Delivery,Z07,28.540811,77.380371,123,14.2,29.8,8347.73,2179.95,57,0,20289,2,38,Clear,30.1,0,0
2026-09-06 06:34:12,R011,H02,ORD00392,Bike,On_Delivery,Z03,28.461162,77.022116,95,15.8,19.6,9014.2,1807.26,87,0,33754,1,53,Light Rain,32.0,0.7,0
2026-09-06 06:34:22,R023,H01,ORD00309,Bike,On_Delivery,Z07,28.530396,77.19418,168,12.2,19.1,8486.61,2633.17,88,0,34207,2,53,Light Rain,29.9,0.6,0
2026-09-06 06:44:39,R004,H01,ORD00445,Scooter,On_Delivery,Z02,28.532585,77.215324,202,14.4,24.3,8595.58,1808.33,90,0,23580,2,43,Clear,31.0,0,0
2026-09-06 06:51:33,R022,H05,ORD00186,Scooter,On_Delivery,Z04,28.603361,77.043661,281,8.5,27.3,8102.69,2010.67,55,0,22511,2,37,Cloudy,30.8,0,0
2026-09-06 06:59:29,R019,H03,ORD00040,Scooter,On_Delivery,Z03,28.538407,77.384982,106,12.9,26.5,7953.37,1520.05,63,0,19914,2,31,Cloudy,29.8,0,0
2026-09-06 07:00:15,R012,H01,ORD00020,Bike,On_Delivery,Z07,28.528189,77.19856,352,7.7,24.8,8168.28,2297.73,84,0,25723,1,36,Cloudy,30.6,0,0
2026-09-06 07:03:00,R009,H01,ORD00367,Bike,On_Delivery,Z06,28.520111,77.21356,187,3.3,29.5,8366.87,1601.08,65,0,23591,1,39,Clear,31.6,0,0
2026-09-06 07:05:16,R021,H05,ORD00007,EV Scooter,On_Delivery,Z02,28.598761,77.054606,144,15.4,23.0,9053.6,1880.94,73,0,26090,1,25,Cloudy,28.3,0,1
2026-09-06 07:13:32,R024,H03,ORD00369,Scooter,On_Delivery,Z03,28.536925,77.384857,5,11.9,25.2,9380.96,1827.57,71,0,26930,2,33,Clear,33.0,0,0
2026-09-06 07:21:37,R010,H03,ORD00400,Scooter,On_Delivery,Z04,28.545568,77.38401,180,17.9,19.3,7753.0,2341.98,67,0,32693,1,36,Clear,33.3,0,0
2026-09-06 07:53:34,R025,H04,ORD00169,Scooter,On_Delivery,Z08,28.744424,77.050909,203,11.8,20.0,7164.47,1960.44,85,0,29662,1,35,Clear,33.9,0,0
2026-09-06 07:59:39,R017,H02,ORD00484,Scooter,On_Delivery,Z03,28.461859,77.022588,341,7.3,27.0,8468.08,2205.01,74,0,20789,2,37,Cloudy,33.4,0,0
2026-09-06 08:12:55,R001,H04,ORD00318,Bike,On_Delivery,Z06,28.750289,77.063477,139,7.7,16.6,8761.57,1971.35,61,0,38195,1,62,Cloudy,33.7,0,0
2026-09-06 08:15:06,R010,H04,ORD00456,EV Scooter,On_Delivery,Z06,28.748603,77.062355,258,6.6,18.1,8430.33,2498.99,93,0,32082,1,69,Clear,33.5,0,0
2026-09-06 08:23:34,R020,H05,ORD00071,EV Scooter,On_Delivery,Z03,28.598973,77.039606,83,3.6,16.0,8427.44,2175.83,62,0,36412,2,61,Clear,30.6,0,0
2026-09-06 08:23:56,R012,H04,ORD00072,Scooter,On_Delivery,Z04,28.75837,77.053252,228,12.9,12.9,7880.92,1741.95,63,1,46594,2,84,Light Rain,30.4,2.9,0
2026-09-06 08:36:24,R021,H02,ORD00033,Scooter,On_Delivery,Z08,28.4543,77.020989,110,14.4,17.8,7883.55,1905.73,89,0,29620,2,69,Cloudy,29.6,0,0
2026-09-06 08:44:46,R015,H03,ORD00125,Scooter,On_Delivery,Z07,28.538912,77.383809,292,9.8,16.3,7871.28,1739.21,78,0,34826,2,70,Clear,32.6,0,0
2026-09-06 09:02:25,R022,H04,ORD00465,Scooter,On_Delivery,Z08,28.74355,77.049413,257,11.8,16.5,8246.19,1885.64,89,0,33887,2,74,Clear,31.9,0,0
2026-09-06 09:04:17,R022,H04,ORD00130,EV Scooter,On_Delivery,Z07,28.754502,77.047537,206,16.7,10.9,8020.26,1817.49,55,0,61736,1,85,Clear,30.2,0,0
2026-09-06 09:16:36,R013,H04,ORD00497,Scooter,On_Delivery,Z03,28.75153,77.050586,147,17.1,14.2,8957.27,2047.11,78,0,42160,1,76,Cloudy,32.8,0,1
2026-09-06 09:19:23,R021,H05,ORD00442,Bike,On_Delivery,Z03,28.591489,77.038149,353,5.9,21.3,8623.23,1698.08,62,0,27690,2,68,Clear,29.1,0,0
2026-09-06 09:29:22,R012,H05,ORD00337,Bike,On_Delivery,Z05,28.591983,77.055656,344,13.3,17.0,8527.75,2220.75,71,0,36367,1,84,Clear,33.0,0,0
2026-09-06 09:42:24,R017,H03,ORD00107,Bike,On_Delivery,Z07,28.538328,77.384306,195,13.9,14.4,8904.27,1887.46,56,0,44822,2,82,Clear,32.1,0,0
2026-09-06 10:12:26,R021,H05,ORD00436,Bike,On_Delivery,Z02,28.596536,77.048528,2,11.9,21.8,8803.38,1777.0,80,0,28229,1,67,Clear,28.5,0,0
2026-09-06 10:18:47,R025,H05,ORD00214,Bike,On_Delivery,Z01,28.596644,77.052417,358,9.1,10.9,8692.19,1942.27,78,0,61481,1,94,Light Rain,28.1,0.4,0
2026-09-06 10:33:11,R014,H05,ORD00324,EV Scooter,On_Delivery,Z02,28.603867,77.056871,218,6.9,15.4,7973.7,2245.84,62,0,43223,1,73,Cloudy,29.9,0,0
2026-09-06 10:44:26,R010,H04,ORD00359,Bike,On_Delivery,Z02,28.758322,77.064124,1,15.9,16.0,8874.44,2138.3,65,3,41583,1,84,Cloudy,29.2,0,0
2026-09-06 11:07:33,R003,H05,ORD00102,Scooter,On_Delivery,Z08,28.588926,77.04439,28,4.8,16.8,8119.04,1583.97,87,0,39789,2,49,Cloudy,31.0,0,0
2026-09-06 11:19:07,R024,H03,ORD00106,Scooter,On_Delivery,Z04,28.543697,77.391693,312,10.7,20.9,8617.87,2365.11,73,0,33764,1,51,Clear,31.9,0,0
2026-09-06 11:25:55,R007,H05,ORD00150,Bike,On_Delivery,Z01,28.597716,77.048336,295,17.5,24.3,8906.57,2208.72,79,0,27228,2,43,Cloudy,31.9,0,0
2026-09-06 12:04:40,R003,H01,ORD00059,Bike,On_Delivery,Z02,28.534753,77.213295,186,15.8,22.6,9223.2,1966.89,86,0,31271,1,57,Clear,31.1,0,0
2026-09-06 13:07:56,R023,H03,ORD00012,Scooter,On_Delivery,Z07,28.536338,77.382799,256,7.7,16.0,8579.76,2501.0,65,2,43627,1,57,Cloudy,31.3,0,0
2026-09-06 13:20:08,R019,H01,ORD00191,Scooter,On_Delivery,Z07,28.53008,77.199175,36,9.8,23.4,7528.06,2167.77,72,0,21584,1,46,Cloudy,33.5,0,0
2026-09-06 13:35:50,R009,H04,ORD00404,Scooter,On_Delivery,Z06,28.748796,77.06838,76,13.8,24.0,8404.11,2280.56,95,0,28840,1,54,Clear,33.4,0,0
2026-09-06 13:36:33,R009,H02,ORD00405,EV Scooter,On_Delivery,Z06,28.45634,77.035832,276,13.5,16.2,8790.94,2458.43,82,0,40403,2,69,Clear,30.9,0,0
2026-09-06 13:40:39,R016,H03,ORD00358,EV Scooter,On_Delivery,Z04,28.544696,77.38624,104,11.2,17.2,8306.34,1738.5,81,4,35008,1,49,Light Rain,31.8,1.1,0
2026-09-06 13:57:05,R016,H03,ORD00211,Bike,On_Delivery,Z02,28.544205,77.394606,221,10.3,18.5,8166.7,1883.43,56,0,36287,2,64,Clear,34.0,0,0
2026-09-06 14:06:32,R019,H04,ORD00376,Bike,On_Delivery,Z05,28.750988,77.067686,185,14.1,19.1,8731.18,2414.08,88,4,36149,2,59,Clear,31.4,0,0
2026-09-06 14:15:26,R003,H01,ORD00371,EV Scooter,On_Delivery,Z02,28.534184,77.213199,147,13.0,9.8,9002.34,1952.25,81,0,76513,1,60,Heavy Rain,26.4,9.4,0
2026-09-06 14:38:18,R019,H02,ORD00411,Scooter,On_Delivery,Z06,28.457722,77.033631,128,3.5,21.0,8307.59,1965.23,70,0,26687,2,54,Clear,29.4,0,0
2026-09-06 14:47:56,R018,H01,ORD00166,EV Scooter,On_Delivery,Z07,28.525091,77.198795,19,8.7,22.2,8436.94,2210.71,90,0,27643,1,56,Clear,28.7,0,0
2026-09-06 15:11:50,R021,H03,ORD00433,Bike,On_Delivery,Z01,28.541797,77.395789,73,4.8,16.2,9329.8,1931.46,59,0,39620,1,65,Clear,30.2,0,0
2026-09-06 15:33:41,R023,H05,ORD00221,EV Scooter,On_Delivery,Z05,28.591631,77.056176,209,5.9,22.9,9068.44,2162.14,85,0,29363,2,49,Clear,32.9,0,0
2026-09-06 16:43:07,R019,H05,ORD00339,EV Scooter,On_Delivery,Z03,28.59464,77.037059,229,8.7,23.2,8050.46,2537.08,82,0,27721,1,49,Cloudy,32.5,0,0
2026-09-06 17:12:38,R018,H01,ORD00011,EV Scooter,On_Delivery,Z08,28.521419,77.200615,104,3.5,15.6,5491.38,3650.07,87,1,27219,1,70,Clear,33.4,0,0
2026-09-06 17:20:02,R001,H01,ORD00171,Bike,On_Delivery,Z05,28.528995,77.218125,293,12.5,21.2,8647.74,2281.89,76,1,32340,1,73,Cloudy,33.0,0,0
2026-09-06 17:23:12,R023,H04,ORD00354,Scooter,On_Delivery,Z06,28.745128,77.069386,3,15.8,18.0,8222.1,2372.62,77,0,33634,1,75,Clear,31.6,0,1
2026-09-06 17:45:59,R008,H03,ORD00357,EV Scooter,On_Delivery,Z03,28.542389,77.385979,59,17.8,11.5,8545.89,2541.5,93,1,55569,1,93,Clear,28.5,0,0
2026-09-06 17:55:26,R025,H03,ORD00246,EV Scooter,On_Delivery,Z07,28.540401,77.382263,111,5.1,14.7,8581.59,2006.13,94,0,41531,1,79,Clear,28.5,0,0
2026-09-06 18:19:57,R012,H01,ORD00031,Scooter,On_Delivery,Z07,28.529183,77.197379,51,12.8,14.5,8426.44,2456.24,88,0,39219,2,70,Clear,32.8,0,0
2026-09-06 20:13:51,R013,H05,ORD00381,EV Scooter,On_Delivery,Z06,28.583605,77.059693,324,10.0,12.7,5491.38,3640.14,71,0,35396,1,75,Clear,34.0,0,0
2026-09-06 20:21:39,R002,H05,ORD00399,Bike,On_Delivery,Z06,28.583015,77.061413,292,17.6,13.1,5279.76,4089.63,91,0,29273,1,77,Light Rain,28.1,1.4,0
2026-09-06 21:45:37,R015,H03,ORD00039,EV Scooter,On_Delivery,Z08,28.534743,77.383238,163,14.5,25.5,5962.34,3465.26,66,0,16329,2,37,Clear,28.6,0,0
2026-09-06 22:11:14,R002,H02,ORD00240,EV Scooter,On_Delivery,Z05,28.463056,77.03706,339,16.8,29.3,8571.2,2255.95,56,3,21585,1,27,Cloudy,30.2,0,0
2026-09-06 22:20:22,R001,H02,ORD00035,Scooter,On_Delivery,Z05,28.463902,77.047606,307,16.3,14.9,5437.07,3746.64,93,0,30336,2,47,Light Rain,29.9,2.6,1
2026-09-06 23:41:30,R010,H03,ORD00173,EV Scooter,On_Delivery,Z05,28.536926,77.409998,342,11.4,18.6,5748.98,3612.14,70,0,25759,1,49,Cloudy,28.8,0,1
2026-09-06 23:43:17,R020,H02,ORD00398,EV Scooter,On_Delivery,Z08,28.458841,77.01507,157,6.2,23.4,5372.78,3521.7,91,0,19060,1,27,Clear,30.2,0,0
2026-09-06 23:52:53,R010,H01,ORD00454,Scooter,On_Delivery,Z05,28.525476,77.217643,317,14.0,13.3,8960.4,2151.27,68,0,50411,1,41,Heavy Rain,30.6,10.2,0
2026-09-07 01:01:06,R003,H01,ORD00499,Scooter,On_Delivery,Z05,28.523483,77.22166,65,9.6,12.6,5806.09,3382.09,68,0,33309,2,44,Heavy Rain,27.8,4.5,0
2026-09-07 02:08:40,R018,H03,ORD00103,EV Scooter,On_Delivery,Z02,28.551752,77.409178,160,8.4,20.2,6008.8,3699.79,66,0,20876,1,28,Clear,29.2,0,0
2026-09-07 02:22:03,R001,H05,ORD00348,Bike,On_Delivery,Z04,28.613051,77.036521,46,5.6,24.1,5505.48,3415.46,70,0,18309,1,44,Clear,32.9,0,0
2026-09-07 02:23:14,R016,H02,ORD00159,Scooter,On_Delivery,Z02,28.478178,77.03675,48,17.2,18.9,5491.51,3853.77,64,0,19614,1,46,Light Rain,31.8,1.0,0
2026-09-07 03:07:26,R001,H05,ORD00002,Scooter,On_Delivery,Z05,28.595187,77.06253,287,4.0,18.1,5721.8,3654.47,75,0,25389,2,42,Clear,31.6,0,0
2026-09-07 03:07:40,R014,H02,ORD00307,EV Scooter,On_Delivery,Z01,28.468247,77.032816,171,15.5,21.5,5825.92,4303.38,70,0,17979,2,40,Clear,29.8,0,0
2026-09-07 04:00:36,R013,H05,ORD00196,Bike,On_Delivery,Z02,28.61115,77.054036,339,17.0,25.5,5759.52,3330.81,76,0,17075,2,25,Clear,29.0,0,0
2026-09-07 04:03:38,R016,H03,ORD00156,EV Scooter,On_Delivery,Z03,28.541786,77.381731,32,5.7,24.1,6110.21,3497.1,61,0,17410,2,47,Clear,31.6,0,0
2026-09-07 04:22:34,R004,H03,ORD00162,Scooter,On_Delivery,Z04,28.55407,77.380626,358,3.3,18.7,5473.7,3698.75,90,0,22103,2,48,Clear,31.0,0,0
2026-09-07 04:48:05,R022,H05,ORD00291,Bike,On_Delivery,Z01,28.598625,77.04795,269,9.0,33.9,5921.62,4349.89,75,0,12290,2,22,Clear,28.6,0,0
2026-09-07 05:41:45,R006,H04,ORD00481,Scooter,On_Delivery,Z07,28.752528,77.03663,102,11.6,21.7,5715.66,4336.64,87,1,20645,2,35,Cloudy,33.3,0,0
2026-09-07 07:02:01,R011,H03,ORD00041,Scooter,On_Delivery,Z05,28.542066,77.409818,11,5.1,25.4,5967.85,3907.25,75,0,18485,2,27,Clear,30.6,0,0
2026-09-07 07:36:51,R007,H01,ORD00409,Scooter,On_Delivery,Z03,28.526904,77.197835,23,15.1,28.4,6031.24,3734.5,72,0,14182,2,26,Clear,33.1,0,0
2026-09-07 07:44:30,R013,H01,ORD00460,Scooter,On_Delivery,Z03,28.528994,77.194179,126,11.4,24.5,5746.84,3561.51,91,0,16445,2,39,Clear,32.1,0,0
2026-09-07 07:46:21,R007,H03,ORD00082,Bike,On_Delivery,Z08,28.527736,77.377783,183,17.3,23.0,5492.8,4011.73,78,0,18749,2,42,Cloudy,29.8,0,0
2026-09-07 07:56:53,R005,H05,ORD00090,Scooter,On_Delivery,Z02,28.61033,77.056735,55,14.0,24.0,5083.18,3964.79,88,0,13984,2,44,Cloudy,29.5,0,0
2026-09-07 08:37:40,R023,H04,ORD00494,Scooter,On_Delivery,Z05,28.747351,77.076835,13,11.5,18.0,6160.25,4005.07,84,0,25282,2,67,Cloudy,31.0,0,0
2026-09-07 08:55:37,R004,H03,ORD00455,EV Scooter,On_Delivery,Z06,28.533289,77.403378,88,13.0,15.3,5685.29,3377.37,66,0,27811,2,68,Clear,33.9,0,1
2026-09-07 09:08:15,R004,H02,ORD00485,EV Scooter,On_Delivery,Z08,28.458019,77.01082,258,16.7,16.1,5550.92,3867.07,84,0,23610,2,68,Clear,33.3,0,0
2026-09-07 09:51:14,R015,H03,ORD00314,EV Scooter,On_Delivery,Z05,28.53476,77.406445,244,10.2,15.2,5698.6,3371.62,80,0,26188,1,86,Clear,28.1,0,0
2026-09-07 10:07:35,R017,H02,ORD00347,Bike,On_Delivery,Z04,28.482298,77.016693,187,5.2,15.2,5084.05,3835.76,76,0,22864,1,77,Cloudy,33.7,0,0
2026-09-07 10:19:40,R004,H04,ORD00458,Scooter,On_Delivery,Z03,28.755039,77.043894,301,9.1,17.5,5123.7,3578.95,73,0,23745,2,72,Cloudy,28.2,0,0
2026-09-07 10:22:00,R025,H02,ORD00439,Bike,On_Delivery,Z01,28.468221,77.031162,13,4.8,18.7,6205.21,3499.87,82,0,22722,1,74,Clear,28.8,0,0
2026-09-07 10:32:56,R016,H04,ORD00045,Bike,On_Delivery,Z03,28.754503,77.045187,249,14.6,14.3,5651.06,3422.38,85,0,32431,2,83,Clear,32.0,0,0
2026-09-07 10:42:33,R024,H01,ORD00001,Bike,On_Delivery,Z01,28.529764,77.213526,282,12.8,22.4,5546.5,3246.07,61,0,17230,2,62,Clear,32.5,0,0
2026-09-07 11:33:37,R008,H05,ORD00118,Bike,On_Delivery,Z05,28.590633,77.064795,301,3.4,31.1,5516.86,4102.02,78,0,12700,1,38,Clear,32.8,0,0
2026-09-07 11:41:27,R024,H04,ORD00200,EV Scooter,On_Delivery,Z02,28.76802,77.070853,56,3.2,26.6,5709.64,3555.56,62,0,16855,2,37,Clear,30.0,0,0
2026-09-07 11:43:40,R004,H04,ORD00058,Scooter,On_Delivery,Z07,28.759967,77.039014,212,4.8,13.7,5589.47,3881.93,71,2,33543,2,75,Light Rain,27.9,1.5,0
2026-09-07 12:21:56,R020,H02,ORD00087,Bike,On_Delivery,Z06,28.4547,77.04266,281,17.0,15.6,5762.34,3633.34,71,0,30449,2,48,Light Rain,32.3,0.4,0
2026-09-07 12:26:36,R015,H02,ORD00447,Scooter,On_Delivery,Z07,28.469765,77.012115,80,15.8,9.6,5651.58,4352.22,57,0,47390,1,83,Heavy Rain,29.6,9.8,0
2026-09-07 13:10:33,R024,H05,ORD00298,Scooter,On_Delivery,Z03,28.592717,77.028793,94,9.6,15.4,5172.43,3649.13,68,0,22528,1,68,Clear,33.5,0,0
2026-09-07 13:32:38,R016,H05,ORD00334,Bike,On_Delivery,Z08,28.581458,77.036997,236,3.4,17.0,5763.04,3261.3,54,1,25008,1,73,Light Rain,32.6,0.6,0
2026-09-07 14:13:08,R018,H05,ORD00198,Bike,On_Delivery,Z08,28.589213,77.035939,142,16.2,23.5,6059.38,4008.19,66,0,17854,1,62,Clear,30.8,0,0
2026-09-07 14:17:44,R006,H05,ORD00112,Scooter,On_Delivery,Z08,28.578944,77.029663,120,11.3,26.2,5214.54,4037.92,80,0,15232,1,45,Clear,29.4,0,0
2026-09-07 14:28:24,R017,H01,ORD00274,Bike,On_Delivery,Z02,28.540557,77.220069,263,9.4,21.9,5574.08,3450.74,74,0,17215,1,54,Clear,33.9,0,0
2026-09-07 14:36:17,R015,H01,ORD00237,EV Scooter,On_Delivery,Z04,28.549334,77.201582,36,16.0,19.9,5304.63,3725.2,88,0,18866,2,41,Cloudy,31.6,0,0
2026-09-07 14:43:16,R023,H04,ORD00301,Scooter,On_Delivery,Z08,28.743354,77.050467,335,15.6,10.0,6456.39,3779.25,81,3,45221,2,81,Heavy Rain,29.7,5.1,0
2026-09-07 15:18:21,R020,H01,ORD00478,Scooter,On_Delivery,Z08,28.51446,77.197956,77,15.2,15.8,5603.29,4314.63,61,0,26161,1,59,Cloudy,33.1,0,0
2026-09-07 15:22:39,R016,H04,ORD00331,EV Scooter,On_Delivery,Z06,28.746906,77.070361,168,17.3,17.8,5645.4,3297.52,89,0,22127,1,51,Clear,30.8,0,0
2026-09-07 15:42:08,R016,H02,ORD00273,EV Scooter,On_Delivery,Z06,28.458505,77.042556,47,9.3,22.5,5387.23,4116.97,82,0,19647,1,46,Clear,28.4,0,0
2026-09-07 16:00:06,R021,H01,ORD00463,Bike,On_Delivery,Z03,28.536956,77.188183,164,9.8,19.5,5992.44,4557.56,68,0,25182,2,69,Clear,28.5,0,0
2026-09-07 16:03:04,R022,H05,ORD00219,EV Scooter,On_Delivery,Z03,28.596768,77.028111,256,10.9,14.6,5376.94,3356.61,81,0,27566,1,55,Light Rain,28.2,1.7,0
2026-09-07 16:48:35,R006,H03,ORD00293,EV Scooter,On_Delivery,Z05,28.538702,77.415786,252,4.5,21.5,6297.84,4008.43,73,0,21610,2,48,Clear,32.8,0,0
2026-09-07 17:00:25,R007,H03,ORD00271,Bike,On_Delivery,Z01,28.542395,77.399767,299,3.8,17.8,5741.45,3480.77,65,0,25414,1,83,Cloudy,32.2,0,0
2026-09-07 17:03:55,R015,H01,ORD00067,Scooter,On_Delivery,Z07,28.535582,77.197109,104,4.8,10.4,5451.21,3482.64,60,0,38905,1,89,Clear,33.3,0,0
2026-09-07 17:06:15,R015,H03,ORD00430,Bike,On_Delivery,Z07,28.545894,77.372778,75,17.8,17.6,6099.59,4351.86,56,0,23572,2,84,Clear,31.6,0,0
2026-09-07 17:17:33,R011,H04,ORD00419,Bike,On_Delivery,Z03,28.760439,77.040502,232,13.0,13.4,5870.13,4595.65,75,0,34962,2,88,Clear,31.6,0,0
2026-09-07 17:17:47,R003,H04,ORD00036,EV Scooter,On_Delivery,Z08,28.74222,77.049766,247,6.2,13.6,5832.71,3424.45,63,0,30929,1,89,Cloudy,30.0,0,0
2026-09-07 17:18:09,R017,H02,ORD00327,Scooter,On_Delivery,Z04,28.487951,77.015732,142,16.6,7,5606.08,3641.24,73,0,65228,1,100,Heavy Rain,31.9,6.9,0
2026-09-07 17:21:59,R005,H03,ORD00194,Bike,On_Delivery,Z05,28.545194,77.413739,205,4.9,13.3,6053.86,4125.97,78,2,30860,2,83,Clear,33.1,0,0
2026-09-07 17:26:05,R004,H02,ORD00312,Scooter,On_Delivery,Z05,28.464028,77.045708,12,16.7,7,6451.18,4138.99,57,0,64405,1,100,Heavy Rain,30.3,4.0,0
2026-09-07 17:26:55,R025,H05,ORD00393,Bike,On_Delivery,Z08,28.58619,77.028762,232,7.9,12.8,6133.37,4598.15,75,0,35235,2,93,Clear,28.9,0,0
2026-09-07 17:29:26,R015,H03,ORD00305,Bike,On_Delivery,Z03,28.544869,77.377339,57,10.1,20.1,5489.92,3683.67,71,0,20036,2,73,Clear,29.9,0,0
2026-09-07 17:44:42,R019,H03,ORD00003,Scooter,On_Delivery,Z06,28.530672,77.412859,5,5.1,8.5,5297.14,3866.97,60,0,42283,2,99,Light Rain,31.9,0.8,0
2026-09-07 17:49:25,R012,H05,ORD00220,Scooter,On_Delivery,Z06,28.589203,77.064596,252,8.3,15.7,5563.16,4005.34,86,0,28180,1,75,Clear,29.5,0,0
2026-09-07 18:32:36,R011,H05,ORD00266,EV Scooter,On_Delivery,Z05,28.591046,77.062923,26,3.2,7,5794.18,3846.5,58,0,55472,1,100,Heavy Rain,25.5,6.4,0
2026-09-07 18:50:12,R023,H01,ORD00278,Scooter,On_Delivery,Z07,28.531658,77.197313,63,7.5,10.4,5964.26,3731.66,88,2,47136,1,93,Clear,33.1,0,0
2026-09-07 18:58:03,R015,H05,ORD00265,Bike,On_Delivery,Z08,28.588121,77.030903,115,16.7,18.4,5317.16,3848.45,64,0,21340,1,81,Cloudy,33.3,0,0
2026-09-07 19:15:36,R001,H01,ORD00500,Bike,On_Delivery,Z08,28.520001,77.191362,84,7.7,14.3,5258.07,3488.02,65,0,26864,1,90,Cloudy,32.9,0,0
2026-09-07 19:19:13,R024,H02,ORD00230,Scooter,On_Delivery,Z05,28.465091,77.053695,134,15.2,15.6,5286.0,3695.06,94,0,25039,2,83,Clear,31.6,0,0
2026-09-07 19:21:32,R005,H03,ORD00235,Scooter,On_Delivery,Z01,28.542264,77.394115,39,9.2,14.9,6086.18,3915.16,91,0,32539,2,83,Cloudy,33.2,0,0
2026-09-07 19:22:43,R016,H05,ORD00109,EV Scooter,On_Delivery,Z04,28.616912,77.037307,285,15.8,7,5513.0,3789.11,53,0,55311,2,100,Heavy Rain,27.6,11.4,0
2026-09-07 19:23:27,R009,H05,ORD00338,EV Scooter,On_Delivery,Z06,28.584312,77.061907,331,9.9,16.8,5517.97,3825.37,83,0,26352,2,70,Clear,31.8,0,0
2026-09-07 19:25:33,R007,H04,ORD00010,EV Scooter,On_Delivery,Z07,28.76086,77.035182,92,11.6,17.8,5235.7,3928.72,56,0,24510,2,74,Clear,28.8,0,0
2026-09-07 19:28:10,R012,H05,ORD00413,Scooter,On_Delivery,Z02,28.612092,77.063109,147,6.7,12.3,5654.93,4219.54,58,0,31115,1,92,Clear,28.5,0,0
2026-09-07 19:28:12,R004,H03,ORD00395,Scooter,On_Delivery,Z04,28.556154,77.384292,138,9.6,18.7,5968.65,4352.11,63,0,21127,1,66,Cloudy,32.9,0,0
2026-09-07 19:29:13,R023,H03,ORD00205,EV Scooter,On_Delivery,Z05,28.541282,77.414872,353,7.6,12.0,5349.34,4104.25,61,0,31975,2,89,Clear,30.1,0,0
2026-09-07 19:32:31,R011,H01,ORD00414,EV Scooter,On_Delivery,Z03,28.53382,77.188393,158,7.0,13.0,5265.91,3497.52,55,0,28022,2,71,Clear,32.7,0,0
2026-09-07 19:42:24,R015,H04,ORD00451,Scooter,On_Delivery,Z03,28.758404,77.042625,4,14.8,9.6,5265.86,3610.2,86,0,39811,2,84,Heavy Rain,30.4,6.1,0
2026-09-07 19:47:01,R015,H03,ORD00081,Scooter,On_Delivery,Z06,28.531285,77.408853,301,6.2,7,6163.57,4016.97,68,0,65909,2,100,Heavy Rain,31.5,8.5,0
2026-09-07 20:13:32,R004,H05,ORD00203,Bike,On_Delivery,Z03,28.595746,77.037593,334,10.7,18.2,6490.17,4366.88,68,0,27760,2,68,Cloudy,28.0,0,0
2026-09-07 20:13:42,R015,H03,ORD00241,EV Scooter,On_Delivery,Z06,28.533719,77.411321,59,6.4,9.1,6052.89,4070.37,59,0,50536,1,79,Light Rain,30.8,1.1,0
2026-09-07 20:14:51,R012,H04,ORD00284,Scooter,On_Delivery,Z07,28.759419,77.032492,275,6.1,12.7,4934.46,3840.87,60,0,30944,1,90,Clear,31.5,0,0
2026-09-07 20:16:09,R022,H01,ORD00204,EV Scooter,On_Delivery,Z03,28.534736,77.190684,200,5.0,10.8,6597.85,3827.03,91,0,42206,1,86,Clear,31.2,0,0
2026-09-07 20:19:24,R001,H03,ORD00317,EV Scooter,On_Delivery,Z04,28.559986,77.385205,32,17.5,18.7,5082.06,3798.94,84,0,21210,1,69,Clear,29.6,0,0
2026-09-07 20:44:47,R023,H04,ORD00136,Bike,On_Delivery,Z04,28.774866,77.051772,281,3.7,14.6,5012.77,3800.85,59,0,27880,2,95,Clear,32.2,0,0
2026-09-07 20:56:18,R010,H01,ORD00048,Scooter,On_Delivery,Z08,28.513701,77.194589,267,3.6,14.6,5833.21,4117.83,74,0,32498,2,87,Clear,32.9,0,0
2026-09-07 20:57:42,R019,H02,ORD00489,Scooter,On_Delivery,Z06,28.460537,77.053568,244,3.1,15.4,5866.61,4588.1,59,0,28908,1,84,Clear,31.4,0,0
2026-09-07 21:06:01,R011,H04,ORD00177,Scooter,On_Delivery,Z03,28.753223,77.047714,73,8.1,29.2,6447.67,3695.02,62,0,14943,1,29,Clear,33.5,0,0
2026-09-07 21:06:07,R022,H04,ORD00066,Scooter,On_Delivery,Z08,28.738623,77.040639,54,14.1,20.7,5598.06,4254.81,85,0,18397,1,32,Light Rain,28.1,2.3,0
2026-09-07 21:27:30,R016,H03,ORD00250,EV Scooter,On_Delivery,Z02,28.552663,77.406381,13,15.3,20.6,5770.93,3473.96,61,0,22943,1,33,Clear,33.3,0,0
2026-09-07 21:28:19,R019,H05,ORD00306,Scooter,On_Delivery,Z03,28.601199,77.033957,352,11.3,16.6,5318.67,4002.81,89,0,23992,2,37,Light Rain,30.1,1.3,0
2026-09-07 21:34:04,R013,H03,ORD00255,Bike,On_Delivery,Z08,28.530536,77.385161,342,6.9,17.0,6316.46,4502.51,56,0,28272,2,38,Light Rain,32.4,2.6,0
2026-09-07 22:13:52,R025,H02,ORD00149,EV Scooter,On_Delivery,Z03,28.464884,77.013331,94,3.9,20.3,6720.7,4149.46,65,0,25111,1,43,Cloudy,32.9,0,0
2026-09-07 22:26:43,R008,H04,ORD00043,Bike,On_Delivery,Z08,28.7389,77.050144,333,7.5,19.2,5800.88,3561.76,59,0,21626,1,43,Light Rain,30.6,2.6,0
2026-09-07 22:37:34,R001,H02,ORD00467,Scooter,On_Delivery,Z02,28.479858,77.040452,178,3.8,16.2,5541.66,3196.48,84,0,23485,1,46,Light Rain,32.7,2.7,0
2026-09-07 22:42:27,R023,H05,ORD00471,Scooter,On_Delivery,Z06,28.585936,77.065176,239,16.2,27.3,5731.09,3653.92,87,0,16123,2,21,Clear,32.2,0,0
2026-09-07 22:45:36,R025,H04,ORD00101,Bike,On_Delivery,Z08,28.746279,77.041636,222,12.9,29.6,5702.17,4340.04,62,0,13958,1,37,Clear,32.7,0,0
2026-09-07 22:48:30,R001,H04,ORD00113,Bike,On_Delivery,Z08,28.74482,77.047238,50,5.0,30.9,6891.52,4172.77,87,0,14832,2,38,Clear,30.4,0,0
2026-09-07 22:50:08,R022,H01,ORD00225,Bike,On_Delivery,Z01,28.539678,77.213866,18,16.1,29.0,5305.92,3885.49,53,0,14580,1,40,Clear,30.7,0,0
2026-09-07 22:50:35,R001,H01,ORD00498,EV Scooter,On_Delivery,Z07,28.53713,77.185243,331,12.5,22.0,5711.35,4366.98,57,0,20255,2,27,Clear,30.4,0,0
2026-09-07 22:52:25,R009,H04,ORD00336,EV Scooter,On_Delivery,Z07,28.761447,77.037463,306,5.0,27.4,6576.76,3811.64,61,0,17565,1,34,Clear,33.4,0,0
2026-09-07 23:13:43,R020,H03,ORD00128,EV Scooter,On_Delivery,Z07,28.546318,77.371761,338,6.8,14.2,5643.65,3700.55,92,0,29497,2,51,Light Rain,31.8,1.3,0
2026-09-07 23:26:47,R023,H01,ORD00346,Bike,On_Delivery,Z03,28.532338,77.19656,355,4.8,19.6,5502.97,3562.98,57,0,19768,2,27,Light Rain,27.3,0.5,0
2026-09-07 23:38:50,R020,H02,ORD00277,Scooter,On_Delivery,Z03,28.466035,77.010818,110,15.0,19.2,5646.59,4229.7,68,0,19844,2,38,Clear,32.8,0,1
2026-09-07 23:40:53,R003,H02,ORD00026,Scooter,On_Delivery,Z04,28.489123,77.024171,91,3.4,23.2,5458.66,4213.63,68,0,19340,2,37,Clear,33.1,0,0
2026-09-07 23:48:15,R005,H05,ORD00319,EV Scooter,On_Delivery,Z02,28.61174,77.056728,264,4.0,26.2,5471.36,3673.25,92,0,16004,1,32,Clear,33.4,0,0
2026-09-07 23:59:33,R024,H04,ORD00184,Bike,On_Delivery,Z05,28.756637,77.083176,95,6.7,25.4,5138.23,3840.6,76,0,16081,1,29,Light Rain,27.8,1.0,0
2026-09-07 23:59:54,R002,H04,ORD00269,Scooter,On_Delivery,Z07,28.757629,77.044367,303,10.7,19.4,5211.95,3758.23,69,0,20336,2,35,Clear,33.6,0,0
2026-09-08 00:03:05,R006,H02,ORD00300,EV Scooter,On_Delivery,Z07,28.468857,77.006858,349,15.6,20.4,6141.21,3797.76,75,0,22597,1,35,Light Rain,27.2,0.8,0
2026-09-08 00:04:42,R020,H03,ORD00213,EV Scooter,On_Delivery,Z08,28.525909,77.381043,187,6.5,15.5,5205.99,3634.61,65,0,25604,1,38,Light Rain,30.1,2.9,0
2026-09-08 00:29:28,R016,H04,ORD00280,Scooter,On_Delivery,Z06,28.744417,77.075365,171,5.1,21.1,5685.74,3502.56,70,0,19168,2,39,Clear,33.1,0,0
2026-09-08 00:32:56,R008,H04,ORD00234,Bike,On_Delivery,Z07,28.753038,77.036698,138,16.9,31.4,5543.26,3416.67,77,0,13054,2,32,Clear,30.6,0,0
2026-09-08 00:47:31,R024,H03,ORD00174,Scooter,On_Delivery,Z03,28.543572,77.376805,61,14.8,29.7,5243.38,3978.51,53,0,14213,2,28,Cloudy,33.0,0,0
2026-09-08 01:01:33,R007,H03,ORD00378,Bike,On_Delivery,Z05,28.538228,77.408996,255,6.1,31.8,6029.44,3580.09,71,0,15359,1,23,Clear,32.4,0,0
2026-09-08 01:04:25,R014,H02,ORD00496,EV Scooter,On_Delivery,Z01,28.47077,77.034535,217,14.7,10.7,6010.95,4265.57,78,0,46393,1,49,Heavy Rain,29.2,7.8,0
2026-09-08 01:34:49,R024,H02,ORD00180,Bike,On_Delivery,Z04,28.485536,77.013158,72,14.4,18.7,5146.65,3832.19,90,0,21604,2,42,Light Rain,28.4,1.9,0
2026-09-08 02:07:35,R014,H05,ORD00257,Scooter,On_Delivery,Z03,28.603029,77.036111,45,3.5,17.4,5572.62,4173.88,53,0,22407,2,57,Light Rain,30.6,2.1,0
2026-09-08 02:12:18,R023,H02,ORD00193,Scooter,On_Delivery,Z06,28.454665,77.037237,145,7.9,14.5,5635.56,3447.81,57,0,30754,1,58,Light Rain,28.5,1.6,0
2026-09-08 02:21:12,R017,H02,ORD00182,Scooter,On_Delivery,Z05,28.458244,77.043908,214,17.8,24.2,5201.48,3793.76,55,0,17644,2,29,Clear,30.3,0,0
2026-09-08 02:21:35,R011,H04,ORD00032,Bike,On_Delivery,Z07,28.758227,77.039065,140,8.2,24.3,5322.9,3382.9,60,0,16953,2,25,Clear,32.1,0,0
2026-09-08 02:27:48,R009,H04,ORD00326,EV Scooter,On_Delivery,Z02,28.763536,77.067926,167,8.3,24.9,5526.84,3391.32,81,0,15953,1,25,Cloudy,32.1,0,0
2026-09-08 02:46:12,R015,H03,ORD00422,EV Scooter,On_Delivery,Z03,28.540793,77.380053,296,5.7,19.7,6872.5,4241.44,76,0,28287,2,38,Clear,33.4,0,0
2026-09-08 02:47:03,R011,H04,ORD00236,Bike,On_Delivery,Z01,28.7634,77.068639,153,3.2,21.8,5252.51,3744.63,60,0,19634,2,39,Clear,32.9,0,0
2026-09-08 02:49:11,R007,H03,ORD00304,Bike,On_Delivery,Z07,28.539711,77.375321,73,10.9,24.1,5340.91,3535.61,87,0,16071,1,50,Clear,29.9,0,0
2026-09-08 02:51:01,R009,H03,ORD00080,Bike,On_Delivery,Z07,28.540284,77.371932,58,4.2,22.9,6468.82,3912.01,67,0,19486,2,40,Light Rain,32.0,2.2,0
2026-09-08 02:53:02,R023,H04,ORD00443,EV Scooter,On_Delivery,Z05,28.755101,77.079702,122,15.8,22.5,6080.56,3974.51,84,0,20609,1,39,Clear,30.8,0,0
2026-09-08 02:53:17,R004,H01,ORD00151,Scooter,On_Delivery,Z03,28.533992,77.188834,325,11.5,26.3,7002.92,4249.41,93,0,19689,2,28,Cloudy,28.8,0,0
2026-09-08 02:53:21,R016,H04,ORD00469,Scooter,On_Delivery,Z02,28.769122,77.071176,302,12.7,20.8,6659.59,3771.0,59,0,24908,2,40,Clear,32.9,0,0
2026-09-08 02:58:24,R021,H05,ORD00380,Bike,On_Delivery,Z02,28.605566,77.055879,0,13.8,23.8,6212.6,4484.52,67,0,21342,2,35,Clear,29.3,0,0
2026-09-08 03:05:13,R015,H05,ORD00176,Bike,On_Delivery,Z05,28.59476,77.063919,278,11.8,31.9,6853.76,4061.88,78,0,16389,1,32,Cloudy,30.0,0,0
2026-09-08 03:24:02,R022,H03,ORD00474,EV Scooter,On_Delivery,Z08,28.531181,77.385017,228,14.0,24.7,6076.39,3884.69,79,0,20120,2,35,Clear,31.1,0,0
2026-09-08 03:35:32,R008,H01,ORD00075,Scooter,On_Delivery,Z01,28.536708,77.211314,126,15.7,26.5,5199.07,3528.55,55,3,15808,1,26,Cloudy,29.5,0,0
2026-09-08 03:36:45,R015,H02,ORD00322,Scooter,On_Delivery,Z06,28.458371,77.039227,287,15.8,22.5,5749.92,3456.69,55,0,20959,2,46,Clear,28.8,0,0
2026-09-08 03:43:16,R008,H05,ORD00158,Scooter,On_Delivery,Z06,28.585957,77.072069,306,14.1,13.4,6457.47,4700.86,64,0,37512,2,49,Heavy Rain,28.0,11.3,0
2026-09-08 03:44:27,R004,H03,ORD00034,Scooter,On_Delivery,Z04,28.558246,77.389746,275,5.0,22.9,6425.34,3651.49,54,0,20997,1,38,Cloudy,28.6,0,0
2026-09-08 03:55:07,R013,H02,ORD00330,Bike,On_Delivery,Z07,28.464512,77.014687,74,10.7,29.2,5961.74,4586.34,83,0,15383,2,26,Cloudy,31.1,0,0
2026-09-08 04:10:09,R005,H04,ORD00024,Bike,On_Delivery,Z04,28.769841,77.048359,58,3.6,14.1,5728.89,4298.78,54,0,27704,2,44,Heavy Rain,28.7,7.7,0
2026-09-08 04:14:30,R010,H03,ORD00287,Bike,On_Delivery,Z01,28.549182,77.393065,183,15.7,23.3,5670.07,3355.74,70,2,17209,2,45,Cloudy,29.6,0,0
2026-09-08 04:19:30,R017,H03,ORD00353,Bike,On_Delivery,Z05,28.535088,77.405196,35,4.1,27.1,6277.69,3669.1,88,0,18255,2,31,Clear,28.7,0,0
2026-09-08 04:37:25,R008,H05,ORD00088,Bike,On_Delivery,Z07,28.601445,77.024064,58,9.1,29.6,5743.87,3946.52,59,0,15072,1,39,Clear,32.5,0,0
2026-09-08 04:40:45,R014,H04,ORD00160,Bike,On_Delivery,Z03,28.757902,77.035877,57,7.2,28.0,5283.08,3447.69,58,0,14531,2,20,Clear,33.6,0,0
2026-09-08 04:45:47,R016,H04,ORD00135,Scooter,On_Delivery,Z04,28.765339,77.05041,307,4.5,13.0,6283.33,4518.99,83,0,38256,1,58,Light Rain,28.0,0.4,0
2026-09-08 04:47:48,R022,H03,ORD00052,Bike,On_Delivery,Z02,28.556776,77.410325,86,3.0,24.0,5597.46,3918.43,92,0,15641,1,36,Cloudy,28.0,0,0
2026-09-08 04:48:16,R025,H05,ORD00207,Bike,On_Delivery,Z07,28.604894,77.032012,325,15.7,23.9,5380.06,4052.97,65,0,16866,2,29,Clear,28.8,0,0
2026-09-08 05:04:20,R011,H02,ORD00375,Scooter,On_Delivery,Z02,28.474098,77.034981,205,12.9,23.9,5777.88,3478.65,79,0,19265,2,40,Clear,28.2,0,0
2026-09-08 05:07:45,R001,H05,ORD00389,Scooter,On_Delivery,Z04,28.616182,77.040105,15,6.9,22.5,5338.85,3802.21,71,0,17425,1,33,Cloudy,32.6,0,0
2026-09-08 05:47:21,R013,H01,ORD00195,Bike,On_Delivery,Z07,28.535547,77.196204,358,17.0,22.4,5963.16,3504.4,67,0,20581,1,30,Light Rain,30.3,2.9,0
2026-09-08 05:52:25,R018,H02,ORD00161,Bike,On_Delivery,Z02,28.477905,77.047964,289,14.5,22.2,5550.93,4203.01,63,0,19275,1,49,Clear,28.4,0,0
2026-09-08 05:55:17,R013,H04,ORD00412,Bike,On_Delivery,Z08,28.744015,77.048059,131,17.3,25.1,5655.61,3198.58,71,0,16832,1,50,Clear,33.8,0,0
2026-09-08 05:55:59,R023,H02,ORD00325,Bike,On_Delivery,Z03,28.460439,77.009214,220,4.6,31.4,6185.67,3748.37,81,0,14395,1,26,Cloudy,30.2,0,0
2026-09-08 05:57:44,R004,H03,ORD00432,Scooter,On_Delivery,Z06,28.530348,77.410885,255,8.9,15.9,6050.41,4379.26,56,0,30510,2,42,Light Rain,28.8,1.1,0
2026-09-08 05:58:21,R023,H03,ORD00181,Bike,On_Delivery,Z08,28.52334,77.386692,286,17.3,33.3,5627.39,3382.38,55,0,11638,2,31,Cloudy,28.6,0,0
2026-09-08 06:10:19,R014,H02,ORD00423,Scooter,On_Delivery,Z04,28.490099,77.019387,347,12.0,15.9,5550.05,4113.85,85,0,28920,2,38,Light Rain,31.9,2.5,0
2026-09-08 06:30:08,R009,H01,ORD00073,Bike,On_Delivery,Z03,28.527599,77.193608,174,7.6,9.8,6157.03,3543.77,70,0,48818,2,64,Heavy Rain,30.8,7.2,0
2026-09-08 06:43:18,R018,H02,ORD00275,EV Scooter,On_Delivery,Z06,28.453447,77.044079,98,12.1,19.8,5228.5,3817.8,70,0,20400,1,32,Clear,33.0,0,0
2026-09-08 06:46:52,R019,H04,ORD00037,Scooter,On_Delivery,Z05,28.74951,77.070607,191,8.7,27.2,5892.62,3939.68,74,0,17623,2,39,Clear,31.9,0,0
2026-09-08 06:56:52,R023,H03,ORD00100,EV Scooter,On_Delivery,Z06,28.535434,77.40746,256,16.3,24.9,6170.43,4144.17,90,0,18877,1,32,Cloudy,33.7,0,0
2026-09-08 07:06:12,R009,H03,ORD00461,Bike,On_Delivery,Z02,28.55733,77.40404,224,15.4,25.5,5354.22,4116.79,60,0,15783,2,27,Clear,33.1,0,0
2026-09-08 07:10:31,R023,H01,ORD00435,EV Scooter,On_Delivery,Z07,28.535533,77.196007,117,13.0,10.2,5988.55,4342.11,86,0,42174,2,60,Heavy Rain,26.2,7.9,0
2026-09-08 07:21:52,R024,H04,ORD00248,Scooter,On_Delivery,Z04,28.766781,77.043004,220,9.7,26.4,6023.27,4610.05,77,0,16816,1,41,Clear,33.2,0,0
2026-09-08 07:23:54,R016,H05,ORD00450,Scooter,On_Delivery,Z07,28.597127,77.033828,296,9.8,19.1,6184.76,4132.87,67,0,25224,1,50,Clear,29.0,0,0
2026-09-08 07:30:54,R002,H02,ORD00417,Scooter,On_Delivery,Z03,28.462124,77.010149,181,13.7,12.7,6031.37,3579.21,69,0,33962,2,52,Heavy Rain,30.6,10.9,0
2026-09-08 07:34:33,R008,H05,ORD00459,EV Scooter,On_Delivery,Z03,28.593064,77.035133,230,6.1,20.7,5918.92,4327.92,54,1,23845,2,45,Cloudy,29.5,0,0
2026-09-08 07:35:41,R010,H04,ORD00437,EV Scooter,On_Delivery,Z01,28.753802,77.059125,290,12.6,23.3,6209.25,4636.63,52,0,18558,1,43,Cloudy,33.0,0,0
2026-09-08 07:38:58,R003,H01,ORD00008,EV Scooter,On_Delivery,Z08,28.52384,77.198337,124,11.7,30.8,5927.93,3908.09,80,0,14834,2,20,Cloudy,28.8,0,0
2026-09-08 07:51:27,R018,H01,ORD00401,Scooter,On_Delivery,Z04,28.546631,77.204198,95,7.5,28.7,6550.71,3733.09,79,0,18675,2,21,Clear,33.5,0,0
2026-09-08 08:06:50,R001,H04,ORD00127,Scooter,On_Delivery,Z07,28.759185,77.046309,203,14.5,9.8,6271.1,3770.43,91,0,43211,1,96,Light Rain,30.8,2.1,0
2026-09-08 08:10:08,R003,H05,ORD00444,Scooter,On_Delivery,Z08,28.587362,77.031951,321,3.6,12.5,5345.42,3677.82,63,0,32004,2,79,Clear,28.1,0,0
2026-09-08 08:12:03,R008,H04,ORD00406,Scooter,On_Delivery,Z04,28.770143,77.055031,218,13.2,8.1,6020.98,3720.7,91,0,52208,1,92,Light Rain,30.9,1.0,0
2026-09-08 08:21:12,R025,H02,ORD00208,EV Scooter,On_Delivery,Z03,28.46487,77.006307,131,4.8,16.6,5416.43,4225.69,72,0,26207,1,80,Clear,29.9,0,0
2026-09-08 08:32:22,R021,H02,ORD00249,EV Scooter,On_Delivery,Z01,28.476737,77.039348,110,6.9,13.1,5887.4,4285.63,66,0,29838,2,75,Clear,33.2,0,0
2026-09-08 08:43:03,R001,H02,ORD00425,EV Scooter,On_Delivery,Z01,28.471525,77.036797,128,10.2,11.8,5730.72,4019.26,78,0,38344,2,90,Clear,28.3,0,0
2026-09-08 08:45:48,R019,H05,ORD00055,Scooter,On_Delivery,Z04,28.619367,77.034214,284,15.7,7.0,6347.36,4543.82,60,0,74275,1,88,Heavy Rain,25.8,7.2,0
2026-09-08 08:46:47,R003,H02,ORD00397,Bike,On_Delivery,Z04,28.485206,77.018653,25,4.3,12.1,5109.75,4007.86,86,0,31603,2,81,Light Rain,27.9,0.5,0
2026-09-08 08:53:31,R006,H04,ORD00328,EV Scooter,On_Delivery,Z02,28.769994,77.072989,305,8.5,16.2,5438.5,4165.04,79,0,26666,1,69,Clear,28.5,0,0
2026-09-08 09:02:09,R015,H03,ORD00192,Scooter,On_Delivery,Z05,28.539989,77.406694,283,12.7,13.8,5521.95,3759.53,77,0,27646,2,82,Cloudy,33.9,0,0
2026-09-08 09:28:21,R022,H01,ORD00201,Bike,On_Delivery,Z07,28.531648,77.190729,356,10.7,18.0,5476.68,3978.82,65,0,21750,2,72,Cloudy,33.9,0,0
2026-09-08 09:29:05,R013,H03,ORD00259,Scooter,On_Delivery,Z03,28.536929,77.37782,326,5.7,7,5529.18,3726.7,77,2,55856,2,92,Heavy Rain,28.6,6.1,0
2026-09-08 09:36:35,R013,H05,ORD00408,Bike,On_Delivery,Z07,28.599985,77.029011,123,3.8,23.2,5683.43,3445.06,60,0,18390,2,67,Cloudy,32.4,0,0
2026-09-08 09:37:38,R018,H04,ORD00279,EV Scooter,On_Delivery,Z06,28.748971,77.071844,167,9.2,14.8,6664.6,4448.57,86,0,30116,1,75,Clear,33.7,0,0
2026-09-08 09:46:29,R009,H04,ORD00487,EV Scooter,On_Delivery,Z08,28.741621,77.052041,336,15.1,17.3,5718.48,3532.27,63,0,24007,1,62,Clear,29.3,0,0
2026-09-08 09:57:19,R004,H05,ORD00440,EV Scooter,On_Delivery,Z07,28.596381,77.024803,208,10.5,12.6,5516.31,3730.59,57,3,35364,2,76,Clear,30.8,0,0
2026-09-08 09:59:06,R005,H01,ORD00475,Bike,On_Delivery,Z06,28.523329,77.218999,109,14.1,23.1,6152.29,3641.43,88,0,19825,2,64,Clear,28.1,0,0
2026-09-08 10:18:15,R025,H04,ORD00486,EV Scooter,On_Delivery,Z05,28.758277,77.081848,176,4.7,8.8,5423.3,3596.02,60,0,46402,1,93,Light Rain,30.9,1.1,0
2026-09-08 10:28:59,R002,H03,ORD00152,Scooter,On_Delivery,Z02,28.549466,77.402105,269,14.4,14.8,5722.6,3498.42,66,0,31624,1,78,Clear,28.9,0,0
2026-09-08 10:31:09,R015,H04,ORD00226,EV Scooter,On_Delivery,Z05,28.752219,77.073056,188,17.7,13.6,6545.11,4576.5,86,0,34190,1,88,Cloudy,28.6,0,1
2026-09-08 10:32:24,R019,H05,ORD00216,Bike,On_Delivery,Z07,28.600334,77.025835,116,14.4,20.8,5656.35,3814.99,53,1,18267,1,67,Clear,31.1,0,0
2026-09-08 10:37:54,R022,H04,ORD00329,EV Scooter,On_Delivery,Z05,28.751102,77.081767,73,9.6,13.8,5884.91,4055.25,89,3,33968,2,78,Light Rain,28.6,0.4,0
2026-09-08 10:40:03,R019,H04,ORD00185,Bike,On_Delivery,Z08,28.740681,77.040311,11,10.1,18.1,6347.01,3995.06,81,0,26490,1,62,Clear,31.3,0,0
2026-09-08 11:00:46,R011,H03,ORD00065,Bike,On_Delivery,Z04,28.552684,77.381094,229,5.4,18.5,5590.48,3536.63,77,0,24420,2,68,Clear,29.4,0,0
2026-09-08 11:02:08,R014,H01,ORD00340,EV Scooter,On_Delivery,Z04,28.540602,77.20358,333,7.1,15.1,5464.21,4046.72,67,0,26840,1,61,Clear,33.3,0,0
2026-09-08 11:11:47,R007,H03,ORD00303,Bike,On_Delivery,Z05,28.534825,77.413707,334,16.7,19.4,6041.68,3944.97,65,0,20736,2,70,Cloudy,29.2,0,0
2026-09-08 11:23:21,R021,H03,ORD00308,EV Scooter,On_Delivery,Z04,28.562562,77.384773,15,13.8,10.4,6224.09,4526.22,71,0,44010,2,56,Heavy Rain,26.9,9.3,0
2026-09-08 11:25:56,R021,H04,ORD00005,Bike,On_Delivery,Z07,28.752733,77.04582,200,8.9,13.9,6184.45,3789.11,59,0,34332,1,60,Light Rain,31.0,0.9,0
2026-09-08 11:28:19,R019,H05,ORD00232,Scooter,On_Delivery,Z03,28.593744,77.029555,331,13.4,19.4,6028.94,3711.85,66,0,23320,2,37,Cloudy,33.5,0,0
2026-09-08 11:31:52,R024,H01,ORD00188,EV Scooter,On_Delivery,Z08,28.519824,77.194971,189,14.6,11.3,5847.91,3740.56,78,0,41485,2,71,Light Rain,31.7,0.2,0
2026-09-08 11:35:01,R001,H03,ORD00168,Bike,On_Delivery,Z06,28.529952,77.411935,307,17.7,17.3,5636.02,3800.52,56,0,26342,2,61,Clear,33.6,0,0
2026-09-08 11:36:24,R011,H04,ORD00462,Scooter,On_Delivery,Z06,28.749238,77.07347,265,11.0,21.7,6466.37,3758.42,75,0,24884,2,57,Cloudy,28.8,0,0
2026-09-08 11:42:48,R010,H02,ORD00063,EV Scooter,On_Delivery,Z05,28.462637,77.05131,284,8.1,23.5,6571.5,4194.4,72,0,23351,2,49,Cloudy,32.2,0,0
2026-09-08 11:52:46,R003,H03,ORD00345,EV Scooter,On_Delivery,Z05,28.543548,77.416703,244,17.6,24.1,6041.54,3909.01,81,0,17868,1,49,Clear,30.2,0,0
2026-09-08 11:53:12,R014,H02,ORD00441,EV Scooter,On_Delivery,Z07,28.467903,77.015925,358,16.5,11.4,6447.07,3851.31,73,0,44293,1,60,Heavy Rain,31.1,8.2,1
2026-09-08 11:53:31,R007,H05,ORD00390,EV Scooter,On_Delivery,Z05,28.598094,77.072208,74,6.6,26.3,5368.81,4157.32,59,0,14142,1,39,Cloudy,29.6,0,0
2026-09-08 12:02:41,R004,H04,ORD00495,EV Scooter,On_Delivery,Z07,28.761651,77.04094,161,14.5,18.4,5452.76,3905.54,84,0,19597,1,64,Clear,30.2,0,0
2026-09-08 12:09:53,R024,H05,ORD00218,Scooter,On_Delivery,Z01,28.606305,77.059616,292,13.2,18.7,5826.77,4190.27,67,0,21785,2,66,Clear,33.1,0,0
2026-09-08 12:32:23,R023,H03,ORD00446,EV Scooter,On_Delivery,Z04,28.560753,77.382918,316,9.3,9.5,6095.78,4499.67,91,0,47265,2,75,Heavy Rain,27.9,11.3,1
2026-09-08 12:39:14,R001,H03,ORD00344,Bike,On_Delivery,Z05,28.54134,77.413706,40,17.3,20.1,6597.18,3899.89,85,0,23000,1,50,Clear,30.4,0,0
2026-09-08 12:44:01,R004,H05,ORD00488,Scooter,On_Delivery,Z08,28.589693,77.03458,201,16.3,18.4,5900.01,4578.95,54,0,24797,2,51,Clear,29.3,0,0
2026-09-08 12:45:52,R017,H03,ORD00268,Scooter,On_Delivery,Z05,28.545301,77.403561,224,9.7,13.3,5380.08,3426.29,59,0,29813,1,67,Light Rain,31.0,1.6,0
2026-09-08 12:54:37,R012,H05,ORD00139,Bike,On_Delivery,Z07,28.597124,77.033443,338,5.6,12.2,5787.21,3386.65,79,0,32153,2,75,Light Rain,32.4,0.5,0
2026-09-08 12:54:37,R018,H01,ORD00290,Bike,On_Delivery,Z02,28.543608,77.223562,36,14.5,19.0,6279.03,3945.05,75,0,24228,2,66,Clear,29.9,0,0
2026-09-08 12:59:17,R015,H02,ORD00477,Scooter,On_Delivery,Z05,28.465347,77.044559,136,7.3,23.2,5375.84,3405.67,77,0,17511,1,45,Clear,32.6,0,0
2026-09-08 13:02:08,R025,H05,ORD00239,EV Scooter,On_Delivery,Z06,28.590953,77.069071,145,16.2,15.4,6332.77,4418.45,89,0,31888,1,59,Clear,32.3,0,0
2026-09-08 13:11:39,R018,H05,ORD00025,Scooter,On_Delivery,Z07,28.597749,77.033221,303,5.3,19.1,5935.2,3354.96,78,0,24098,1,54,Cloudy,29.7,0,0
2026-09-08 13:14:16,R016,H05,ORD00199,EV Scooter,On_Delivery,Z08,28.585276,77.039128,320,16.3,16.2,6564.23,4329.11,54,0,28400,2,52,Cloudy,32.5,0,0
2026-09-08 13:29:24,R009,H02,ORD00341,EV Scooter,On_Delivery,Z03,28.46224,77.012564,301,17.9,14.6,5641.03,3225.64,79,0,29106,2,57,Light Rain,32.8,0.9,0
2026-09-08 13:29:34,R024,H05,ORD00092,Bike,On_Delivery,Z05,28.599227,77.069978,55,4.3,18.9,5855.32,3815.63,63,2,24264,1,65,Clear,29.3,0,0
2026-09-08 13:32:23,R011,H03,ORD00014,Bike,On_Delivery,Z08,28.531538,77.386188,17,7.1,31.4,6543.29,4439.76,80,0,17328,2,37,Cloudy,29.8,0,1
2026-09-08 13:49:34,R022,H01,ORD00046,EV Scooter,On_Delivery,Z06,28.527437,77.227216,243,10.0,8.2,6543.2,3978.12,78,0,60159,1,75,Heavy Rain,30.7,3.7,0
2026-09-08 13:50:04,R020,H04,ORD00386,Scooter,On_Delivery,Z04,28.770213,77.049487,60,4.9,20.8,6163.83,4036.65,70,0,20518,2,66,Cloudy,28.9,0,0
2026-09-08 13:55:31,R015,H03,ORD00311,Scooter,On_Delivery,Z06,28.526868,77.413976,119,10.7,18.3,5249.15,3723.24,63,0,23350,1,45,Light Rain,32.4,0.3,0
2026-09-08 13:58:41,R019,H01,ORD00155,Scooter,On_Delivery,Z04,28.55208,77.201317,29,5.6,24.8,6200.06,3950.92,91,0,20162,2,44,Cloudy,29.3,0,0
2026-09-08 14:14:37,R014,H05,ORD00313,EV Scooter,On_Delivery,Z06,28.59204,77.058822,238,10.7,19.0,5991.6,3372.36,94,0,22809,1,53,Cloudy,33.8,0,0
2026-09-08 14:33:40,R003,H04,ORD00256,Bike,On_Delivery,Z03,28.754399,77.03817,29,16.2,8.3,5507.92,3523.82,62,0,48584,1,85,Heavy Rain,32.3,6.8,0
2026-09-08 14:38:35,R006,H01,ORD00449,Scooter,On_Delivery,Z02,28.537377,77.220262,178,7.5,16.1,6193.32,4445.5,79,0,28547,1,64,Cloudy,29.2,0,0
2026-09-08 14:46:34,R024,H04,ORD00212,EV Scooter,On_Delivery,Z01,28.759403,77.065749,208,5.0,20.5,6836.4,3930.98,89,0,26768,2,56,Clear,29.1,0,0
2026-09-08 14:52:18,R013,H05,ORD00154,EV Scooter,On_Delivery,Z06,28.59204,77.070115,195,14.3,11.1,6783.42,4396.6,72,0,41883,1,65,Light Rain,27.6,0.4,0
2026-09-08 14:54:57,R020,H02,ORD00099,Bike,On_Delivery,Z03,28.458959,77.011572,175,7.5,21.5,5643.31,4197.0,89,0,21978,2,50,Clear,33.2,0,0
2026-09-08 14:59:19,R020,H02,ORD00382,EV Scooter,On_Delivery,Z01,28.466639,77.03339,255,9.2,19.5,6495.41,4318.72,58,0,23226,2,68,Clear,28.1,0,0
2026-09-08 15:17:50,R004,H03,ORD00335,EV Scooter,On_Delivery,Z07,28.549699,77.370478,13,17.4,17.5,5675.63,3836.35,66,0,25260,1,44,Cloudy,30.5,0,0
2026-09-08 15:18:51,R021,H05,ORD00429,Scooter,On_Delivery,Z07,28.606076,77.031035,33,9.6,18.8,6677.79,4081.08,67,0,25637,2,65,Clear,30.1,0,0
2026-09-08 15:20:31,R018,H05,ORD00253,Scooter,On_Delivery,Z05,28.593112,77.069798,162,4.0,21.7,5927.97,4347.5,77,0,22018,2,46,Clear,32.9,0,0
2026-09-08 15:23:20,R010,H03,ORD00247,EV Scooter,On_Delivery,Z01,28.542518,77.393398,325,10.8,14.3,6035.93,3642.61,74,0,34461,2,66,Clear,31.9,0,0
2026-09-08 15:25:40,R020,H01,ORD00215,EV Scooter,On_Delivery,Z05,28.530589,77.230185,124,17.9,16.5,5557.17,3976.14,53,0,22527,2,64,Cloudy,33.1,0,0
2026-09-08 15:44:05,R002,H01,ORD00086,Scooter,On_Delivery,Z02,28.540524,77.22115,161,15.9,28.8,6665.53,3804.28,75,0,18399,1,36,Cloudy,28.8,0,1
2026-09-08 16:00:24,R022,H01,ORD00013,Scooter,On_Delivery,Z02,28.540693,77.217836,211,14.2,17.1,5921.65,3466.57,81,0,23429,1,57,Clear,33.9,0,1
2026-09-08 16:08:33,R006,H03,ORD00104,EV Scooter,On_Delivery,Z02,28.553989,77.404852,301,11.0,17.9,5572.27,3757.37,64,2,24127,1,66,Clear,28.6,0,0
2026-09-08 16:20:38,R022,H04,ORD00251,Bike,On_Delivery,Z06,28.74899,77.068536,271,13.7,22.3,6057.45,3519.34,74,0,20251,1,35,Cloudy,31.2,0,0
2026-09-08 16:44:39,R011,H05,ORD00242,Bike,On_Delivery,Z05,28.592692,77.066195,12,13.1,18.9,5366.54,3589.57,75,0,21599,1,59,Clear,30.8,0,0
2026-09-08 16:54:16,R021,H03,ORD00479,Bike,On_Delivery,Z08,28.527439,77.378372,283,15.6,18.4,6556.96,4600.98,66,0,23681,1,52,Cloudy,32.2,0,0
2026-09-08 16:54:17,R002,H04,ORD00209,Scooter,On_Delivery,Z08,28.740915,77.049107,311,4.1,27.4,6451.2,4350.55,52,0,17292,2,39,Clear,31.8,0,0
2026-09-08 16:54:46,R025,H02,ORD00144,EV Scooter,On_Delivery,Z05,28.462279,77.054963,190,11.6,19.3,5203.52,3968.27,75,0,20687,2,54,Clear,29.8,0,0
2026-09-08 17:04:35,R019,H05,ORD00316,Bike,On_Delivery,Z03,28.598416,77.027804,155,5.3,15.6,5851.31,3749.34,72,0,30532,1,80,Clear,29.0,0,0
2026-09-08 17:04:37,R012,H05,ORD00464,Bike,On_Delivery,Z06,28.591594,77.061433,359,6.3,20.3,5032.04,3787.21,71,0,19540,1,70,Clear,33.2,0,0
2026-09-08 17:14:56,R014,H03,ORD00490,EV Scooter,On_Delivery,Z08,28.522178,77.38498,313,10.5,8.6,5755.98,4214.66,68,0,50718,2,89,Heavy Rain,31.0,10.2,0
2026-09-08 17:16:25,R001,H02,ORD00018,EV Scooter,On_Delivery,Z07,28.469855,77.015727,60,8.1,9.3,5809.19,3461.12,76,0,47489,2,100,Light Rain,30.4,3.0,0
2026-09-08 17:28:48,R013,H04,ORD00006,EV Scooter,On_Delivery,Z02,28.765443,77.066548,112,12.9,7,4989.33,3706.22,85,0,48940,1,100,Light Rain,29.6,1.8,0
2026-09-08 17:32:54,R020,H04,ORD00448,Scooter,On_Delivery,Z01,28.763344,77.066896,91,12.8,14.3,5509.16,3549.43,91,0,26737,2,67,Cloudy,34.0,0,0
2026-09-08 17:33:59,R002,H04,ORD00457,Bike,On_Delivery,Z06,28.749125,77.077004,59,11.7,16.9,5523.09,3992.68,75,0,23826,2,83,Clear,28.5,0,1
2026-09-08 17:35:53,R022,H02,ORD00252,EV Scooter,On_Delivery,Z04,28.479213,77.024519,264,17.7,9.1,5990.63,3491.46,59,3,49562,1,93,Light Rain,27.4,2.5,0
2026-09-08 17:37:54,R009,H02,ORD00120,EV Scooter,On_Delivery,Z03,28.46018,77.009602,279,16.9,14.5,5909.84,3421.69,70,0,32881,2,81,Clear,29.8,0,0
2026-09-08 18:00:21,R023,H05,ORD00222,Bike,On_Delivery,Z01,28.597765,77.054633,8,10.0,20.1,5272.95,3892.6,92,0,18638,2,76,Clear,28.9,0,0
2026-09-08 18:09:03,R020,H03,ORD00089,Scooter,On_Delivery,Z08,28.520724,77.380167,147,5.1,12.8,5452.17,4213.62,55,0,30329,2,79,Clear,29.1,0,0
2026-09-08 18:10:27,R007,H03,ORD00361,Bike,On_Delivery,Z03,28.54344,77.374624,267,10.9,12.6,5730.1,4039.84,82,0,38125,1,87,Clear,29.6,0,0
2026-09-08 18:19:27,R016,H03,ORD00288,Scooter,On_Delivery,Z04,28.562771,77.379709,8,6.1,10.9,5624.9,4233.84,82,0,39775,1,89,Light Rain,31.3,2.6,0
2026-09-08 18:25:04,R006,H03,ORD00310,EV Scooter,On_Delivery,Z06,28.535008,77.414238,261,4.5,12.9,5556.49,4009.6,82,0,31021,1,76,Cloudy,29.5,0,0
2026-09-08 18:32:33,R016,H04,ORD00364,EV Scooter,On_Delivery,Z07,28.760159,77.040678,199,9.6,9.4,5474.36,3885.02,74,0,44439,1,93,Cloudy,31.3,0,0
2026-09-08 18:47:10,R024,H01,ORD00468,EV Scooter,On_Delivery,Z02,28.542706,77.225096,213,12.1,12.7,6254.74,4387.75,81,0,33571,1,76,Clear,30.0,0,0
2026-09-08 18:54:21,R002,H01,ORD00416,EV Scooter,On_Delivery,Z01,28.532821,77.211759,62,3.3,17.2,6258.21,4167.75,70,0,24150,2,76,Clear,28.1,0,0
2026-09-08 18:59:58,R006,H04,ORD00187,Scooter,On_Delivery,Z08,28.739903,77.041722,38,15.2,11.9,5619.94,4226.75,55,0,32080,2,81,Cloudy,33.1,0,0
2026-09-08 19:02:58,R016,H05,ORD00227,Bike,On_Delivery,Z06,28.588024,77.062169,60,8.3,9.8,5423.54,4197.83,84,0,41567,2,100,Light Rain,29.0,0.6,0
2026-09-08 19:04:13,R014,H05,ORD00017,EV Scooter,On_Delivery,Z03,28.594376,77.037062,124,7.9,14.9,6895.24,4044.37,86,0,32167,2,80,Cloudy,29.4,0,0
2026-09-08 19:07:36,R017,H01,ORD00134,Bike,On_Delivery,Z07,28.53714,77.18863,18,6.9,13.0,5861.51,4545.02,88,0,36012,1,88,Light Rain,27.6,2.0,0
2026-09-08 19:08:06,R002,H03,ORD00289,Bike,On_Delivery,Z02,28.553831,77.403966,261,10.7,15.7,5947.02,3533.45,87,0,27547,2,89,Clear,31.2,0,1
2026-09-08 19:21:33,R010,H02,ORD00233,Bike,On_Delivery,Z06,28.456174,77.048823,170,4.9,8.4,5951.46,4158.71,91,0,57728,2,98,Light Rain,28.2,2.3,0
2026-09-08 19:23:25,R023,H01,ORD00294,Scooter,On_Delivery,Z08,28.521514,77.198695,345,14.2,14.1,5527.88,3871.61,87,0,28342,2,77,Light Rain,29.8,2.5,1
2026-09-08 19:23:38,R014,H03,ORD00167,Scooter,On_Delivery,Z06,28.532921,77.41071,87,13.2,13.2,5282.87,3564.46,72,0,27718,2,82,Clear,28.8,0,0
2026-09-08 19:25:00,R007,H01,ORD00029,Scooter,On_Delivery,Z04,28.551463,77.194879,95,14.3,13.7,6050.9,4211.09,60,0,31585,2,80,Clear,32.9,0,0
2026-09-08 19:31:01,R024,H05,ORD00391,EV Scooter,On_Delivery,Z01,28.606998,77.057786,18,8.5,18.1,6605.74,4608.98,70,0,30101,1,73,Clear,29.5,0,0
2026-09-08 19:31:19,R004,H03,ORD00124,Scooter,On_Delivery,Z02,28.547923,77.401075,349,13.9,8.3,5452.05,3857.54,76,1,44186,1,89,Heavy Rain,30.9,9.9,0
2026-09-08 19:40:52,R010,H05,ORD00466,Bike,On_Delivery,Z05,28.591118,77.073513,50,8.8,16.2,6195.54,4865.93,56,0,25661,1,92,Clear,32.6,0,0
2026-09-08 19:45:53,R018,H01,ORD00004,EV Scooter,On_Delivery,Z03,28.532522,77.192887,66,6.3,15.8,5613.11,3273.5,71,0,24432,2,81,Clear,30.3,0,0
2026-09-08 19:52:56,R008,H02,ORD00238,Scooter,On_Delivery,Z02,28.479411,77.04404,165,14.8,14.6,6113.58,4348.23,91,0,31734,1,91,Clear,33.1,0,0
2026-09-08 19:53:36,R015,H04,ORD00044,Scooter,On_Delivery,Z03,28.757173,77.040688,65,7.8,7.1,6756.03,3888.52,90,4,70844,2,100,Light Rain,32.6,0.4,0
2026-09-08 20:02:04,R021,H02,ORD00084,Scooter,On_Delivery,Z06,28.45687,77.04681,19,15.3,9.9,6877.14,3953.41,91,0,49602,2,100,Light Rain,29.9,0.8,0
2026-09-08 20:02:46,R014,H01,ORD00272,EV Scooter,On_Delivery,Z05,28.533937,77.230723,94,7.8,13.9,6322.66,4731.88,73,3,30592,1,69,Clear,31.8,0,0
2026-09-08 20:08:37,R018,H04,ORD00320,EV Scooter,On_Delivery,Z05,28.751196,77.075546,159,12.3,13.4,6462.48,3843.53,77,0,39438,1,73,Light Rain,29.4,1.1,0
2026-09-08 20:19:55,R012,H03,ORD00110,Bike,On_Delivery,Z05,28.535288,77.414721,267,6.1,13.0,6698.57,3942.36,74,0,37013,2,90,Clear,31.3,0,0
2026-09-08 20:20:14,R025,H03,ORD00258,EV Scooter,On_Delivery,Z03,28.542961,77.376186,43,17.2,12.7,6580.76,3910.07,52,0,36015,2,91,Cloudy,29.0,0,0
2026-09-08 20:21:26,R023,H01,ORD00142,Bike,On_Delivery,Z05,28.527449,77.227051,331,12.1,13.8,6763.21,3852.31,64,0,36023,1,86,Cloudy,30.7,0,1
2026-09-08 20:33:25,R003,H02,ORD00263,EV Scooter,On_Delivery,Z02,28.473745,77.037628,183,7.7,14.5,5509.78,4053.4,58,0,31393,1,72,Clear,32.1,0,0
2026-09-08 20:43:12,R004,H02,ORD00054,Bike,On_Delivery,Z06,28.458171,77.048128,105,16.5,13.0,4946.32,3823.7,65,0,25219,1,87,Clear,33.5,0,0
2026-09-08 20:50:13,R001,H02,ORD00019,Scooter,On_Delivery,Z04,28.479702,77.027229,260,14.3,15.3,5599.18,3401.14,66,0,24786,1,84,Cloudy,31.6,0,0
2026-09-08 20:52:20,R006,H03,ORD00175,EV Scooter,On_Delivery,Z05,28.539795,77.405381,353,10.4,7,5788.9,3527.18,53,0,55568,2,93,Heavy Rain,27.2,5.4,0
2026-09-08 21:00:27,R015,H01,ORD00388,EV Scooter,On_Delivery,Z02,28.544273,77.2187,305,4.2,23.2,6188.67,4362.45,55,3,21399,1,36,Clear,30.2,0,0
2026-09-08 21:00:46,R009,H01,ORD00056,Bike,On_Delivery,Z03,28.528714,77.188519,321,3.5,17.8,6276.01,4006.29,56,0,24030,1,31,Light Rain,26.8,1.5,0
2026-09-08 21:13:51,R002,H01,ORD00117,Scooter,On_Delivery,Z06,28.52131,77.223435,100,10.6,22.8,6659.72,4464.81,53,3,22981,2,23,Cloudy,30.7,0,0
2026-09-08 21:23:15,R004,H04,ORD00053,Scooter,On_Delivery,Z02,28.769312,77.072488,302,4.5,15.4,6865.29,4202.36,56,0,36722,1,37,Light Rain,31.2,1.6,0
2026-09-08 21:26:04,R019,H04,ORD00476,Bike,On_Delivery,Z02,28.767363,77.07507,241,6.4,13.0,6960.29,4063.29,58,0,42098,1,53,Heavy Rain,26.4,3.5,0
2026-09-08 21:29:47,R007,H01,ORD00410,Bike,On_Delivery,Z07,28.535602,77.190294,174,14.1,27.4,5483.96,3746.75,84,3,13631,2,21,Cloudy,33.6,0,0
2026-09-08 21:46:33,R004,H04,ORD00060,Scooter,On_Delivery,Z04,28.77587,77.04561,323,16.1,25.3,5216.81,3920.99,58,0,17193,1,47,Cloudy,31.7,0,0
2026-09-08 22:01:50,R024,H04,ORD00470,Bike,On_Delivery,Z02,28.762087,77.073179,98,9.5,20.7,5663.86,3704.07,83,1,20809,1,53,Light Rain,30.4,2.5,0
2026-09-08 22:04:51,R004,H03,ORD00095,EV Scooter,On_Delivery,Z05,28.537212,77.416244,90,11.2,15.3,5341.15,4099.7,53,0,24666,2,41,Heavy Rain,28.1,7.6,0
2026-09-08 22:10:13,R012,H05,ORD00360,Bike,On_Delivery,Z05,28.59626,77.069296,357,13.7,17.6,5728.12,3774.84,91,2,26225,1,42,Light Rain,26.8,1.0,0
2026-09-08 22:23:19,R001,H01,ORD00137,EV Scooter,On_Delivery,Z02,28.53547,77.224742,280,3.9,20.6,6656.62,3837.03,54,0,26811,2,50,Cloudy,32.3,0,0
2026-09-08 22:29:12,R010,H01,ORD00030,EV Scooter,On_Delivery,Z01,28.530952,77.212551,342,8.6,13.2,6030.01,3637.58,63,4,35896,2,47,Light Rain,31.0,0.4,0
2026-09-08 22:33:23,R003,H04,ORD00229,Scooter,On_Delivery,Z02,28.773737,77.078927,357,17.7,29.6,5929.62,4655.02,56,0,16244,2,25,Clear,31.7,0,0
2026-09-08 22:34:26,R004,H05,ORD00165,EV Scooter,On_Delivery,Z03,28.593366,77.034168,330,6.0,25.9,5141.88,3930.14,79,0,16210,2,31,Clear,30.3,0,0
2026-09-08 22:37:13,R009,H03,ORD00170,EV Scooter,On_Delivery,Z04,28.552813,77.389467,327,12.1,23.6,6492.51,3743.47,94,0,19639,2,39,Clear,33.4,0,0
2026-09-08 22:37:28,R004,H03,ORD00083,EV Scooter,On_Delivery,Z04,28.553229,77.384726,290,16.0,19.1,6075.32,4490.49,61,0,25043,1,47,Cloudy,28.0,0,0
2026-09-08 22:47:17,R017,H01,ORD00148,EV Scooter,On_Delivery,Z02,28.548462,77.227096,245,16.0,21.2,5479.18,4247.21,56,0,21231,1,30,Clear,28.4,0,0
2026-09-08 22:51:13,R004,H04,ORD00349,Bike,On_Delivery,Z08,28.746064,77.047798,104,10.5,32.8,7093.23,4112.05,63,0,16683,1,23,Clear,28.2,0,0
2026-09-08 23:12:46,R022,H05,ORD00245,Bike,On_Delivery,Z06,28.581718,77.071498,23,7.5,22.9,5513.72,4318.89,56,0,16891,2,46,Cloudy,28.0,0,0
2026-09-08 23:14:27,R012,H01,ORD00047,EV Scooter,On_Delivery,Z05,28.5292,77.224711,308,17.4,28.8,6284.97,4766.29,84,0,14808,2,25,Clear,29.4,0,0
2026-09-08 23:21:28,R015,H01,ORD00217,EV Scooter,On_Delivery,Z04,28.545457,77.205552,226,3.1,25.6,6744.73,4069.33,78,0,20851,2,42,Clear,28.3,0,1
2026-09-08 23:30:09,R009,H04,ORD00078,Scooter,On_Delivery,Z08,28.741621,77.044842,37,12.0,28.3,5818.21,3980.01,62,0,14036,2,36,Clear,33.1,0,1
2026-09-08 23:53:27,R019,H03,ORD00064,Scooter,On_Delivery,Z07,28.538584,77.378323,215,4.2,17.2,5597.82,3761.21,67,0,21649,2,38,Light Rain,31.2,1.4,0
2026-09-08 23:58:28,R010,H01,ORD00394,EV Scooter,On_Delivery,Z01,28.537781,77.219536,151,5.8,28.5,6287.48,4013.89,79,0,14783,1,30,Clear,32.2,0,0
2026-09-09 00:00:36,R003,H04,ORD00126,Scooter,On_Delivery,Z06,28.742724,77.075494,6,17.0,20.1,6594.48,4528.03,59,0,26865,2,37,Cloudy,30.7,0,0
2026-09-09 00:07:34,R017,H03,ORD00402,Bike,On_Delivery,Z08,28.529704,77.385036,21,16.6,20.5,6128.65,4269.34,70,3,21880,2,49,Clear,30.6,0,0
2026-09-09 00:11:56,R005,H05,ORD00368,EV Scooter,On_Delivery,Z05,28.595798,77.068422,113,4.7,11.3,5578.44,3386.26,89,0,33111,2,65,Heavy Rain,31.2,6.9,0
2026-09-09 00:12:22,R023,H01,ORD00115,EV Scooter,On_Delivery,Z01,28.529764,77.21821,68,5.3,16.5,6475.88,4012.45,61,0,29976,2,52,Light Rain,29.7,2.5,0
2026-09-09 00:19:13,R017,H02,ORD00434,Scooter,On_Delivery,Z03,28.47098,77.011853,73,7.9,19.2,6180.28,3897.4,76,0,22093,1,45,Clear,30.9,0,0
2026-09-09 00:20:31,R015,H05,ORD00262,Scooter,On_Delivery,Z03,28.594268,77.033573,287,4.4,29.1,6606.65,3897.05,94,0,16388,1,21,Clear,30.1,0,0
2026-09-09 00:40:27,R013,H04,ORD00178,EV Scooter,On_Delivery,Z07,28.752543,77.033081,215,4.9,13.1,5906.55,4630.88,88,0,37130,2,59,Light Rain,29.7,0.1,0
2026-09-09 00:58:17,R010,H02,ORD00363,EV Scooter,On_Delivery,Z02,28.481114,77.039794,341,8.9,15.4,5751.75,3471.57,81,0,28673,1,40,Heavy Rain,30.4,3.1,0
2026-09-09 01:01:38,R003,H05,ORD00061,Scooter,On_Delivery,Z07,28.597906,77.032421,82,4.0,20.1,6393.79,4271.99,52,0,24908,1,43,Clear,31.0,0,0
2026-09-09 01:23:40,R005,H04,ORD00483,EV Scooter,On_Delivery,Z06,28.743028,77.070967,144,5.1,25.6,5688.21,4176.68,74,0,18130,2,35,Clear,29.3,0,0
2026-09-09 01:40:01,R019,H02,ORD00384,Bike,On_Delivery,Z05,28.467237,77.045333,167,3.1,19.9,5603.01,3217.99,92,0,19056,2,26,Light Rain,28.2,2.8,0
2026-09-09 01:40:37,R004,H04,ORD00383,Bike,On_Delivery,Z07,28.763578,77.034083,265,7.9,26.1,5753.02,4328.5,77,0,18310,2,45,Clear,33.7,0,0
2026-09-09 01:50:22,R008,H02,ORD00172,Scooter,On_Delivery,Z01,28.466501,77.030814,123,15.0,21.7,6256.54,3777.22,84,0,21979,1,30,Light Rain,31.1,1.7,0
2026-09-09 01:55:43,R020,H04,ORD00356,EV Scooter,On_Delivery,Z05,28.756699,77.075792,326,15.7,24.8,6224.31,4489.04,57,0,17868,1,29,Clear,29.9,0,0
2026-09-09 02:09:51,R019,H01,ORD00098,Bike,On_Delivery,Z05,28.525955,77.228907,187,12.5,33.4,6268.6,4111.65,72,0,13763,2,28,Clear,29.4,0,0
2026-09-09 02:39:56,R016,H03,ORD00210,Scooter,On_Delivery,Z06,28.529121,77.405091,91,4.2,27.1,5268.68,3879.81,55,0,15591,1,23,Clear,32.1,0,0
2026-09-09 02:40:30,R022,H04,ORD00202,Scooter,On_Delivery,Z07,28.761375,77.045048,274,13.3,10.6,6214.03,4481.43,90,0,40867,1,53,Heavy Rain,32.7,9.9,0
2026-09-09 02:44:51,R012,H02,ORD00077,Bike,On_Delivery,Z01,28.475242,77.03016,236,11.3,28.1,5241.36,3979.8,58,0,14940,2,39,Clear,32.3,0,0
2026-09-09 02:55:35,R004,H02,ORD00321,EV Scooter,On_Delivery,Z01,28.474359,77.037835,273,13.4,19.7,5882.04,3777.85,76,0,21860,2,45,Light Rain,26.7,2.0,0
2026-09-09 02:59:37,R001,H03,ORD00452,Scooter,On_Delivery,Z08,28.529763,77.384243,177,8.4,17.6,6174.54,4477.75,74,4,26445,2,49,Cloudy,28.7,0,0
2026-09-09 03:05:01,R016,H05,ORD00297,EV Scooter,On_Delivery,Z04,28.61545,77.036567,316,16.0,25.7,5641.43,3352.12,86,0,15068,2,35,Clear,33.9,0,0
2026-09-09 03:35:40,R011,H04,ORD00122,Bike,On_Delivery,Z04,28.764476,77.054599,70,17.8,28.9,6601.78,4470.14,86,0,17602,2,28,Cloudy,30.9,0,0
2026-09-09 03:37:26,R005,H03,ORD00074,Bike,On_Delivery,Z03,28.538806,77.374857,235,11.1,12.9,6942.0,4191.19,77,0,42463,1,68,Heavy Rain,28.4,4.1,0
2026-09-09 03:45:38,R022,H05,ORD00427,Scooter,On_Delivery,Z08,28.582432,77.037399,349,8.8,17.4,6320.14,4664.35,57,0,30010,1,53,Light Rain,31.1,2.3,0
2026-09-09 03:46:47,R002,H02,ORD00385,EV Scooter,On_Delivery,Z01,28.46953,77.029119,262,4.9,21.2,5459.04,3478.63,58,0,19738,2,45,Clear,32.4,0,0
2026-09-09 03:51:07,R023,H05,ORD00493,Scooter,On_Delivery,Z02,28.605926,77.06397,292,6.4,24.5,6305.86,3562.21,88,0,18481,2,27,Cloudy,33.6,0,0
2026-09-09 03:57:16,R010,H03,ORD00097,EV Scooter,On_Delivery,Z06,28.5389,77.409629,268,16.4,20.1,5641.03,4369.62,59,0,22859,1,45,Light Rain,32.8,0.2,0
2026-09-09 04:23:02,R001,H04,ORD00070,Scooter,On_Delivery,Z06,28.743211,77.076975,242,15.9,11.9,6220.96,3759.34,85,0,37810,2,59,Heavy Rain,30.0,6.8,0
2026-09-09 04:23:41,R002,H04,ORD00261,Scooter,On_Delivery,Z08,28.741634,77.045199,209,14.6,23.7,6874.18,3906.2,84,0,19974,1,36,Clear,31.9,0,0
2026-09-09 04:30:03,R023,H05,ORD00260,EV Scooter,On_Delivery,Z08,28.585453,77.039977,305,8.5,19.5,5884.34,4321.04,57,0,21573,2,45,Cloudy,32.1,0,0
2026-09-09 04:30:48,R010,H05,ORD00396,Scooter,On_Delivery,Z06,28.590297,77.059327,181,15.4,20.6,5994.95,3996.06,77,0,23405,2,43,Cloudy,31.4,0,0
2026-09-09 04:50:07,R007,H01,ORD00132,Scooter,On_Delivery,Z04,28.544061,77.201902,23,7.8,24.6,5658.88,3884.09,71,3,18002,1,43,Cloudy,28.0,0,0
2026-09-09 05:04:03,R001,H02,ORD00424,EV Scooter,On_Delivery,Z08,28.449869,77.015977,132,13.3,23.0,6348.7,3786.95,90,0,19078,1,22,Clear,28.5,0,0
2026-09-09 05:11:10,R019,H05,ORD00009,EV Scooter,On_Delivery,Z04,28.608995,77.040244,279,6.9,13.8,6362.79,3700.92,60,0,38586,2,45,Light Rain,32.0,1.4,0
2026-09-09 05:42:37,R021,H02,ORD00050,Scooter,On_Delivery,Z02,28.474218,77.037507,120,7.8,20.3,5983.77,4097.93,76,0,21389,2,43,Clear,28.5,0,0
2026-09-09 05:49:14,R017,H03,ORD00421,EV Scooter,On_Delivery,Z01,28.549288,77.399932,193,9.7,29.1,5891.44,3485.34,92,0,16657,1,26,Clear,30.6,0,0
2026-09-09 06:12:33,R009,H02,ORD00426,Scooter,On_Delivery,Z07,28.466616,77.016786,99,4.3,26.9,5790.63,3833.41,69,0,14547,1,26,Cloudy,34.0,0,0
2026-09-09 06:13:05,R018,H01,ORD00011,Bike,On_Delivery,Z08,28.51889,77.199129,256,8.3,24.5,3759.29,5382.16,84,0,10700,1,30,Clear,32.8,0,0
2026-09-09 06:13:22,R022,H01,ORD00105,Bike,On_Delivery,Z01,28.531419,77.207963,7,14.7,24.1,6184.76,3655.6,64,0,20073,2,40,Clear,33.6,0,0
2026-09-09 06:17:58,R001,H04,ORD00042,Scooter,On_Delivery,Z02,28.767141,77.064668,340,6.0,11.9,6370.39,4424.97,66,0,38479,2,45,Heavy Rain,30.9,8.2,0
2026-09-09 06:28:24,R004,H05,ORD00119,Scooter,On_Delivery,Z07,28.605743,77.030558,165,9.6,30.2,5738.22,4375.79,84,0,13390,1,29,Clear,32.4,0,0
2026-09-09 06:29:40,R022,H04,ORD00038,EV Scooter,On_Delivery,Z02,28.76413,77.068645,297,10.2,21.9,5945.55,4640.31,60,0,18933,1,32,Light Rain,29.9,1.0,0
2026-09-09 06:33:16,R014,H05,ORD00129,Bike,On_Delivery,Z07,28.601767,77.033811,58,3.7,33.7,7002.61,4107.18,55,0,15158,1,25,Clear,31.0,0,0
2026-09-09 06:36:47,R011,H05,ORD00091,Bike,On_Delivery,Z03,28.598473,77.034859,322,17.1,28.0,5839.99,3616.46,67,3,16736,1,22,Cloudy,28.3,0,0
2026-09-09 06:39:01,R009,H02,ORD00028,Scooter,On_Delivery,Z01,28.469034,77.03775,102,5.7,23.9,5138.19,3706.26,89,0,17421,2,25,Clear,29.6,0,0
2026-09-09 06:40:20,R021,H02,ORD00492,Scooter,On_Delivery,Z08,28.449879,77.021632,231,4.7,20.2,6759.8,4418.93,90,0,27527,1,45,Cloudy,32.8,0,0
2026-09-09 07:06:32,R008,H02,ORD00108,Scooter,On_Delivery,Z07,28.464347,77.00468,61,16.2,22.1,5874.33,4540.53,71,0,18472,1,44,Cloudy,33.6,0,0
2026-09-09 07:28:05,R001,H04,ORD00472,Scooter,On_Delivery,Z03,28.757621,77.04737,53,16.5,13.1,6921.88,4043.66,67,0,41659,2,52,Heavy Rain,29.4,9.1,0
2026-09-09 07:30:28,R017,H04,ORD00286,EV Scooter,On_Delivery,Z08,28.741545,77.044701,291,14.7,21.0,6400.33,4271.81,93,0,24406,1,45,Clear,28.2,0,0
2026-09-09 07:59:05,R007,H03,ORD00111,Bike,On_Delivery,Z03,28.540186,77.380117,12,11.0,23.9,6268.8,4354.95,69,0,20699,2,36,Clear,30.4,0,0
2026-09-09 08:06:29,R015,H01,ORD00333,Bike,On_Delivery,Z07,28.530091,77.189922,214,7.9,12.1,6126.2,3580.86,62,0,40304,2,95,Light Rain,31.8,0.5,1
2026-09-09 08:21:24,R010,H03,ORD00051,Scooter,On_Delivery,Z08,28.522305,77.382785,260,17.2,18.8,5947.87,3953.11,71,0,22616,1,66,Clear,32.6,0,0
2026-09-09 08:25:20,R014,H02,ORD00403,Bike,On_Delivery,Z05,28.460978,77.047479,297,4.8,15.0,6105.19,3793.23,75,0,33466,1,86,Clear,30.5,0,0
2026-09-09 08:30:04,R023,H05,ORD00292,Scooter,On_Delivery,Z02,28.613985,77.055413,189,9.0,13.0,5626.03,4224.7,63,0,30587,2,77,Clear,29.7,0,0
2026-09-09 08:30:15,R018,H04,ORD00094,EV Scooter,On_Delivery,Z06,28.749754,77.075562,147,10.5,14.5,6611.85,3830.17,83,0,30724,1,77,Clear,29.9,0,0
2026-09-09 08:42:47,R006,H03,ORD00143,Bike,On_Delivery,Z05,28.535825,77.418735,353,6.6,18.7,5817.89,4532.91,68,0,21667,1,71,Clear,32.2,0,0
2026-09-09 08:46:05,R024,H03,ORD00244,Scooter,On_Delivery,Z01,28.542912,77.401736,122,18.0,20.3,6297.0,3901.29,89,3,21392,1,65,Cloudy,29.3,0,0
2026-09-09 08:50:34,R006,H03,ORD00116,Bike,On_Delivery,Z01,28.546581,77.402384,146,3.5,17.3,6592.77,3878.57,62,0,25204,1,70,Clear,28.7,0,0
2026-09-09 08:52:51,R003,H05,ORD00085,Bike,On_Delivery,Z05,28.592095,77.066796,231,8.1,12.5,6285.86,4250.02,54,3,41925,2,87,Cloudy,31.1,0,0
2026-09-09 08:54:15,R011,H04,ORD00145,EV Scooter,On_Delivery,Z04,28.768962,77.045476,336,7.2,12.7,6095.09,3600.7,88,0,33482,1,74,Clear,30.6,0,0
2026-09-09 09:32:20,R005,H04,ORD00332,Bike,On_Delivery,Z06,28.74473,77.070852,22,13.9,18.6,5736.45,3825.64,91,0,23432,1,73,Clear,28.5,0,0
2026-09-09 09:33:10,R002,H03,ORD00374,Scooter,On_Delivery,Z02,28.552411,77.402387,164,7.0,13.4,6036.5,4708.63,67,2,31242,1,83,Light Rain,32.6,0.9,0
2026-09-09 09:34:09,R016,H04,ORD00366,Scooter,On_Delivery,Z06,28.74813,77.067393,181,15.8,15.6,6236.39,3508.37,64,1,26878,1,85,Clear,33.8,0,0
2026-09-09 09:36:27,R020,H02,ORD00276,Scooter,On_Delivery,Z08,28.45763,77.016784,191,12.1,21.3,6045.09,3819.65,87,0,21403,2,65,Clear,33.1,0,0
2026-09-09 09:40:06,R025,H01,ORD00133,EV Scooter,On_Delivery,Z03,28.533703,77.197076,237,16.3,15.0,6324.43,3639.59,57,3,35225,1,82,Cloudy,33.9,0,0
2026-09-09 09:55:39,R009,H02,ORD00223,Bike,On_Delivery,Z04,28.482484,77.023995,348,4.3,12.7,6145.57,4119.43,79,0,33798,1,82,Clear,33.9,0,0
2026-09-09 09:58:49,R003,H05,ORD00076,Scooter,On_Delivery,Z06,28.587335,77.059,11,8.8,10.1,5429.59,3886.72,90,0,36107,2,90,Clear,30.2,0,0
2026-09-09 10:00:08,R001,H04,ORD00365,Bike,On_Delivery,Z07,28.756403,77.042067,195,9.4,21.2,6585.1,4229.83,56,0,22236,2,60,Cloudy,31.5,0,0
2026-09-09 10:10:12,R012,H03,ORD00372,Bike,On_Delivery,Z06,28.535238,77.412937,65,12.6,21.6,6262.25,4464.11,83,0,20757,1,66,Cloudy,30.0,0,0
2026-09-09 10:12:12,R014,H04,ORD00295,Bike,On_Delivery,Z08,28.737863,77.044887,250,11.1,19.5,5212.68,3611.33,77,0,20752,1,74,Cloudy,33.7,0,0
2026-09-09 10:25:28,R023,H02,ORD00282,Scooter,On_Delivery,Z07,28.462893,77.012189,190,13.7,15.4,6698.44,4148.42,76,0,34252,2,81,Cloudy,30.4,0,1
2026-09-09 10:31:01,R005,H03,ORD00138,Bike,On_Delivery,Z05,28.54014,77.408654,276,11.3,13.7,5598.85,4197.58,78,2,27014,2,78,Clear,31.1,0,0
2026-09-09 10:36:39,R008,H04,ORD00342,Scooter,On_Delivery,Z03,28.758968,77.04058,153,6.6,11.2,6542.99,4245.32,78,0,39930,1,90,Clear,29.3,0,0
2026-09-09 10:41:47,R016,H03,ORD00407,Scooter,On_Delivery,Z01,28.548002,77.392061,117,9.0,14.5,5309.52,3787.1,58,0,29840,2,75,Clear,32.4,0,0
2026-09-09 11:02:48,R004,H05,ORD00299,EV Scooter,On_Delivery,Z02,28.60468,77.063008,350,14.3,17.4,6603.68,4112.93,58,0,27790,1,62,Clear,30.3,0,0
2026-09-09 11:23:55,R012,H03,ORD00315,Scooter,On_Delivery,Z03,28.537437,77.382805,224,17.9,16.9,6462.3,3669.87,68,0,31939,2,54,Light Rain,29.1,2.3,0
2026-09-09 11:25:19,R003,H05,ORD00023,Scooter,On_Delivery,Z06,28.591053,77.065678,201,17.3,23.8,6238.6,3623.94,86,0,17382,1,53,Clear,30.7,0,0
2026-09-09 11:44:19,R020,H02,ORD00398,Bike,On_Delivery,Z08,28.456544,77.009643,130,9.4,18.6,3483.5,5410.98,55,0,12568,1,57,Clear,28.9,0,0
2026-09-09 11:45:43,R001,H05,ORD00491,Bike,On_Delivery,Z07,28.600555,77.027767,245,11.7,19.4,6596.39,4106.03,81,0,24941,1,58,Light Rain,27.6,2.1,0
2026-09-09 11:47:25,R013,H01,ORD00141,EV Scooter,On_Delivery,Z01,28.529268,77.219188,306,4.3,22.8,6777.71,4428.78,68,0,23279,1,41,Clear,30.8,0,0
2026-09-09 11:59:46,R016,H04,ORD00163,Scooter,On_Delivery,Z08,28.74202,77.042951,114,12.0,19.7,6608.74,4195.36,84,0,27892,2,48,Clear,31.8,0,0
2026-09-09 12:21:38,R019,H03,ORD00228,Bike,On_Delivery,Z04,28.556325,77.39183,146,16.4,26.0,6622.72,4330.38,59,0,17141,1,39,Clear,29.4,0,0
2026-09-09 12:24:38,R025,H02,ORD00379,EV Scooter,On_Delivery,Z08,28.449999,77.010755,321,15.1,22.3,6230.65,4179.08,93,0,22185,1,51,Clear,29.7,0,0
2026-09-09 12:26:39,R021,H05,ORD00482,Bike,On_Delivery,Z04,28.611155,77.035768,185,16.0,15.6,6422.22,4760.38,82,1,30287,1,67,Clear,28.8,0,0
2026-09-09 12:28:51,R020,H05,ORD00453,EV Scooter,On_Delivery,Z01,28.602226,77.053055,292,9.4,9.3,5206.05,3782.07,84,0,41061,1,72,Heavy Rain,27.0,8.6,0
2026-09-09 12:32:53,R021,H01,ORD00016,Scooter,On_Delivery,Z02,28.54454,77.222615,39,10.6,16.6,5249.31,3760.66,74,0,24289,1,51,Cloudy,31.1,0,0
2026-09-09 12:38:30,R013,H05,ORD00381,Scooter,On_Delivery,Z06,28.577102,77.065507,302,6.2,24.9,3387.4,5744.12,77,0,10707,2,48,Clear,28.1,0,0
2026-09-09 12:42:33,R003,H03,ORD00370,EV Scooter,On_Delivery,Z03,28.540825,77.376825,204,16.1,10.9,6273.2,3633.69,65,0,39305,2,80,Light Rain,30.4,1.2,0
2026-09-09 12:51:02,R001,H02,ORD00035,Bike,On_Delivery,Z05,28.46431,77.055346,125,13.3,13.4,3922.27,5261.44,71,0,20409,2,73,Light Rain,32.6,2.9,0
2026-09-09 12:59:44,R001,H02,ORD00283,Scooter,On_Delivery,Z03,28.471558,77.015154,258,10.2,18.9,5977.8,4494.5,53,0,21823,1,51,Clear,33.0,0,0
2026-09-09 13:01:49,R022,H03,ORD00323,EV Scooter,On_Delivery,Z06,28.529128,77.409786,295,13.0,21.4,5828.6,3787.72,82,0,22078,1,39,Clear,32.0,0,0
2026-09-09 13:15:31,R016,H04,ORD00027,Bike,On_Delivery,Z04,28.777442,77.051733,99,12.8,12.7,6406.27,4571.86,92,1,41082,1,67,Light Rain,28.8,2.7,0
2026-09-09 13:24:09,R002,H05,ORD00399,Bike,On_Delivery,Z06,28.580484,77.068274,166,17.5,18.2,3777.67,5591.72,79,0,16106,2,59,Light Rain,31.1,1.7,0
2026-09-09 13:25:56,R016,H01,ORD00057,EV Scooter,On_Delivery,Z01,28.530698,77.21266,240,4.6,21.3,6144.73,4190.72,88,0,20634,2,58,Clear,29.8,0,0
2026-09-09 13:30:18,R014,H03,ORD00480,EV Scooter,On_Delivery,Z04,28.558398,77.388023,132,14.2,19.8,6445.73,4781.55,64,2,21489,2,55,Cloudy,30.5,0,0
2026-09-09 13:38:12,R015,H03,ORD00039,Bike,On_Delivery,Z08,28.532901,77.379631,264,17.7,19.1,3921.84,5505.76,78,0,15807,2,55,Clear,32.7,0,0
2026-09-09 13:43:58,R022,H01,ORD00415,Bike,On_Delivery,Z01,28.537051,77.217089,87,10.6,21.8,6517.48,3838.99,65,0,23114,1,57,Clear,30.0,0,0
2026-09-09 13:50:18,R023,H05,ORD00189,EV Scooter,On_Delivery,Z08,28.591183,77.035473,354,5.1,24.0,6298.07,3722.81,65,0,21669,1,48,Clear,29.3,0,0
2026-09-09 14:14:15,R022,H03,ORD00021,Scooter,On_Delivery,Z06,28.5256,77.408493,250,12.0,21.3,6543.67,4603.85,77,0,25154,1,42,Cloudy,28.2,0,0
2026-09-09 14:26:38,R010,H02,ORD00350,EV Scooter,On_Delivery,Z01,28.467096,77.037799,57,6.6,23.0,5974.74,4482.69,85,0,18646,1,40,Clear,32.7,0,0
2026-09-09 14:43:18,R024,H02,ORD00231,Bike,On_Delivery,Z04,28.487274,77.024123,217,4.4,24.6,5962.28,3930.74,90,0,17919,1,35,Cloudy,28.3,0,0
2026-09-09 14:53:50,R017,H01,ORD00431,Bike,On_Delivery,Z04,28.553083,77.207246,228,16.8,19.1,6142.67,4655.45,86,0,24163,2,55,Clear,32.0,0,0
2026-09-09 15:06:39,R001,H01,ORD00146,EV Scooter,On_Delivery,Z08,28.522255,77.199895,217,3.4,17.7,5994.87,4590.45,64,0,27516,2,43,Cloudy,29.4,0,0
2026-09-09 15:13:49,R002,H05,ORD00243,Scooter,On_Delivery,Z05,28.590039,77.067298,114,9.3,21.2,6688.66,4399.53,58,0,23346,1,63,Clear,29.8,0,0
2026-09-09 15:32:07,R010,H03,ORD00173,Scooter,On_Delivery,Z05,28.53444,77.42218,59,10.9,20.7,3384.88,5976.24,85,0,11555,1,48,Cloudy,31.6,0,0
2026-09-09 15:34:12,R011,H02,ORD00270,Scooter,On_Delivery,Z04,28.484437,77.026266,266,12.8,26.9,6233.7,3647.52,83,0,17488,2,38,Cloudy,33.4,0,0
2026-09-09 15:35:48,R010,H01,ORD00264,Scooter,On_Delivery,Z07,28.530985,77.189589,73,16.8,21.7,6451.06,4442.64,54,0,22915,1,38,Clear,33.5,0,0
2026-09-09 15:41:14,R020,H04,ORD00438,Scooter,On_Delivery,Z03,28.7545,77.043363,87,3.6,21.7,5432.64,4203.92,70,0,17577,2,47,Cloudy,28.5,0,1
2026-09-09 15:50:09,R011,H05,ORD00352,Scooter,On_Delivery,Z08,28.589332,77.035213,159,10.8,20.0,6654.99,4511.72,59,0,26644,1,42,Clear,32.7,0,0
2026-09-09 16:02:42,R019,H03,ORD00197,Bike,On_Delivery,Z08,28.527313,77.380487,355,3.7,20.3,5878.2,3752.8,59,0,20269,1,54,Light Rain,32.9,1.5,0
2026-09-09 16:12:06,R003,H01,ORD00499,Scooter,On_Delivery,Z05,28.525197,77.232757,333,6.3,9.1,3487.16,5701.02,51,4,26117,2,71,Heavy Rain,31.5,6.8,0
2026-09-09 16:27:56,R004,H01,ORD00445,Bike,On_Delivery,Z02,28.54046,77.221848,250,5.5,18.9,6441.05,3962.86,71,0,22577,2,53,Clear,28.4,0,0
2026-09-09 16:42:31,R003,H03,ORD00079,Scooter,On_Delivery,Z05,28.536077,77.410173,74,14.2,21.9,5890.01,3994.69,65,0,18554,2,39,Clear,28.4,0,0
2026-09-09 16:45:52,R013,H03,ORD00121,EV Scooter,On_Delivery,Z01,28.548114,77.394577,282,12.6,19.5,6069.31,3473.66,57,0,22529,1,42,Clear,30.9,0,1
2026-09-09 16:53:20,R003,H04,ORD00418,Bike,On_Delivery,Z04,28.776786,77.05528,111,16.7,14.1,6352.65,4665.76,71,0,31440,1,74,Light Rain,31.4,1.4,0
2026-09-09 17:20:18,R005,H03,ORD00267,Bike,On_Delivery,Z08,28.533933,77.380352,344,8.8,15.2,6519.73,3975.68,87,0,33955,1,70,Clear,32.3,0,0
2026-09-09 17:28:46,R014,H03,ORD00153,Bike,On_Delivery,Z08,28.528883,77.376543,236,8.0,21.9,6101.62,3612.34,76,0,18964,2,69,Cloudy,33.2,0,0
2026-09-09 17:32:37,R022,H03,ORD00049,EV Scooter,On_Delivery,Z01,28.545725,77.396131,57,5.8,9.0,6479.99,3886.26,81,0,59953,2,90,Light Rain,32.3,1.7,0
2026-09-09 17:36:23,R015,H03,ORD00296,Scooter,On_Delivery,Z02,28.550567,77.406886,226,14.5,13.0,5883.74,4102.59,67,0,36160,1,92,Cloudy,33.7,0,0
2026-09-09 17:44:37,R018,H01,ORD00377,Bike,On_Delivery,Z03,28.535438,77.19088,128,15.4,21.5,6041.48,3911.79,92,4,19038,1,73,Clear,29.9,0,0
2026-09-09 18:02:31,R025,H04,ORD00169,EV Scooter,On_Delivery,Z08,28.743157,77.046739,26,12.1,12.1,5676.07,3448.84,76,0,33173,1,83,Clear,32.1,0,0
2026-09-09 18:11:33,R017,H02,ORD00484,Bike,On_Delivery,Z03,28.465954,77.017869,295,13.5,18.4,6296.39,4376.7,91,0,25509,1,76,Cloudy,32.1,0,0
2026-09-09 18:13:38,R024,H01,ORD00285,Bike,On_Delivery,Z03,28.536529,77.184429,24,12.2,12.9,5823.2,4504.95,53,0,30508,2,90,Cloudy,30.2,0,0
2026-09-09 18:24:37,R016,H02,ORD00159,EV Scooter,On_Delivery,Z02,28.487255,77.044371,298,4.6,11.4,3616.44,5728.84,85,0,22639,2,80,Light Rain,28.5,1.2,1
2026-09-09 18:40:18,R001,H03,ORD00254,Scooter,On_Delivery,Z02,28.549789,77.402926,339,9.7,9.2,6231.91,3680.85,56,0,50602,2,95,Light Rain,27.4,2.8,0
2026-09-09 18:45:53,R001,H05,ORD00002,EV Scooter,On_Delivery,Z05,28.594383,77.072624,162,15.2,12.7,3730.06,5646.21,53,0,21614,1,95,Clear,29.2,0,0
2026-09-09 18:45:55,R023,H05,ORD00362,Scooter,On_Delivery,Z06,28.5926,77.06046,118,10.9,14.0,6377.72,3972.83,90,0,30796,1,72,Cloudy,29.9,0,0
2026-09-09 19:15:08,R002,H01,ORD00351,EV Scooter,On_Delivery,Z01,28.531861,77.211741,70,17.8,12.0,5879.2,3789.18,91,0,37667,1,84,Cloudy,29.3,0,0
2026-09-09 19:23:52,R025,H02,ORD00157,Scooter,On_Delivery,Z03,28.461353,77.009382,52,5.6,12.4,6799.35,4314.37,91,0,45047,1,87,Clear,33.4,0,0
2026-09-09 19:29:01,R007,H02,ORD00373,Scooter,On_Delivery,Z05,28.460799,77.046762,142,16.8,8.6,6652.14,3911.36,70,1,51263,2,93,Light Rain,27.6,1.8,0
2026-09-09 19:31:46,R016,H04,ORD00224,Scooter,On_Delivery,Z05,28.746537,77.076279,278,11.1,13.6,6346.84,4525.91,64,0,39107,1,80,Clear,33.1,0,0
2026-09-09 19:42:33,R015,H01,ORD00062,Scooter,On_Delivery,Z05,28.528091,77.225209,200,10.1,14.3,5298.44,3990.88,65,0,25681,2,90,Clear,30.0,0,0
2026-09-09 20:03:29,R005,H04,ORD00123,EV Scooter,On_Delivery,Z08,28.741819,77.046588,247,16.4,13.8,6037.21,3930.33,89,0,29371,1,74,Clear,32.6,0,0
2026-09-09 20:04:40,R014,H01,ORD00355,Scooter,On_Delivery,Z03,28.529808,77.194937,356,10.1,14.7,7018.13,4120.5,77,0,34034,2,73,Cloudy,33.1,0,0
2026-09-09 20:10:17,R021,H01,ORD00096,Scooter,On_Delivery,Z04,28.551491,77.197432,55,8.5,14.9,6251.64,4126.02,85,0,27862,1,81,Clear,33.0,0,0
2026-09-09 20:14:00,R025,H01,ORD00131,Scooter,On_Delivery,Z05,28.531609,77.222761,67,9.5,10.1,6879.17,4392.24,82,2,46504,2,92,Cloudy,30.7,0,0
2026-09-09 20:26:31,R022,H01,ORD00387,Bike,On_Delivery,Z01,28.536692,77.212152,326,15.3,10.5,6320.2,4471.81,59,0,42721,1,100,Light Rain,28.6,1.1,0
2026-09-09 20:35:01,R013,H02,ORD00140,EV Scooter,On_Delivery,Z08,28.450896,77.019837,142,7.2,17.0,6767.86,3878.75,68,0,27389,2,69,Clear,31.9,0,0
2026-09-09 20:35:23,R022,H04,ORD00465,Scooter,On_Delivery,Z08,28.737865,77.042562,320,6.2,17.8,6409.49,3722.34,63,0,27241,2,66,Clear,30.3,0,0
2026-09-09 20:37:25,R012,H05,ORD00068,EV Scooter,On_Delivery,Z03,28.601447,77.029383,191,12.9,15.4,6146.91,4382.87,57,0,32240,2,66,Clear,32.4,0,0
2026-09-09 20:55:58,R015,H03,ORD00125,EV Scooter,On_Delivery,Z07,28.546339,77.371543,66,15.8,16.5,5408.97,4201.52,68,0,24022,1,65,Clear,32.6,0,0
2026-09-09 20:57:52,R018,H03,ORD00103,Bike,On_Delivery,Z02,28.562723,77.42099,216,6.6,13.3,3560.47,6148.12,59,2,17671,2,79,Clear,28.8,0,0
2026-09-09 21:03:25,R001,H01,ORD00147,Scooter,On_Delivery,Z06,28.516456,77.231542,46,16.6,12.4,6439.04,4576.9,81,0,43358,2,39,Heavy Rain,26.9,8.5,0
2026-09-09 21:17:16,R009,H04,ORD00190,EV Scooter,On_Delivery,Z02,28.772222,77.069362,105,5.7,20.9,6141.82,4214.25,84,0,23360,1,35,Light Rain,27.9,1.5,0
2026-09-09 21:21:04,R012,H05,ORD00114,Scooter,On_Delivery,Z05,28.599344,77.071785,29,12.2,10.4,5987.97,4377.9,65,0,46995,1,51,Heavy Rain,31.3,11.9,0
2026-09-09 21:21:24,R021,H02,ORD00033,Bike,On_Delivery,Z08,28.449922,77.016612,212,12.9,24.9,5725.66,4063.62,63,0,15197,2,39,Cloudy,29.6,0,0
2026-09-09 21:22:03,R010,H03,ORD00400,EV Scooter,On_Delivery,Z04,28.551313,77.38055,204,11.6,27.3,6253.57,3841.41,83,0,17333,2,32,Clear,29.4,0,0
2026-09-09 21:25:33,R017,H03,ORD00428,Scooter,On_Delivery,Z05,28.546205,77.41167,120,12.0,14.5,5470.72,4061.83,59,0,27672,2,49,Light Rain,27.6,0.6,0
2026-09-09 21:45:03,R004,H02,ORD00343,Bike,On_Delivery,Z03,28.464109,77.009656,161,15.5,35.1,5967.46,4471.76,85,0,12545,2,22,Cloudy,30.3,0,1
2026-09-09 21:55:55,R025,H03,ORD00164,Scooter,On_Delivery,Z07,28.543371,77.371286,339,12.6,23.0,6589.44,4446.58,54,0,18960,2,44,Cloudy,33.3,0,0
2026-09-09 21:57:03,R007,H05,ORD00302,Scooter,On_Delivery,Z04,28.610361,77.035533,349,11.6,23.0,6170.69,4664.37,61,0,19909,2,33,Clear,31.0,0,0
2026-09-09 22:02:34,R019,H03,ORD00040,Scooter,On_Delivery,Z03,28.538823,77.380492,38,6.6,24.3,5779.94,3693.48,66,0,17583,2,37,Cloudy,32.3,0,0
2026-09-09 22:09:12,R022,H04,ORD00130,EV Scooter,On_Delivery,Z07,28.759815,77.036615,342,8.8,23.0,5654.28,4183.47,57,1,18154,2,32,Clear,28.6,0,0
2026-09-09 22:38:24,R001,H05,ORD00348,Bike,On_Delivery,Z04,28.625102,77.032962,244,12.1,27.5,3282.07,5638.87,69,0,9397,2,31,Clear,28.5,0,0
2026-09-09 23:00:23,R014,H02,ORD00307,Bike,On_Delivery,Z01,28.475806,77.03567,307,4.2,28.9,3760.64,6368.66,82,0,8959,1,29,Clear,32.2,0,0
2026-09-09 23:27:28,R006,H05,ORD00179,Bike,On_Delivery,Z05,28.593833,77.062939,206,9.8,25.0,6791.74,4319.35,53,0,19146,1,20,Clear,31.7,0,0
2026-09-10 00:26:38,R013,H05,ORD00196,Scooter,On_Delivery,Z02,28.623845,77.060558,83,6.7,27.0,3357.66,5732.67,69,0,8411,2,26,Clear,28.5,0,0
2026-09-10 00:32:54,R012,H04,ORD00072,Bike,On_Delivery,Z04,28.766892,77.04892,6,4.7,18.4,5653.43,3969.44,60,0,20341,2,35,Light Rain,31.0,2.7,0
2026-09-10 00:40:25,R004,H03,ORD00162,EV Scooter,On_Delivery,Z04,28.560234,77.375177,334,15.2,26.9,3966.19,5206.26,63,0,12211,1,31,Clear,32.6,0,0
2026-09-10 00:40:32,R016,H03,ORD00156,Scooter,On_Delivery,Z03,28.547255,77.375455,126,10.3,27.4,3610.3,5997.01,67,0,9899,1,32,Clear,30.7,0,0
2026-09-10 00:45:52,R022,H05,ORD00015,Scooter,On_Delivery,Z01,28.598485,77.05394,292,8.9,23.7,5855.71,4589.89,71,0,19737,2,45,Clear,30.2,0,0
2026-09-10 00:57:16,R003,H05,ORD00102,Scooter,On_Delivery,Z08,28.588655,77.040244,331,7.2,26.1,6151.66,3551.35,55,0,17148,2,46,Cloudy,31.8,0,0
2026-09-10 01:20:17,R012,H05,ORD00069,EV Scooter,On_Delivery,Z03,28.602948,77.032927,171,10.3,23.4,6055.07,4742.9,87,0,20524,2,20,Cloudy,32.4,0,0
2026-09-10 02:00:01,R024,H01,ORD00001,Bike,On_Delivery,Z01,28.534468,77.21839,249,9.5,24.7,3519.98,5272.59,68,3,9831,2,28,Clear,30.5,0,0
2026-09-10 02:15:18,R011,H03,ORD00041,Bike,On_Delivery,Z05,28.544937,77.423191,167,14.9,28.2,3708.25,6166.85,76,0,11036,2,49,Clear,29.7,0,0
2026-09-10 02:28:42,R006,H04,ORD00481,Scooter,On_Delivery,Z07,28.751946,77.02962,261,4.9,18.6,4393.95,5658.35,91,0,17092,1,46,Cloudy,28.1,0,0
2026-09-10 02:51:07,R022,H05,ORD00291,Bike,On_Delivery,Z01,28.601701,77.049289,206,12.5,24.9,4235.21,6036.3,60,4,12709,1,31,Clear,31.0,0,0
2026-09-10 03:03:52,R012,H05,ORD00337,EV Scooter,On_Delivery,Z05,28.592514,77.068413,241,3.0,24.2,6198.18,4550.32,89,0,16917,2,37,Clear,30.9,0,0
2026-09-10 03:08:38,R007,H03,ORD00082,Bike,On_Delivery,Z08,28.523799,77.372633,79,3.6,29.2,3645.44,5859.09,68,0,8781,1,45,Cloudy,31.5,0,0
2026-09-10 03:15:13,R010,H04,ORD00359,Bike,On_Delivery,Z02,28.766594,77.069574,199,12.9,32.5,6754.03,4258.71,77,0,14560,2,33,Cloudy,30.1,0,0
2026-09-10 03:30:28,R014,H05,ORD00324,EV Scooter,On_Delivery,Z02,28.612659,77.064177,246,11.0,24.7,6131.98,4087.56,55,0,19507,1,31,Cloudy,29.0,0,0
2026-09-10 03:39:04,R023,H03,ORD00281,EV Scooter,On_Delivery,Z07,28.545506,77.36903,210,9.4,22.1,6295.27,4232.41,75,0,23235,1,33,Clear,31.8,0,0
2026-09-10 03:52:32,R003,H03,ORD00473,Scooter,On_Delivery,Z06,28.527086,77.407913,164,8.5,20.1,6562.98,4463.92,71,0,23997,2,42,Cloudy,33.8,0,0
2026-09-10 03:56:04,R009,H01,ORD00367,Bike,On_Delivery,Z06,28.519215,77.222943,135,3.6,33.0,6312.72,3655.23,69,0,15937,1,22,Clear,33.7,0,1
2026-09-10 04:08:09,R015,H02,ORD00093,EV Scooter,On_Delivery,Z01,28.471936,77.033968,170,11.2,15.3,5839.23,4296.83,89,0,28882,1,43,Light Rain,27.3,2.5,0
2026-09-10 04:15:58,R016,H04,ORD00331,Scooter,On_Delivery,Z06,28.746607,77.07861,213,13.0,27.4,3501.35,5441.57,77,0,10555,1,36,Clear,30.3,0,0
2026-09-10 04:19:08,R005,H05,ORD00090,EV Scooter,On_Delivery,Z02,28.620456,77.059722,125,7.9,24.6,3398.71,5649.26,85,0,10063,2,46,Cloudy,30.1,0,0
2026-09-10 04:37:56,R015,H03,ORD00314,Scooter,On_Delivery,Z05,28.532967,77.417194,6,15.8,27.7,3845.73,5224.49,61,3,10531,1,23,Clear,29.6,0,0
2026-09-10 04:45:15,R023,H01,ORD00309,EV Scooter,On_Delivery,Z07,28.53464,77.185974,180,6.7,16.1,6637.44,4482.34,78,0,30747,1,54,Light Rain,32.1,2.3,0
2026-09-10 04:48:59,R007,H01,ORD00409,Bike,On_Delivery,Z03,28.525924,77.192416,24,13.8,26.5,4295.41,5470.33,74,0,12026,1,23,Clear,32.1,0,0
2026-09-10 04:56:04,R022,H05,ORD00186,Scooter,On_Delivery,Z04,28.613252,77.042896,62,8.9,26.4,5687.53,4425.83,66,0,15752,1,41,Cloudy,32.7,0,0
2026-09-10 04:56:26,R025,H02,ORD00439,Bike,On_Delivery,Z01,28.472523,77.034671,20,8.5,23.1,3989.95,5715.13,63,0,11627,1,28,Clear,29.8,0,0
2026-09-10 05:00:21,R025,H05,ORD00214,Bike,On_Delivery,Z01,28.60191,77.056848,67,6.0,19.0,6448.74,4185.72,94,0,27910,1,39,Light Rain,29.3,0.3,0
2026-09-10 05:00:50,R025,H04,ORD00206,EV Scooter,On_Delivery,Z06,28.74735,77.077499,208,5.7,13.4,6301.03,4235.02,79,4,39064,2,46,Light Rain,28.8,2.7,0
2026-09-10 05:15:14,R020,H05,ORD00071,Scooter,On_Delivery,Z03,28.605576,77.031584,22,7.5,21.6,6203.5,4399.77,76,0,23636,1,35,Clear,30.0,0,0
2026-09-10 05:17:44,R023,H04,ORD00494,Bike,On_Delivery,Z05,28.747828,77.083354,204,5.4,26.9,4207.71,5957.61,68,0,11573,1,41,Cloudy,32.1,0,0
2026-09-10 05:18:35,R010,H05,ORD00022,Scooter,On_Delivery,Z01,28.602606,77.058958,6,3.5,19.0,6381.54,4756.54,76,0,25510,1,45,Clear,32.5,0,0
2026-09-10 05:47:42,R010,H04,ORD00456,EV Scooter,On_Delivery,Z06,28.747102,77.068414,209,15.9,22.7,6201.79,4727.53,79,0,19242,2,34,Clear,30.5,0,0
2026-09-10 05:59:22,R009,H01,ORD00183,Bike,On_Delivery,Z02,28.541194,77.215478,55,15.1,19.6,6734.9,4155.33,94,0,22904,2,48,Light Rain,30.0,1.0,0
2026-09-10 06:05:09,R025,H02,ORD00420,Bike,On_Delivery,Z07,28.469418,77.008145,143,4.8,24.8,6284.19,4260.89,57,0,17496,1,48,Clear,33.6,0,0
2026-09-10 06:09:26,R013,H01,ORD00460,EV Scooter,On_Delivery,Z03,28.530042,77.186582,103,14.7,26.7,3360.5,5947.85,82,0,10337,2,32,Clear,28.1,0,0
2026-09-10 06:16:00,R017,H01,ORD00274,EV Scooter,On_Delivery,Z02,28.547302,77.226656,98,10.0,20.4,3670.19,5354.63,82,0,13620,2,29,Clear,29.9,0,0
2026-09-10 06:21:12,R017,H02,ORD00347,EV Scooter,On_Delivery,Z04,28.491789,77.013429,322,13.6,27.7,3286.61,5633.2,55,0,8037,1,25,Cloudy,29.8,0,0
2026-09-10 06:26:29,R011,H02,ORD00392,EV Scooter,On_Delivery,Z03,28.46443,77.020053,136,8.2,17.3,6842.81,3978.65,85,2,27009,2,51,Light Rain,30.2,1.1,0
2026-09-10 06:42:36,R023,H03,ORD00012,Scooter,On_Delivery,Z07,28.538554,77.374757,71,6.1,18.6,6301.13,4779.63,74,0,24399,2,40,Cloudy,33.5,0,0
2026-09-10 07:02:02,R012,H01,ORD00020,EV Scooter,On_Delivery,Z07,28.534334,77.192665,300,8.6,24.7,5917.59,4548.42,94,0,18517,1,41,Cloudy,32.0,0,0
2026-09-10 07:08:45,R021,H05,ORD00442,EV Scooter,On_Delivery,Z03,28.59274,77.025094,186,8.4,21.9,5884.25,4437.06,67,0,17889,1,37,Clear,32.4,0,0
2026-09-10 07:13:52,R024,H05,ORD00298,Scooter,On_Delivery,Z03,28.592801,77.020798,340,10.2,19.4,3873.43,4948.13,83,0,13216,1,49,Clear,33.8,0,0
2026-09-10 07:19:20,R019,H01,ORD00191,Scooter,On_Delivery,Z07,28.536605,77.190944,94,9.2,23.9,5579.97,4115.86,73,1,16633,2,48,Cloudy,29.1,0,0
2026-09-10 07:31:21,R004,H04,ORD00458,Bike,On_Delivery,Z03,28.757943,77.036966,217,16.4,28.6,3647.71,5054.94,91,0,10123,2,22,Cloudy,32.5,0,0
2026-09-10 07:40:41,R019,H04,ORD00376,EV Scooter,On_Delivery,Z05,28.751852,77.074289,201,8.0,18.6,6902.92,4242.34,60,0,27234,2,44,Clear,29.1,0,0
2026-09-10 07:51:49,R024,H04,ORD00200,Scooter,On_Delivery,Z02,28.778734,77.080451,18,6.4,24.9,3559.69,5705.51,66,0,11706,1,20,Clear,30.7,0,1
2026-09-10 08:11:43,R016,H02,ORD00273,Scooter,On_Delivery,Z06,28.461433,77.04581,5,13.6,12.9,4025.07,5479.13,61,0,21865,1,74,Clear,29.8,0,0
2026-09-10 08:16:37,R021,H05,ORD00007,Bike,On_Delivery,Z02,28.603649,77.064886,287,5.3,18.7,6730.58,4203.96,75,0,27007,1,61,Cloudy,32.3,0,0
2026-09-10 08:19:37,R011,H01,ORD00414,Scooter,On_Delivery,Z03,28.540981,77.179127,209,4.6,11.8,3549.02,5214.41,65,0,24046,2,86,Clear,32.0,0,0
2026-09-10 08:36:27,R003,H01,ORD00059,Scooter,On_Delivery,Z02,28.550291,77.223429,20,7.1,11.2,6282.53,4907.56,67,0,41555,2,88,Clear,32.0,0,0
2026-09-10 08:52:13,R016,H03,ORD00211,EV Scooter,On_Delivery,Z02,28.551864,77.401174,144,16.0,18.1,6397.86,3652.27,93,0,27929,1,63,Clear,28.6,0,0
2026-09-10 08:56:47,R024,H03,ORD00369,EV Scooter,On_Delivery,Z03,28.535702,77.372959,326,11.2,11.8,6355.93,4852.6,74,0,40955,2,90,Clear,31.4,0,0
2026-09-10 09:05:14,R004,H02,ORD00485,EV Scooter,On_Delivery,Z08,28.456193,77.006108,69,3.3,12.4,3877.89,5540.1,78,4,23759,1,88,Clear,28.1,0,0
2026-09-10 09:08:10,R004,H03,ORD00455,Scooter,On_Delivery,Z06,28.529292,77.410051,64,15.7,15.8,3965.19,5097.47,55,0,19773,2,80,Clear,33.7,0,0
2026-09-10 09:14:03,R020,H02,ORD00087,Scooter,On_Delivery,Z06,28.451655,77.052093,240,15.1,11.9,3830.69,5564.99,56,1,21865,2,72,Light Rain,30.5,1.8,0
2026-09-10 09:19:35,R019,H02,ORD00411,Bike,On_Delivery,Z06,28.457855,77.041458,142,5.8,22.8,6316.54,3956.28,94,0,19268,2,61,Clear,30.2,0,0
2026-09-10 09:20:04,R004,H04,ORD00058,Bike,On_Delivery,Z07,28.767242,77.028573,87,14.5,13.5,3422.36,6049.04,59,0,18470,2,88,Light Rain,32.5,0.6,0
2026-09-10 09:22:58,R007,H03,ORD00271,Scooter,On_Delivery,Z01,28.543146,77.405157,199,6.3,17.9,3973.8,5248.42,82,0,17382,1,62,Cloudy,30.5,0,0
2026-09-10 09:26:36,R015,H05,ORD00265,EV Scooter,On_Delivery,Z08,28.586775,77.025729,344,17.0,14.9,3530.1,5635.51,57,2,18551,1,75,Cloudy,30.3,0,0
2026-09-10 09:45:05,R001,H01,ORD00500,Scooter,On_Delivery,Z08,28.516415,77.18627,87,9.5,15.5,3379.41,5366.68,70,0,17384,1,81,Cloudy,29.1,0,0
2026-09-10 10:25:03,R016,H04,ORD00045,Bike,On_Delivery,Z03,28.756572,77.037935,56,4.8,14.4,3507.42,5566.02,50,0,17071,2,85,Clear,28.8,0,0
2026-09-10 10:32:59,R016,H05,ORD00334,Scooter,On_Delivery,Z08,28.573636,77.032547,37,11.3,10.9,3930.41,5093.93,89,0,29721,1,84,Light Rain,30.9,2.5,0
2026-09-10 10:36:51,R008,H05,ORD00118,Bike,On_Delivery,Z05,28.589633,77.071458,282,4.0,12.8,4193.39,5425.49,50,0,25075,2,89,Clear,31.4,0,0
2026-09-10 10:44:08,R016,H03,ORD00358,EV Scooter,On_Delivery,Z04,28.556432,77.38184,303,15.6,12.8,6377.93,3666.91,54,0,41793,1,83,Light Rain,29.4,1.5,0
2026-09-10 11:13:18,R013,H04,ORD00497,Scooter,On_Delivery,Z03,28.752492,77.046446,58,4.3,17.7,6967.4,4036.98,78,0,26822,2,50,Cloudy,31.8,0,0
2026-09-10 11:13:19,R021,H05,ORD00436,EV Scooter,On_Delivery,Z02,28.604164,77.053909,125,4.5,17.5,6360.9,4219.48,56,0,26264,2,62,Clear,30.9,0,1
2026-09-10 11:32:32,R015,H02,ORD00447,EV Scooter,On_Delivery,Z07,28.472991,77.002846,340,10.8,7.9,3607.72,6396.08,86,0,31309,2,77,Heavy Rain,27.2,8.0,0
2026-09-10 11:33:12,R001,H04,ORD00318,EV Scooter,On_Delivery,Z06,28.748653,77.072319,230,7.0,21.9,6738.16,3994.76,81,0,21539,2,52,Cloudy,28.0,0,0
2026-09-10 11:59:15,R017,H03,ORD00107,Scooter,On_Delivery,Z07,28.539778,77.376178,235,11.9,14.7,6415.3,4376.43,74,0,30237,1,69,Clear,28.8,0,0
2026-09-10 12:35:16,R015,H04,ORD00451,Scooter,On_Delivery,Z03,28.764971,77.038455,22,14.1,12.7,3873.48,5002.58,65,0,24295,1,56,Heavy Rain,26.0,9.0,0
2026-09-10 12:36:35,R012,H05,ORD00220,EV Scooter,On_Delivery,Z06,28.585718,77.071465,36,9.2,16.3,3880.25,5688.25,75,0,16959,2,63,Clear,29.5,0,0
2026-09-10 12:56:11,R019,H05,ORD00339,EV Scooter,On_Delivery,Z03,28.598896,77.026028,266,7.5,17.8,6013.29,4574.25,58,0,26293,2,55,Cloudy,31.1,0,0
2026-09-10 12:57:14,R008,H04,ORD00043,Scooter,On_Delivery,Z08,28.736971,77.048002,19,3.9,20.4,4107.69,5254.95,60,2,13798,1,44,Light Rain,32.0,1.2,0
2026-09-10 13:08:59,R020,H01,ORD00478,Bike,On_Delivery,Z08,28.511682,77.196803,226,4.1,16.2,3736.39,6181.53,53,0,18091,2,67,Cloudy,28.3,0,0
2026-09-10 13:23:43,R023,H04,ORD00301,Bike,On_Delivery,Z08,28.740595,77.046812,255,16.4,10.7,4438.15,5797.49,88,0,32770,2,62,Heavy Rain,32.3,10.0,0
2026-09-10 14:24:11,R015,H01,ORD00237,Bike,On_Delivery,Z04,28.561081,77.200218,12,3.7,24.4,3945.89,5083.94,67,0,12392,2,41,Cloudy,31.9,0,0
2026-09-10 14:42:53,R023,H05,ORD00221,Scooter,On_Delivery,Z05,28.592215,77.066639,142,14.2,20.3,6946.98,4283.6,73,2,22773,1,38,Clear,29.6,0,0
2026-09-10 14:52:41,R007,H05,ORD00150,Bike,On_Delivery,Z01,28.604932,77.050434,15,17.3,19.7,6739.99,4375.3,92,0,24935,2,54,Cloudy,29.1,0,0
2026-09-10 15:04:02,R015,H03,ORD00305,Bike,On_Delivery,Z03,28.548568,77.369455,269,10.3,19.3,3952.09,5221.5,51,3,13805,2,69,Clear,32.1,0,1
2026-09-10 15:14:19,R006,H05,ORD00112,Bike,On_Delivery,Z08,28.573663,77.026272,237,14.1,16.7,3947.79,5304.67,86,0,16122,2,69,Clear,29.3,0,0
2026-09-10 15:14:56,R024,H03,ORD00106,Scooter,On_Delivery,Z04,28.551363,77.390546,205,9.7,25.6,6779.96,4203.02,82,0,18333,2,37,Clear,29.2,0,0
2026-09-10 15:15:04,R009,H04,ORD00404,Bike,On_Delivery,Z06,28.744647,77.074084,93,11.1,20.0,6754.1,3930.57,77,0,27682,1,48,Clear,32.4,0,0
2026-09-10 15:16:32,R023,H04,ORD00354,Bike,On_Delivery,Z06,28.744461,77.077096,50,12.8,28.0,6430.01,4164.71,76,0,16260,2,49,Clear,32.5,0,0
2026-09-10 15:26:49,R011,H04,ORD00419,Scooter,On_Delivery,Z03,28.764029,77.034718,321,10.2,18.5,3910.47,6555.31,49,2,14608,1,69,Clear,33.7,0,0
2026-09-10 15:32:30,R019,H03,ORD00003,EV Scooter,On_Delivery,Z06,28.529709,77.423137,313,14.9,15.9,3967.68,5196.43,55,3,16807,2,40,Light Rain,28.9,0.5,0
2026-09-10 15:34:45,R021,H01,ORD00463,EV Scooter,On_Delivery,Z03,28.544298,77.179625,346,14.1,20.6,3913.14,6636.86,83,2,15287,1,43,Clear,30.8,0,0
2026-09-10 15:47:37,R022,H04,ORD00066,Scooter,On_Delivery,Z08,28.734706,77.033989,261,3.4,11.0,3678.72,6174.15,93,0,27396,1,70,Light Rain,28.6,1.1,0
2026-09-10 16:19:33,R003,H02,ORD00026,EV Scooter,On_Delivery,Z04,28.499882,77.022001,100,9.6,18.4,3659.42,6012.87,63,0,16467,1,70,Clear,28.0,0,0
2026-09-10 16:28:33,R020,H03,ORD00128,EV Scooter,On_Delivery,Z07,28.550815,77.362288,140,15.6,19.7,3673.15,5671.05,71,0,12752,1,47,Light Rain,28.8,2.4,0
2026-09-10 16:28:49,R018,H01,ORD00166,Scooter,On_Delivery,Z07,28.528922,77.190238,4,8.0,20.8,6039.21,4608.44,81,0,23632,1,43,Clear,33.6,0,0
2026-09-10 16:41:56,R004,H02,ORD00312,EV Scooter,On_Delivery,Z05,28.464073,77.054321,50,11.1,13.0,4593.04,5997.13,91,0,26584,1,51,Heavy Rain,25.6,11.1,0
2026-09-10 16:56:59,R018,H05,ORD00198,Bike,On_Delivery,Z08,28.58672,77.028282,93,3.6,29.1,3738.41,6329.16,80,0,8915,1,40,Clear,29.7,0,0
2026-09-10 17:11:19,R001,H02,ORD00467,EV Scooter,On_Delivery,Z02,28.496758,77.050258,315,10.7,11.3,3303.59,5434.55,53,0,22911,1,78,Light Rain,27.9,0.2,0
2026-09-10 17:23:45,R016,H05,ORD00109,Scooter,On_Delivery,Z04,28.630287,77.035884,143,7.5,10.0,3678.12,5623.99,86,0,29269,1,81,Heavy Rain,26.4,7.6,0
2026-09-10 17:35:51,R015,H03,ORD00430,EV Scooter,On_Delivery,Z07,28.550026,77.365828,90,3.5,9.4,4124.26,6327.19,71,1,32286,2,94,Clear,33.1,0,0
2026-09-10 18:04:09,R012,H04,ORD00284,EV Scooter,On_Delivery,Z07,28.763324,77.025134,132,16.0,12.4,3642.78,5132.55,51,2,24468,1,93,Clear,29.6,0,0
2026-09-10 18:27:44,R006,H03,ORD00293,EV Scooter,On_Delivery,Z05,28.54002,77.425587,57,8.2,17.0,4390.7,5915.57,54,0,21460,2,73,Clear,31.6,0,0
2026-09-10 18:31:30,R006,H02,ORD00300,Scooter,On_Delivery,Z07,28.47824,76.992498,41,7.6,8.0,3734.32,6204.65,62,0,31834,1,100,Light Rain,27.9,0.6,0
2026-09-10 18:34:23,R025,H05,ORD00393,Bike,On_Delivery,Z08,28.584144,77.02191,3,16.3,17.9,4329.61,6401.91,79,4,19116,2,77,Clear,33.4,0,0
2026-09-10 18:41:19,R022,H05,ORD00219,Scooter,On_Delivery,Z03,28.598871,77.019805,328,8.6,12.2,3505.24,5228.31,73,2,22572,2,78,Light Rain,29.3,1.8,0
2026-09-10 19:00:17,R012,H01,ORD00031,Scooter,On_Delivery,Z07,28.533679,77.189877,155,9.4,13.2,6954.27,3928.41,83,0,38581,1,86,Clear,31.6,0,0
2026-09-10 19:24:57,R017,H02,ORD00327,EV Scooter,On_Delivery,Z04,28.49961,77.009479,208,7.5,8.3,3873.59,5373.73,70,3,36925,2,88,Heavy Rain,31.6,3.0,0
2026-09-10 19:35:25,R023,H03,ORD00205,Bike,On_Delivery,Z05,28.545354,77.424399,124,16.1,14.9,3631.39,5822.2,79,0,17307,2,87,Clear,33.0,0,1
2026-09-10 19:41:59,R005,H03,ORD00194,EV Scooter,On_Delivery,Z05,28.547144,77.424831,217,4.8,15.2,4255.93,5923.9,67,2,22014,1,85,Clear,28.2,0,0
2026-09-10 19:43:48,R003,H01,ORD00371,EV Scooter,On_Delivery,Z02,28.544671,77.221394,38,7.2,8.7,7005.13,3949.46,66,3,66314,1,87,Heavy Rain,30.8,10.1,0
2026-09-10 19:46:11,R019,H05,ORD00306,EV Scooter,On_Delivery,Z03,28.606852,77.028098,51,12.3,10.0,3508.14,5813.34,84,0,27345,2,77,Light Rain,27.2,2.2,0
2026-09-10 19:47:11,R002,H04,ORD00269,Bike,On_Delivery,Z07,28.762066,77.03887,205,13.9,16.1,3791.55,5178.63,87,0,18101,1,65,Clear,32.6,0,0
2026-09-10 19:55:35,R003,H04,ORD00036,Bike,On_Delivery,Z08,28.739028,77.047108,290,7.1,12.9,3559.4,5697.76,67,0,22121,1,89,Cloudy,32.6,0,0
2026-09-10 20:01:46,R015,H01,ORD00067,EV Scooter,On_Delivery,Z07,28.542637,77.189239,245,3.9,15.3,3264.76,5669.09,86,0,15121,1,72,Clear,29.3,0,0
2026-09-10 20:01:55,R021,H03,ORD00433,Bike,On_Delivery,Z01,28.550893,77.406284,341,17.2,13.3,6525.04,4736.22,90,0,33148,2,84,Clear,31.4,0,0
2026-09-10 20:16:36,R025,H03,ORD00246,EV Scooter,On_Delivery,Z07,28.543083,77.374058,227,3.2,10.1,6449.98,4137.74,74,0,50585,1,89,Clear,31.7,0,0
2026-09-10 20:18:07,R023,H01,ORD00278,Bike,On_Delivery,Z07,28.538513,77.192027,154,10.7,14.7,4009.89,5686.03,82,0,21714,1,82,Clear,31.8,0,0
2026-09-10 20:34:49,R011,H05,ORD00266,EV Scooter,On_Delivery,Z05,28.589954,77.07345,257,9.0,9.4,3619.56,6021.12,68,0,25797,2,79,Heavy Rain,26.0,3.4,0
2026-09-10 20:39:17,R010,H03,ORD00287,Scooter,On_Delivery,Z01,28.557939,77.395892,299,10.6,19.2,3282.06,5743.75,52,0,13235,2,66,Cloudy,30.4,0,0
2026-09-10 20:43:18,R011,H02,ORD00375,Bike,On_Delivery,Z02,28.483929,77.039702,296,16.2,16.6,3870.59,5385.94,69,0,17576,1,71,Clear,28.7,0,0
2026-09-10 20:58:29,R014,H04,ORD00160,Bike,On_Delivery,Z03,28.764891,77.026552,304,17.7,19.1,3201.02,5529.75,90,0,13355,2,67,Clear,31.5,0,0
2026-09-10 20:59:32,R009,H02,ORD00405,Bike,On_Delivery,Z06,28.451985,77.042028,189,15.8,12.8,7078.92,4170.45,57,0,38677,1,90,Clear,32.1,0,1
2026-09-10 21:01:02,R011,H04,ORD00177,EV Scooter,On_Delivery,Z03,28.7519,77.04228,92,8.6,17.3,4243.8,5898.89,68,0,18160,1,43,Clear,29.2,0,0
2026-09-10 21:24:58,R004,H03,ORD00395,EV Scooter,On_Delivery,Z04,28.565853,77.38223,240,4.4,21.9,4259.58,6061.18,67,0,15034,2,48,Cloudy,30.3,0,0
2026-09-10 21:35:21,R010,H01,ORD00048,Bike,On_Delivery,Z08,28.507622,77.18974,14,13.9,29.7,3878.42,6072.62,50,0,8851,2,26,Clear,30.2,0,0
2026-09-10 21:35:36,R023,H01,ORD00346,Bike,On_Delivery,Z03,28.534993,77.191568,101,7.9,17.3,3826.67,5239.28,54,0,15469,2,36,Light Rain,27.0,1.4,0
2026-09-10 21:38:17,R007,H04,ORD00010,EV Scooter,On_Delivery,Z07,28.767868,77.025739,54,10.5,20.0,3794.75,5369.67,55,0,13066,2,46,Clear,29.9,0,0
2026-09-10 22:00:02,R020,H02,ORD00277,Scooter,On_Delivery,Z03,28.469868,77.001346,39,11.1,24.6,3594.11,6282.18,73,0,10500,2,32,Clear,33.7,0,0
2026-09-10 22:00:11,R008,H01,ORD00075,Scooter,On_Delivery,Z01,28.544886,77.216216,109,6.5,21.2,3414.52,5313.1,70,0,12369,1,23,Cloudy,30.5,0,0
2026-09-10 22:00:26,R024,H02,ORD00230,EV Scooter,On_Delivery,Z05,28.466807,77.064476,106,15.5,19.2,3932.75,5048.31,60,0,14784,2,30,Clear,32.7,0,0
2026-09-10 22:07:47,R025,H04,ORD00101,Bike,On_Delivery,Z08,28.744462,77.036179,351,16.2,26.7,4111.33,5930.88,49,0,11343,1,49,Clear,32.8,0,0
2026-09-10 22:13:31,R023,H04,ORD00136,Bike,On_Delivery,Z04,28.78549,77.048689,110,17.5,28.0,3462.07,5351.55,57,4,8801,1,41,Clear,29.2,0,0
2026-09-10 22:21:34,R012,H05,ORD00413,Scooter,On_Delivery,Z02,28.620244,77.069039,243,3.9,26.8,4135.99,5738.48,60,0,11838,1,23,Clear,29.6,0,0
2026-09-10 22:24:10,R001,H01,ORD00171,Bike,On_Delivery,Z05,28.530487,77.22615,321,15.4,30.2,6605.61,4324.02,79,0,17677,2,37,Cloudy,32.5,0,0
2026-09-10 22:25:05,R008,H03,ORD00357,EV Scooter,On_Delivery,Z03,28.545219,77.378509,155,5.6,30.4,6268.34,4819.05,89,0,16423,2,22,Clear,33.2,0,0
2026-09-10 22:30:48,R022,H01,ORD00225,EV Scooter,On_Delivery,Z01,28.546556,77.214266,223,12.9,24.1,3947.19,5244.22,91,0,13479,2,24,Clear,33.5,0,0
2026-09-10 22:32:13,R009,H05,ORD00338,EV Scooter,On_Delivery,Z06,28.582048,77.072992,315,14.5,25.5,3462.15,5881.19,69,0,9898,2,34,Clear,32.0,0,0
2026-09-10 22:34:08,R013,H03,ORD00255,EV Scooter,On_Delivery,Z08,28.529137,77.382038,291,4.4,16.0,3965.36,6853.61,54,0,17623,2,44,Light Rain,28.8,2.2,0
2026-09-10 22:47:04,R015,H03,ORD00081,Scooter,On_Delivery,Z06,28.528729,77.414332,357,12.7,9.7,4345.14,5835.4,54,4,33537,1,58,Heavy Rain,26.7,4.2,0
2026-09-10 23:09:54,R005,H03,ORD00235,EV Scooter,On_Delivery,Z01,28.545927,77.39565,66,8.7,19.3,3861.47,6139.87,82,1,14995,2,40,Cloudy,32.1,0,0
2026-09-10 23:10:25,R008,H04,ORD00234,EV Scooter,On_Delivery,Z07,28.75283,77.025827,173,14.2,23.2,3714.59,5245.34,79,0,13106,1,42,Clear,29.7,0,0
2026-09-10 23:20:00,R001,H03,ORD00317,Bike,On_Delivery,Z04,28.568433,77.381174,43,13.5,34.9,3708.06,5172.94,84,1,8827,1,23,Clear,28.9,0,0
2026-09-10 23:36:43,R022,H03,ORD00474,EV Scooter,On_Delivery,Z08,28.528134,77.381305,300,14.2,21.8,3716.83,6244.25,83,0,13829,1,50,Clear,30.1,0,0
2026-09-11 00:02:58,R005,H05,ORD00319,Bike,On_Delivery,Z02,28.621526,77.060924,113,12.8,27.3,3843.33,5301.28,82,0,10418,2,49,Clear,31.4,0,0
2026-09-11 00:18:55,R022,H01,ORD00204,Bike,On_Delivery,Z03,28.541626,77.180818,137,6.3,28.3,3885.83,6539.05,62,0,11290,2,40,Clear,31.8,0,0
2026-09-11 00:19:18,R007,H03,ORD00304,Bike,On_Delivery,Z07,28.539828,77.368591,271,12.6,25.9,3213.71,5662.81,52,0,10358,2,31,Clear,31.3,0,0
2026-09-11 00:38:33,R001,H01,ORD00498,EV Scooter,On_Delivery,Z07,28.54334,77.180686,359,17.6,23.3,4234.68,5843.65,62,0,14318,2,21,Clear,31.0,0,1
2026-09-11 00:44:33,R004,H05,ORD00203,Bike,On_Delivery,Z03,28.596959,77.030342,104,3.5,24.5,3961.1,6895.95,60,0,10794,1,49,Cloudy,31.1,0,0
2026-09-11 00:48:09,R002,H02,ORD00240,Bike,On_Delivery,Z05,28.466055,77.043804,185,9.1,28.6,6255.24,4571.91,58,0,16026,1,34,Cloudy,29.6,0,0
2026-09-11 01:17:40,R003,H05,ORD00444,Scooter,On_Delivery,Z08,28.586698,77.025255,41,9.2,18.8,3914.26,5108.98,59,0,14262,1,38,Clear,33.5,0,0
2026-09-11 01:18:40,R009,H01,ORD00073,EV Scooter,On_Delivery,Z03,28.532397,77.184388,46,13.4,12.6,3889.8,5811.0,87,0,23565,2,60,Heavy Rain,29.0,3.6,0
2026-09-11 01:20:15,R025,H02,ORD00149,EV Scooter,On_Delivery,Z03,28.466118,77.007761,37,17.1,21.5,4767.08,6103.08,84,0,17274,1,20,Cloudy,32.5,0,0
2026-09-11 01:24:31,R013,H01,ORD00195,Scooter,On_Delivery,Z07,28.541152,77.191347,285,9.4,19.8,3936.6,5530.96,65,0,15833,1,46,Light Rain,29.0,0.3,0
2026-09-11 01:44:40,R025,H02,ORD00208,EV Scooter,On_Delivery,Z03,28.469291,76.995891,37,10.4,27.4,3498.65,6143.47,59,4,9567,2,30,Clear,28.4,0,0
2026-09-11 02:11:59,R015,H03,ORD00241,Bike,On_Delivery,Z06,28.534664,77.419801,223,7.3,23.6,4430.18,5693.08,59,0,12833,2,42,Light Rain,32.7,0.2,0
2026-09-11 02:12:38,R019,H02,ORD00489,Bike,On_Delivery,Z06,28.460687,77.059235,127,9.5,27.6,4418.67,6036.04,63,0,11779,2,32,Clear,28.5,0,0
2026-09-11 02:17:32,R016,H03,ORD00250,Scooter,On_Delivery,Z02,28.563121,77.415447,231,13.1,25.2,3535.22,5709.67,65,0,11766,2,24,Clear,28.1,0,0
2026-09-11 02:44:47,R001,H02,ORD00425,Scooter,On_Delivery,Z01,28.47522,77.040436,36,10.4,22.9,4014.82,5735.16,88,0,14350,1,47,Clear,29.7,0,0
2026-09-11 02:46:24,R007,H03,ORD00378,Scooter,On_Delivery,Z05,28.536709,77.422902,215,14.3,22.4,3574.71,6034.82,81,0,13024,1,36,Clear,33.6,0,0
2026-09-11 02:54:34,R023,H05,ORD00471,EV Scooter,On_Delivery,Z06,28.580905,77.072401,344,16.0,26.1,4106.73,5278.28,70,0,11156,2,35,Clear,33.1,0,0
2026-09-11 03:00:59,R017,H03,ORD00353,Scooter,On_Delivery,Z05,28.534786,77.41575,174,8.1,22.3,4132.36,5814.43,91,0,14726,2,22,Clear,30.3,0,0
2026-09-11 04:03:47,R002,H02,ORD00417,Scooter,On_Delivery,Z03,28.462255,77.002264,74,17.0,12.7,4095.41,5515.17,60,0,24354,2,56,Heavy Rain,32.1,8.4,0
2026-09-11 04:06:15,R017,H02,ORD00182,Bike,On_Delivery,Z05,28.455378,77.049372,132,6.5,28.7,3262.47,5732.77,93,0,8135,2,20,Clear,28.5,0,0
2026-09-11 04:16:04,R013,H03,ORD00259,Bike,On_Delivery,Z03,28.538136,77.372371,329,10.6,13.6,3729.71,5526.17,54,2,19778,1,56,Heavy Rain,29.6,9.8,1
2026-09-11 04:26:59,R010,H01,ORD00454,EV Scooter,On_Delivery,Z05,28.527663,77.227384,268,5.6,15.9,7109.81,4001.86,63,0,31267,2,34,Heavy Rain,27.4,6.4,0
2026-09-11 04:32:17,R024,H04,ORD00184,Bike,On_Delivery,Z05,28.758545,77.091507,357,6.0,16.9,3416.28,5562.55,83,1,14079,2,42,Light Rain,30.2,1.9,0
2026-09-11 05:17:33,R016,H04,ORD00135,EV Scooter,On_Delivery,Z04,28.776574,77.048305,359,5.7,18.3,4079.9,6722.42,67,0,17451,1,27,Light Rain,29.3,2.8,0
2026-09-11 05:20:03,R009,H03,ORD00461,EV Scooter,On_Delivery,Z02,28.56564,77.410236,227,7.8,23.1,3793.49,5677.52,61,0,11013,2,37,Clear,29.6,0,0
2026-09-11 05:27:04,R009,H04,ORD00336,Scooter,On_Delivery,Z07,28.766201,77.024955,264,17.1,21.6,3999.94,6388.46,54,0,15108,1,28,Clear,30.0,0,0
2026-09-11 05:32:10,R020,H03,ORD00213,Bike,On_Delivery,Z08,28.524195,77.378956,322,11.9,20.0,3860.4,4980.2,82,0,13635,1,36,Light Rain,27.5,1.7,0
2026-09-11 05:39:31,R016,H04,ORD00469,EV Scooter,On_Delivery,Z02,28.78135,77.083609,64,16.7,26.0,4311.84,6118.75,57,0,13442,2,36,Clear,30.9,0,0
2026-09-11 05:48:47,R014,H05,ORD00257,Scooter,On_Delivery,Z03,28.604847,77.031725,63,14.2,16.3,3710.16,6036.34,88,0,15594,1,57,Light Rain,30.9,1.5,0
2026-09-11 05:52:49,R001,H04,ORD00113,Bike,On_Delivery,Z08,28.741824,77.039765,238,10.8,34.7,4168.51,6895.78,65,0,9682,2,21,Clear,30.1,0,0
2026-09-11 06:24:43,R018,H02,ORD00275,Scooter,On_Delivery,Z06,28.4511,77.053017,96,7.1,24.3,3406.44,5639.86,60,4,10951,1,40,Clear,29.2,0,0
2026-09-11 06:27:24,R016,H04,ORD00280,Bike,On_Delivery,Z06,28.741456,77.08396,12,7.0,25.7,3714.92,5473.38,66,0,10633,1,50,Clear,28.1,0,0
2026-09-11 06:31:59,R004,H03,ORD00034,Bike,On_Delivery,Z04,28.572628,77.390807,306,7.2,20.8,4257.82,5819.01,74,0,16279,2,47,Cloudy,31.8,0,0
2026-09-11 06:36:25,R022,H03,ORD00052,EV Scooter,On_Delivery,Z02,28.566408,77.420149,176,4.5,27.2,3894.09,5621.8,64,0,10733,1,31,Cloudy,31.6,0,0
2026-09-11 06:49:01,R021,H02,ORD00249,EV Scooter,On_Delivery,Z01,28.481868,77.041612,281,17.8,27.6,4416.76,5756.27,64,0,11405,1,31,Clear,29.7,0,0
2026-09-11 06:52:55,R002,H03,ORD00152,EV Scooter,On_Delivery,Z02,28.554822,77.405668,267,11.7,21.2,4022.03,5198.99,62,0,14342,2,43,Clear,28.6,0,0
2026-09-11 07:00:52,R023,H02,ORD00193,Bike,On_Delivery,Z06,28.454049,77.045774,83,11.9,21.2,3593.83,5489.54,68,0,12087,1,47,Light Rain,27.0,1.1,0
2026-09-11 07:06:21,R008,H05,ORD00158,Scooter,On_Delivery,Z06,28.585061,77.080753,68,3.4,10.1,4486.39,6671.94,56,0,29986,2,50,Heavy Rain,28.6,4.4,0
2026-09-11 07:16:43,R025,H04,ORD00486,Bike,On_Delivery,Z05,28.760547,77.093639,227,6.2,17.0,3838.59,5180.73,78,0,16722,1,52,Light Rain,29.0,1.1,0
2026-09-11 07:23:37,R025,H05,ORD00207,EV Scooter,On_Delivery,Z07,28.609325,77.02639,332,5.3,21.7,3704.21,5728.82,59,0,12279,1,32,Clear,29.4,0,0
2026-09-11 07:42:32,R022,H04,ORD00329,Scooter,On_Delivery,Z05,28.748244,77.098272,92,4.7,17.3,3580.59,6359.57,55,0,16116,1,62,Light Rain,28.0,1.8,0
2026-09-11 07:58:24,R019,H04,ORD00185,Bike,On_Delivery,Z08,28.737137,77.033171,212,4.6,22.9,3991.22,6350.85,78,0,13746,1,35,Clear,31.3,0,0
2026-09-11 08:09:11,R024,H03,ORD00174,Bike,On_Delivery,Z03,28.549617,77.371251,252,6.1,18.1,3452.11,5769.78,62,0,14382,2,66,Cloudy,30.7,0,0
2026-09-11 08:16:03,R015,H05,ORD00176,Scooter,On_Delivery,Z05,28.598055,77.073024,97,14.3,14.8,4387.39,6528.25,89,4,20719,1,67,Cloudy,31.9,0,0
2026-09-11 08:20:10,R006,H04,ORD00328,Scooter,On_Delivery,Z02,28.779196,77.079532,205,3.6,16.7,3522.86,6080.68,62,0,15986,1,76,Clear,33.9,0,0
2026-09-11 08:23:02,R021,H04,ORD00005,Scooter,On_Delivery,Z07,28.757033,77.041589,156,15.8,10.9,4224.24,5749.32,59,0,30464,1,91,Light Rain,27.8,0.6,0
2026-09-11 08:23:16,R014,H02,ORD00496,Scooter,On_Delivery,Z01,28.475845,77.035183,167,7.4,7,4171.8,6104.72,71,0,47752,1,92,Heavy Rain,27.4,8.7,0
2026-09-11 08:25:39,R015,H02,ORD00322,EV Scooter,On_Delivery,Z06,28.455074,77.045116,125,12.4,16.6,3554.6,5652.01,80,0,17906,2,68,Clear,33.1,0,0
2026-09-11 08:27:16,R001,H05,ORD00389,Scooter,On_Delivery,Z04,28.630259,77.038899,242,9.7,14.4,3462.65,5678.41,87,0,16273,2,73,Cloudy,29.6,0,0
2026-09-11 08:28:08,R019,H05,ORD00232,Bike,On_Delivery,Z03,28.593088,77.024103,18,4.5,20.7,4271.25,5469.54,57,0,13720,1,69,Cloudy,29.5,0,0
2026-09-11 08:39:03,R003,H02,ORD00397,EV Scooter,On_Delivery,Z04,28.495552,77.015004,185,8.9,8.7,3312.36,5805.25,52,0,29485,1,91,Light Rain,32.6,0.5,0
2026-09-11 08:48:00,R023,H04,ORD00443,EV Scooter,On_Delivery,Z05,28.759037,77.095971,120,3.7,19.7,3773.05,6282.02,65,0,14602,2,62,Clear,32.9,0,0
2026-09-11 08:53:08,R007,H03,ORD00303,Bike,On_Delivery,Z05,28.536213,77.425712,205,15.2,13.0,4208.91,5777.74,88,0,22838,1,85,Cloudy,33.0,0,0
2026-09-11 09:01:01,R018,H01,ORD00401,Bike,On_Delivery,Z04,28.562993,77.201456,356,5.5,11.9,4291.36,5992.44,65,0,28949,1,90,Clear,31.4,0,0
2026-09-11 09:03:15,R008,H05,ORD00088,EV Scooter,On_Delivery,Z07,28.604587,77.014764,23,14.0,20.7,3727.85,5962.54,68,0,12634,2,63,Clear,28.8,0,0
2026-09-11 09:03:41,R008,H05,ORD00459,Scooter,On_Delivery,Z03,28.594715,77.028476,16,11.3,14.0,4147.08,6099.76,66,0,20787,2,83,Cloudy,28.6,0,0
2026-09-11 09:12:19,R011,H04,ORD00236,EV Scooter,On_Delivery,Z01,28.770594,77.072581,45,12.3,15.2,3769.97,5227.17,75,0,19578,2,63,Clear,33.9,0,0
2026-09-11 09:18:05,R021,H05,ORD00380,Scooter,On_Delivery,Z02,28.614835,77.059868,323,11.7,14.8,4012.88,6684.24,60,0,19020,1,63,Clear,29.2,0,0
2026-09-11 09:29:52,R024,H02,ORD00180,Bike,On_Delivery,Z04,28.496095,77.007472,305,6.8,12.2,3372.51,5606.33,79,0,20111,2,78,Light Rain,32.2,0.5,0
2026-09-11 09:46:36,R023,H03,ORD00100,Bike,On_Delivery,Z06,28.535893,77.416542,318,13.5,21.0,3803.58,6511.02,78,0,15086,2,69,Cloudy,28.9,0,0
2026-09-11 10:03:10,R009,H04,ORD00326,Bike,On_Delivery,Z02,28.77083,77.074808,219,16.2,14.6,3910.09,5008.07,68,0,18910,1,76,Cloudy,32.1,0,0
2026-09-11 10:05:29,R013,H02,ORD00330,Bike,On_Delivery,Z07,28.465254,77.008904,2,10.1,16.6,4552.62,5995.46,68,0,22527,2,78,Cloudy,31.5,0,1
2026-09-11 10:07:11,R013,H04,ORD00412,Scooter,On_Delivery,Z08,28.738121,77.046069,60,10.5,20.2,3806.53,5047.66,85,0,12716,2,61,Clear,32.7,0,0
2026-09-11 10:07:14,R009,H03,ORD00080,EV Scooter,On_Delivery,Z07,28.540589,77.364108,266,13.2,10.6,4258.54,6122.29,69,0,31447,1,87,Light Rain,28.8,1.5,0
2026-09-11 10:17:18,R020,H04,ORD00386,Scooter,On_Delivery,Z04,28.779059,77.047985,186,12.0,14.7,4252.82,5947.66,55,0,22795,2,79,Cloudy,31.3,0,0
2026-09-11 10:23:50,R019,H05,ORD00216,EV Scooter,On_Delivery,Z07,28.603868,77.017742,169,15.3,18.3,3945.13,5526.21,86,0,14264,1,62,Clear,30.0,0,0
2026-09-11 10:25:12,R011,H04,ORD00032,EV Scooter,On_Delivery,Z07,28.765565,77.030434,326,15.2,12.9,3660.54,5045.26,82,3,18924,1,86,Clear,30.3,0,0
2026-09-11 10:45:03,R014,H02,ORD00423,Bike,On_Delivery,Z04,28.498023,77.014429,227,3.5,13.2,4230.77,5433.13,77,0,25695,1,72,Light Rain,31.5,0.3,0
2026-09-11 11:06:37,R015,H03,ORD00311,Scooter,On_Delivery,Z06,28.523772,77.424494,35,12.2,19.0,3882.44,5089.95,63,0,15735,2,46,Light Rain,27.5,2.6,0
2026-09-11 11:20:01,R023,H03,ORD00181,Bike,On_Delivery,Z08,28.517673,77.381123,16,3.9,20.8,3880.55,5129.22,52,0,15310,1,55,Cloudy,29.3,0,0
2026-09-11 11:28:52,R018,H05,ORD00025,EV Scooter,On_Delivery,Z07,28.601479,77.027371,342,16.6,17.0,3892.25,5397.91,86,0,18438,1,59,Cloudy,29.0,0,0
2026-09-11 11:37:30,R023,H02,ORD00325,Bike,On_Delivery,Z03,28.462217,76.9957,260,13.5,29.8,3929.42,6004.62,87,0,10972,1,36,Cloudy,31.8,0,1
2026-09-11 11:40:26,R012,H05,ORD00139,Scooter,On_Delivery,Z07,28.598829,77.022223,281,4.2,13.8,3616.08,5557.78,56,0,19820,2,52,Light Rain,30.5,2.9,0
2026-09-11 11:51:19,R004,H01,ORD00151,EV Scooter,On_Delivery,Z03,28.540613,77.176319,236,9.2,19.1,4324.54,6927.79,53,0,15392,1,58,Cloudy,30.6,0,0
2026-09-11 11:52:37,R015,H03,ORD00422,Bike,On_Delivery,Z03,28.545659,77.373805,247,17.9,24.2,4087.47,7026.47,64,0,11506,1,45,Clear,28.9,0,0
2026-09-11 12:09:46,R024,H05,ORD00218,EV Scooter,On_Delivery,Z01,28.612421,77.066309,144,12.0,16.1,3928.16,6088.88,86,0,17486,1,67,Clear,28.9,0,0
2026-09-11 12:34:36,R008,H04,ORD00406,Bike,On_Delivery,Z04,28.780328,77.054152,152,11.5,14.9,4042.83,5698.85,76,0,20602,2,70,Light Rain,28.3,1.2,0
2026-09-11 12:53:41,R001,H04,ORD00127,EV Scooter,On_Delivery,Z07,28.761305,77.037794,34,12.1,12.0,4284.63,5756.9,55,0,23647,2,80,Light Rain,32.4,0.8,0
2026-09-11 12:59:58,R001,H03,ORD00168,EV Scooter,On_Delivery,Z06,28.528482,77.425091,284,9.5,20.9,3764.82,5671.72,62,0,12525,2,39,Clear,32.1,0,0
2026-09-11 13:13:28,R019,H05,ORD00055,Bike,On_Delivery,Z04,28.62766,77.031813,21,12.9,12.4,4696.85,6194.33,90,0,25973,1,51,Heavy Rain,30.2,3.4,0
2026-09-11 13:19:45,R018,H02,ORD00161,Scooter,On_Delivery,Z02,28.483727,77.05473,256,12.1,21.8,3981.08,5772.86,67,0,15317,2,62,Clear,32.0,0,0
2026-09-11 13:20:06,R018,H05,ORD00253,EV Scooter,On_Delivery,Z05,28.593265,77.081069,97,17.1,21.7,3937.46,6338.01,80,0,11990,1,58,Clear,31.2,0,0
2026-09-11 13:34:54,R010,H02,ORD00063,EV Scooter,On_Delivery,Z05,28.467223,77.065374,9,7.7,21.9,3960.25,6805.65,92,0,12746,1,49,Cloudy,30.3,0,0
2026-09-11 13:47:04,R018,H04,ORD00279,Scooter,On_Delivery,Z06,28.748437,77.077781,125,6.5,22.6,4225.35,6887.82,67,0,14351,1,48,Clear,32.0,0,0
2026-09-11 13:59:37,R005,H04,ORD00024,Bike,On_Delivery,Z04,28.775755,77.047081,314,16.3,11.7,4299.97,5727.7,67,0,28733,1,64,Heavy Rain,26.8,4.8,0
2026-09-11 14:10:49,R017,H03,ORD00268,Scooter,On_Delivery,Z05,28.551654,77.411951,12,8.6,12.0,3346.36,5460.01,76,0,20617,2,66,Light Rain,28.6,1.7,0
2026-09-11 14:16:44,R011,H04,ORD00462,Bike,On_Delivery,Z06,28.748921,77.085103,221,10.1,28.4,4155.96,6068.83,76,0,9930,1,42,Cloudy,32.7,0,0
2026-09-11 14:23:11,R016,H05,ORD00450,Scooter,On_Delivery,Z07,28.599496,77.029492,259,12.3,20.6,4307.1,6010.53,55,0,16801,2,45,Clear,30.8,0,0
2026-09-11 14:23:59,R018,H01,ORD00290,Scooter,On_Delivery,Z02,28.554063,77.2306,94,3.9,24.8,4407.32,5816.76,53,0,12390,1,50,Clear,30.4,0,0
2026-09-11 14:46:01,R019,H01,ORD00155,EV Scooter,On_Delivery,Z04,28.564458,77.200417,67,3.7,17.7,4402.89,5748.09,84,0,17388,2,70,Cloudy,30.8,0,0
2026-09-11 14:46:05,R014,H01,ORD00340,Scooter,On_Delivery,Z04,28.546464,77.203641,169,7.4,17.8,4154.46,5356.47,90,0,15968,1,51,Clear,32.9,0,0
2026-09-11 14:48:42,R022,H01,ORD00046,EV Scooter,On_Delivery,Z06,28.527687,77.238293,124,8.9,13.4,4033.17,6488.15,61,0,20733,1,49,Heavy Rain,30.1,4.7,0
2026-09-11 14:48:44,R003,H01,ORD00008,Scooter,On_Delivery,Z08,28.521591,77.193607,27,4.3,21.6,3900.36,5935.66,51,0,14761,2,43,Cloudy,33.0,0,0
2026-09-11 14:54:18,R013,H05,ORD00408,EV Scooter,On_Delivery,Z07,28.607695,77.020257,152,11.2,18.5,3772.38,5356.11,87,0,13527,2,36,Cloudy,32.3,0,0
2026-09-11 15:16:58,R004,H03,ORD00335,Scooter,On_Delivery,Z07,28.553745,77.358226,6,15.7,17.7,3746.26,5765.72,88,0,17326,2,61,Cloudy,32.9,0,0
2026-09-11 15:32:07,R020,H02,ORD00099,Scooter,On_Delivery,Z03,28.46034,77.002319,231,13.4,20.9,3611.22,6229.09,72,0,11570,1,37,Clear,31.6,0,0
2026-09-11 15:50:33,R003,H04,ORD00256,Bike,On_Delivery,Z03,28.758614,77.029972,120,4.0,16.9,3500.37,5531.37,52,1,15632,2,46,Heavy Rain,28.7,10.3,0
2026-09-11 15:54:43,R019,H04,ORD00037,Scooter,On_Delivery,Z05,28.747716,77.078541,311,14.7,25.8,3641.27,6191.03,55,0,9839,1,35,Clear,31.9,0,0
2026-09-11 16:08:10,R024,H04,ORD00248,Scooter,On_Delivery,Z04,28.775384,77.039768,160,17.0,23.6,4364.94,6268.38,67,0,14985,2,55,Clear,31.7,0,0
2026-09-11 16:12:18,R020,H01,ORD00215,Bike,On_Delivery,Z05,28.5324,77.240617,97,15.8,26.1,3583.54,5949.77,63,0,10131,1,41,Cloudy,32.1,0,0
2026-09-11 16:16:21,R005,H01,ORD00475,EV Scooter,On_Delivery,Z06,28.521894,77.229178,51,10.3,14.8,3624.97,6168.75,91,0,17094,2,64,Clear,30.8,0,0
2026-09-11 16:36:53,R015,H03,ORD00192,EV Scooter,On_Delivery,Z05,28.54184,77.416951,214,14.2,14.9,3647.17,5634.31,49,0,18071,2,58,Cloudy,32.5,0,0
2026-09-11 16:43:52,R004,H03,ORD00432,Bike,On_Delivery,Z06,28.526524,77.420177,264,6.8,17.0,4105.19,6324.48,73,0,19602,1,57,Light Rain,27.5,0.6,0
2026-09-11 16:47:06,R014,H05,ORD00313,EV Scooter,On_Delivery,Z06,28.592143,77.06662,236,16.4,15.5,3953.88,5410.08,67,0,19626,2,58,Cloudy,30.3,0,0
2026-09-11 17:03:21,R010,H04,ORD00437,Bike,On_Delivery,Z01,28.756709,77.060069,349,14.0,19.8,4626.65,6219.23,66,0,15742,2,76,Cloudy,29.1,0,0
2026-09-11 17:08:15,R015,H04,ORD00226,Bike,On_Delivery,Z05,28.75183,77.079954,25,6.0,17.7,4825.58,6296.03,59,0,22792,2,85,Cloudy,28.7,0,0
2026-09-11 17:11:17,R003,H03,ORD00345,Scooter,On_Delivery,Z05,28.547863,77.430445,194,12.1,12.9,3913.53,6037.02,63,0,24319,2,92,Clear,33.8,0,0
2026-09-11 17:12:12,R012,H05,ORD00464,Bike,On_Delivery,Z06,28.59062,77.066093,276,12.2,15.4,3341.23,5478.02,55,0,15654,2,86,Clear,31.2,0,0
2026-09-11 17:27:05,R019,H05,ORD00316,EV Scooter,On_Delivery,Z03,28.604505,77.017258,187,3.6,15.4,3473.84,6126.81,61,4,15841,1,82,Clear,33.0,0,0
2026-09-11 17:37:57,R023,H01,ORD00435,Bike,On_Delivery,Z07,28.539075,77.188587,69,12.7,7,3970.77,6359.89,86,0,42227,1,92,Heavy Rain,29.0,11.7,0
2026-09-11 17:48:41,R006,H03,ORD00104,Bike,On_Delivery,Z02,28.560145,77.410478,118,16.1,15.9,3960.7,5368.94,80,0,18404,1,83,Clear,33.3,0,0
2026-09-11 17:49:06,R022,H01,ORD00201,EV Scooter,On_Delivery,Z07,28.534371,77.185067,233,3.9,17.1,4142.21,5313.29,91,0,16594,2,75,Cloudy,32.6,0,0
2026-09-11 18:02:34,R020,H03,ORD00089,Bike,On_Delivery,Z08,28.51462,77.377403,244,17.5,15.3,3658.27,6007.52,68,0,16646,2,83,Clear,29.0,0,0
2026-09-11 18:06:01,R004,H05,ORD00440,Bike,On_Delivery,Z07,28.598961,77.017029,230,9.3,18.4,3760.83,5486.07,54,0,15581,2,73,Clear,28.5,0,0
2026-09-11 18:06:15,R011,H05,ORD00242,Bike,On_Delivery,Z05,28.591591,77.075012,206,11.9,14.7,3521.41,5434.7,79,0,19708,1,91,Clear,29.9,0,0
2026-09-11 18:20:52,R011,H03,ORD00065,EV Scooter,On_Delivery,Z04,28.562966,77.375575,70,10.5,12.7,3974.66,5152.45,83,2,26007,2,91,Clear,30.3,0,0
2026-09-11 18:34:52,R020,H02,ORD00382,Scooter,On_Delivery,Z01,28.472009,77.038339,60,16.3,11.6,3965.18,6848.95,51,0,25049,2,83,Clear,29.6,0,0
2026-09-11 18:42:43,R006,H01,ORD00449,EV Scooter,On_Delivery,Z02,28.544381,77.225608,293,7.7,13.6,3915.5,6723.32,60,0,19726,1,73,Cloudy,29.4,0,0
2026-09-11 18:52:49,R004,H04,ORD00495,Bike,On_Delivery,Z07,28.766646,77.032247,178,4.2,16.9,3562.4,5795.9,90,4,16723,1,78,Clear,33.1,0,0
2026-09-11 19:13:31,R018,H01,ORD00011,EV Scooter,Near_Destination,Z08,28.517673,77.197444,26,12.0,14.1,1872.99,7268.46,82,0,9008,2,67,Clear,28.1,0,0
2026-09-11 19:39:49,R014,H02,ORD00441,EV Scooter,On_Delivery,Z07,28.472771,77.011902,119,7.8,7,4201.01,6097.37,69,0,44524,2,90,Heavy Rain,31.1,9.4,0
2026-09-11 19:44:38,R012,H03,ORD00110,EV Scooter,On_Delivery,Z05,28.532216,77.425414,353,17.9,14.4,4526.95,6113.98,73,0,24804,1,81,Clear,30.5,0,0
2026-09-11 19:47:39,R024,H04,ORD00212,Bike,On_Delivery,Z01,28.766703,77.073031,8,4.9,15.4,4456.22,6311.16,53,0,19482,2,76,Clear,32.9,0,0
2026-09-11 19:52:21,R010,H02,ORD00233,Bike,On_Delivery,Z06,28.455189,77.05895,182,6.7,12.0,4207.49,5902.68,70,0,27746,2,84,Light Rain,30.8,2.7,0
2026-09-11 20:07:21,R015,H04,ORD00044,Bike,On_Delivery,Z03,28.760776,77.030943,144,16.3,14.9,4263.95,6380.6,62,0,22716,1,79,Light Rain,28.7,2.2,0
2026-09-11 20:13:02,R013,H04,ORD00006,Bike,On_Delivery,Z02,28.773183,77.070854,269,5.6,13.4,3342.01,5353.54,66,0,20497,2,82,Light Rain,32.4,1.3,0
2026-09-11 20:17:14,R018,H04,ORD00320,EV Scooter,On_Delivery,Z05,28.752626,77.091353,355,16.7,8.3,3941.56,6364.45,82,0,38771,2,92,Light Rain,29.8,0.5,0
2026-09-11 20:22:24,R021,H05,ORD00429,Bike,On_Delivery,Z07,28.612881,77.019059,349,6.7,17.5,3918.8,6840.07,59,0,16417,1,74,Clear,32.8,0,0
2026-09-11 20:24:41,R013,H05,ORD00154,Bike,On_Delivery,Z06,28.590839,77.083941,274,14.9,10.1,4326.52,6853.5,53,0,30728,2,88,Light Rain,33.0,2.5,0
2026-09-11 20:44:42,R022,H02,ORD00252,EV Scooter,On_Delivery,Z04,28.488786,77.023838,170,17.5,9.8,3879.78,5602.31,55,0,31256,1,79,Light Rain,29.5,2.0,0
2026-09-11 21:01:30,R009,H04,ORD00487,EV Scooter,On_Delivery,Z08,28.738071,77.049334,250,6.1,25.8,3812.59,5438.16,74,0,11689,1,31,Clear,30.8,0,0
2026-09-11 21:42:20,R021,H03,ORD00308,Bike,On_Delivery,Z04,28.575079,77.379203,113,9.2,15.4,4314.81,6435.5,61,0,21487,1,48,Heavy Rain,25.8,9.5,0
2026-09-11 21:51:59,R002,H01,ORD00086,EV Scooter,On_Delivery,Z02,28.549816,77.232456,16,14.8,24.9,4526.33,5943.48,84,0,13112,2,24,Cloudy,29.5,0,0
2026-09-11 21:57:58,R008,H02,ORD00238,Bike,On_Delivery,Z02,28.490288,77.051132,69,7.6,26.5,3863.54,6598.27,86,0,11847,2,45,Clear,32.0,0,1
2026-09-11 22:08:33,R015,H02,ORD00477,EV Scooter,On_Delivery,Z05,28.469491,77.054063,126,7.7,23.4,3622.43,5159.08,62,0,11880,1,37,Clear,28.2,0,0
2026-09-11 22:09:48,R024,H01,ORD00468,EV Scooter,On_Delivery,Z02,28.550727,77.230202,307,7.4,29.4,4643.97,5998.52,59,0,12132,1,27,Clear,29.5,0,0
2026-09-11 22:31:27,R023,H01,ORD00142,Bike,On_Delivery,Z05,28.525947,77.238158,175,17.1,27.4,4560.87,6054.65,60,0,12217,2,22,Cloudy,29.6,0,0
2026-09-11 22:33:36,R002,H01,ORD00416,Scooter,On_Delivery,Z01,28.535598,77.213693,314,15.8,19.7,4456.34,5969.62,80,4,15176,1,43,Clear,28.8,0,0
2026-09-11 22:56:48,R010,H03,ORD00247,Bike,On_Delivery,Z01,28.546845,77.396388,125,9.8,32.1,3973.9,5704.64,89,0,8260,2,29,Clear,32.6,0,0
2026-09-11 23:07:48,R023,H03,ORD00446,Bike,On_Delivery,Z04,28.567879,77.379866,335,7.3,13.8,4647.51,5947.94,71,0,26248,1,32,Heavy Rain,28.4,4.2,0
2026-09-11 23:12:34,R009,H02,ORD00341,Bike,On_Delivery,Z03,28.46631,77.002697,109,9.2,17.1,3537.64,5329.03,92,0,15819,1,36,Light Rain,30.7,1.4,0
2026-09-11 23:22:18,R022,H01,ORD00013,Bike,On_Delivery,Z02,28.551511,77.224088,149,4.9,25.6,4119.63,5268.59,62,3,12366,2,21,Clear,30.9,0,0
2026-09-11 23:24:32,R009,H02,ORD00120,Scooter,On_Delivery,Z03,28.461592,77.002213,5,11.1,24.1,4002.67,5328.86,63,0,13869,1,36,Clear,32.9,0,0
2026-09-11 23:45:22,R020,H02,ORD00398,Scooter,Near_Destination,Z08,28.453961,77.001353,108,12.4,21.7,1558.42,7336.06,64,0,5218,1,50,Clear,32.6,0,0
2026-09-11 23:55:33,R004,H05,ORD00488,Bike,On_Delivery,Z08,28.589689,77.030839,261,9.9,29.5,4596.9,5882.06,54,0,11375,1,42,Clear,33.2,0,0
2026-09-12 00:34:59,R024,H01,ORD00188,Bike,On_Delivery,Z08,28.514623,77.19161,117,10.2,14.6,4169.33,5419.14,75,0,21318,1,58,Light Rain,28.3,1.0,0
2026-09-12 00:42:05,R019,H04,ORD00476,Scooter,On_Delivery,Z02,28.778521,77.086778,333,4.7,14.2,4132.57,6891.01,73,0,20144,2,44,Heavy Rain,32.3,6.0,0
2026-09-12 00:53:17,R007,H05,ORD00390,Bike,On_Delivery,Z05,28.599783,77.083871,345,13.7,23.9,3764.59,5761.54,80,0,11161,1,34,Cloudy,31.1,0,0
2026-09-12 01:09:37,R016,H04,ORD00364,Scooter,On_Delivery,Z07,28.763669,77.033044,135,8.3,20.2,3786.8,5572.58,82,0,15668,2,34,Cloudy,31.0,0,0
2026-09-12 01:15:42,R020,H04,ORD00448,EV Scooter,On_Delivery,Z01,28.772104,77.073552,24,17.9,23.6,3338.56,5720.03,92,0,11385,1,21,Cloudy,33.9,0,0
2026-09-12 01:18:01,R025,H05,ORD00239,Scooter,On_Delivery,Z06,28.590846,77.075354,165,5.6,24.9,4659.66,6091.56,62,3,15093,2,39,Clear,32.4,0,0
2026-09-12 01:21:44,R023,H05,ORD00222,Scooter,On_Delivery,Z01,28.601864,77.058662,336,7.6,22.0,3866.13,5299.42,78,0,12754,2,35,Clear,32.4,0,0
2026-09-12 01:27:02,R005,H05,ORD00368,Bike,On_Delivery,Z05,28.600257,77.083536,147,8.4,15.0,3472.49,5492.21,73,4,18863,2,57,Heavy Rain,27.8,9.8,1
2026-09-12 01:27:43,R004,H05,ORD00165,Scooter,On_Delivery,Z03,28.594823,77.031818,9,12.8,25.3,3921.22,5150.8,69,0,10374,2,37,Clear,29.0,0,0
2026-09-12 01:35:31,R016,H05,ORD00227,Bike,On_Delivery,Z06,28.585328,77.071825,338,7.6,25.7,3532.96,6088.41,62,1,9893,1,34,Light Rain,33.2,0.6,0
2026-09-12 01:35:36,R011,H03,ORD00014,Scooter,On_Delivery,Z08,28.529717,77.383414,337,9.5,19.4,3984.57,6998.48,75,0,14386,1,35,Cloudy,32.0,0,0
2026-09-12 01:37:19,R001,H03,ORD00344,EV Scooter,On_Delivery,Z05,28.544507,77.428246,88,5.9,20.7,4059.56,6437.51,89,0,13800,1,40,Clear,33.2,0,0
2026-09-12 01:37:21,R004,H02,ORD00054,Scooter,On_Delivery,Z06,28.4555,77.054391,306,6.7,31.5,3855.48,4914.54,65,0,8964,2,25,Clear,33.3,0,0
2026-09-12 01:57:21,R015,H01,ORD00388,Bike,On_Delivery,Z02,28.551029,77.223087,292,9.5,31.4,4469.78,6081.34,61,0,10003,2,21,Clear,31.5,0,0
2026-09-12 01:59:11,R014,H03,ORD00490,Bike,On_Delivery,Z08,28.517575,77.383815,232,13.3,14.8,3909.59,6061.05,82,0,20648,1,51,Heavy Rain,27.6,11.7,0
2026-09-12 02:01:05,R022,H05,ORD00245,Bike,On_Delivery,Z06,28.580266,77.080813,43,12.1,30.5,4207.39,5625.22,68,0,9665,1,23,Cloudy,28.3,0,0
2026-09-12 02:03:26,R017,H02,ORD00434,Scooter,On_Delivery,Z03,28.476406,77.005887,138,10.0,21.6,3924.65,6153.03,87,0,15135,1,49,Clear,32.7,0,0
2026-09-12 02:11:36,R016,H05,ORD00199,Bike,On_Delivery,Z08,28.582217,77.036914,244,11.0,31.1,4559.59,6333.75,91,0,9762,2,30,Cloudy,32.0,0,0
2026-09-12 02:27:36,R017,H01,ORD00134,Scooter,On_Delivery,Z07,28.541002,77.180877,30,9.1,18.7,4243.13,6163.4,86,0,18727,2,36,Light Rain,32.9,2.3,0
2026-09-12 03:10:09,R024,H05,ORD00092,Bike,On_Delivery,Z05,28.600446,77.078517,299,17.8,30.9,4136.27,5534.68,84,0,11005,2,28,Clear,28.9,0,0
2026-09-12 03:12:39,R017,H03,ORD00402,Scooter,On_Delivery,Z08,28.524535,77.381713,6,5.1,21.6,4022.39,6375.6,62,0,13605,2,28,Clear,33.9,0,0
2026-09-12 03:13:19,R004,H03,ORD00095,Bike,On_Delivery,Z05,28.53713,77.426405,87,10.8,13.1,3868.42,5572.43,57,0,22780,2,46,Heavy Rain,29.1,5.2,0
2026-09-12 03:16:49,R001,H02,ORD00018,Scooter,On_Delivery,Z07,28.477781,77.009684,301,16.7,15.9,4045.39,5224.92,78,0,19998,1,60,Light Rain,28.4,1.8,0
2026-09-12 03:21:42,R001,H02,ORD00035,Scooter,Near_Destination,Z05,28.465599,77.065484,208,16.0,14.4,1836.58,7347.13,56,0,10136,2,54,Light Rain,32.6,1.3,0
2026-09-12 03:22:26,R014,H03,ORD00167,EV Scooter,On_Delivery,Z06,28.530067,77.421793,270,15.8,23.9,3284.68,5562.65,92,0,9206,1,30,Clear,30.2,0,0
2026-09-12 03:37:21,R023,H01,ORD00294,Scooter,On_Delivery,Z08,28.520374,77.195245,85,6.6,22.9,3863.47,5536.02,84,0,11492,2,28,Light Rain,29.9,1.4,0
2026-09-12 03:50:00,R004,H04,ORD00060,Bike,On_Delivery,Z04,28.785043,77.045348,40,8.8,24.4,3979.57,5158.23,58,0,12777,1,25,Cloudy,30.9,0,0
2026-09-12 03:59:56,R010,H01,ORD00030,Scooter,On_Delivery,Z01,28.536932,77.215681,300,3.4,17.7,4154.35,5513.24,76,0,15794,1,57,Light Rain,31.7,1.1,0
2026-09-12 04:02:03,R015,H05,ORD00262,Scooter,On_Delivery,Z03,28.594403,77.025524,169,5.8,23.9,3878.2,6625.5,67,0,12522,1,44,Clear,28.7,0,0
2026-09-12 04:09:13,R004,H03,ORD00124,Scooter,On_Delivery,Z02,28.555344,77.404783,248,3.1,9.4,3494.82,5814.77,81,0,27030,1,62,Heavy Rain,29.3,5.7,0
2026-09-12 04:25:09,R009,H03,ORD00170,EV Scooter,On_Delivery,Z04,28.563838,77.389432,105,9.4,28.2,4125.41,6110.57,67,0,11735,1,29,Clear,31.1,0,0
2026-09-12 04:25:17,R002,H04,ORD00457,EV Scooter,On_Delivery,Z06,28.747478,77.087571,224,5.0,19.7,3701.93,5813.84,65,4,14212,1,44,Clear,28.2,0,0
2026-09-12 04:27:21,R007,H03,ORD00361,EV Scooter,On_Delivery,Z03,28.548109,77.368115,346,13.1,21.6,3547.23,6222.71,63,0,13529,1,45,Clear,32.1,0,0
2026-09-12 04:30:34,R010,H02,ORD00363,EV Scooter,On_Delivery,Z02,28.492986,77.049941,285,16.3,12.0,3653.38,5569.94,60,0,25157,1,37,Heavy Rain,30.0,8.5,0
2026-09-12 04:39:32,R018,H01,ORD00004,Scooter,On_Delivery,Z03,28.53926,77.183075,52,5.2,21.4,3588.46,5298.15,80,0,13939,1,26,Clear,32.5,0,0
2026-09-12 04:49:42,R016,H03,ORD00288,EV Scooter,On_Delivery,Z04,28.574366,77.37804,132,9.9,21.9,3926.89,5931.85,87,0,13736,1,34,Light Rain,33.0,1.4,0
2026-09-12 05:00:12,R019,H03,ORD00064,Scooter,On_Delivery,Z07,28.538985,77.373313,165,17.3,19.5,3831.95,5527.08,61,0,13977,1,32,Light Rain,27.5,1.5,0
2026-09-12 05:02:30,R024,H05,ORD00391,Scooter,On_Delivery,Z01,28.612829,77.062639,51,16.0,21.3,4544.75,6669.97,71,4,15784,1,25,Clear,28.3,0,0
2026-09-12 05:03:10,R013,H05,ORD00381,EV Scooter,Near_Destination,Z06,28.573851,77.07397,206,15.9,19.0,1600.89,7530.63,54,0,6714,2,41,Clear,30.0,0,1
2026-09-12 05:08:50,R012,H01,ORD00047,Scooter,On_Delivery,Z05,28.533019,77.233722,327,10.6,20.1,4111.1,6940.16,57,0,16196,2,33,Clear,32.0,0,0
2026-09-12 05:11:14,R022,H04,ORD00251,EV Scooter,On_Delivery,Z06,28.749778,77.076982,139,6.6,24.3,4176.41,5400.38,53,0,11554,2,40,Cloudy,30.4,0,0
2026-09-12 05:18:28,R013,H04,ORD00178,EV Scooter,On_Delivery,Z07,28.752269,77.022739,149,12.3,15.4,4193.46,6343.97,88,0,18509,1,51,Light Rain,27.7,0.2,1
2026-09-12 05:24:59,R010,H05,ORD00466,EV Scooter,On_Delivery,Z05,28.593224,77.083981,315,16.7,23.1,4485.18,6576.29,71,1,14679,2,28,Clear,28.9,0,0
2026-09-12 05:30:47,R015,H03,ORD00039,Scooter,Near_Destination,Z08,28.532881,77.375416,230,7.6,21.3,2059.45,7368.15,67,0,6997,2,31,Clear,32.6,0,0
2026-09-12 05:33:22,R025,H02,ORD00144,Bike,On_Delivery,Z05,28.461865,77.065165,60,7.0,31.1,3707.84,5463.95,70,0,9536,2,34,Clear,28.7,0,0
2026-09-12 05:59:54,R010,H01,ORD00394,EV Scooter,On_Delivery,Z01,28.543018,77.223783,293,3.4,23.5,4345.36,5956.01,84,0,14481,1,28,Clear,29.8,0,0
2026-09-12 06:21:43,R016,H03,ORD00210,EV Scooter,On_Delivery,Z06,28.525118,77.41093,142,12.4,17.5,3594.58,5553.91,83,0,15568,1,43,Clear,32.0,0,0
2026-09-12 06:26:38,R002,H05,ORD00399,EV Scooter,Near_Destination,Z06,28.575979,77.075353,356,4.1,16.6,1904.85,7464.54,72,0,8296,2,37,Light Rain,30.4,1.8,0
2026-09-12 06:30:32,R002,H03,ORD00289,Scooter,On_Delivery,Z02,28.563632,77.410059,112,10.2,23.1,3945.37,5535.1,50,0,12129,2,40,Clear,32.4,0,0
2026-09-12 07:22:43,R010,H03,ORD00173,EV Scooter,Near_Destination,Z05,28.537316,77.43283,337,15.9,17.2,1651.87,7709.25,80,0,6788,1,45,Cloudy,31.4,0,0
2026-09-12 07:23:05,R003,H01,ORD00499,Bike,Near_Destination,Z05,28.522898,77.243552,53,8.5,14.8,1548.17,7640.01,75,0,6973,2,42,Heavy Rain,26.6,9.1,0
2026-09-12 07:26:58,R004,H04,ORD00053,EV Scooter,On_Delivery,Z02,28.782933,77.079496,206,9.5,14.9,4360.58,6707.07,59,0,20859,1,48,Light Rain,30.0,1.0,0
2026-09-12 07:29:49,R023,H05,ORD00493,Scooter,On_Delivery,Z02,28.61435,77.074346,208,8.0,32.0,4112.66,5755.41,61,0,10652,1,23,Cloudy,30.2,0,0
2026-09-12 07:36:59,R019,H02,ORD00384,Scooter,On_Delivery,Z05,28.471735,77.057596,290,6.6,17.8,3782.42,5038.58,54,0,14501,1,56,Light Rain,32.6,1.6,0
2026-09-12 07:37:19,R025,H03,ORD00258,EV Scooter,On_Delivery,Z03,28.548378,77.367837,289,11.0,26.8,4154.12,6336.71,51,0,11859,1,37,Cloudy,29.9,0,0
2026-09-12 07:48:45,R002,H04,ORD00209,Scooter,On_Delivery,Z08,28.734721,77.044541,137,8.3,26.7,3908.11,6893.64,64,0,11079,1,22,Clear,33.8,0,0
2026-09-12 07:53:34,R012,H05,ORD00360,Bike,On_Delivery,Z05,28.595939,77.081563,323,12.4,14.3,3683.36,5819.6,65,0,20532,1,55,Light Rain,30.3,1.9,0
2026-09-12 07:54:26,R014,H05,ORD00017,Scooter,On_Delivery,Z03,28.595322,77.031015,309,6.5,26.7,4537.91,6401.7,77,1,14015,2,43,Cloudy,29.4,0,0
2026-09-12 08:01:49,R002,H02,ORD00385,Scooter,On_Delivery,Z01,28.476209,77.032094,150,10.7,14.1,3323.1,5614.57,77,0,16991,2,83,Clear,31.5,0,0
2026-09-12 08:08:27,R001,H02,ORD00019,Bike,On_Delivery,Z04,28.492258,77.025687,227,10.8,20.9,3931.52,5068.8,52,0,15604,2,60,Cloudy,29.8,0,0
2026-09-12 08:39:18,R006,H03,ORD00175,Bike,On_Delivery,Z05,28.544083,77.417813,238,3.4,9.7,3355.41,5960.67,90,2,23728,2,80,Heavy Rain,27.1,5.3,0
2026-09-12 08:49:33,R021,H03,ORD00479,EV Scooter,On_Delivery,Z08,28.520426,77.37521,302,3.6,15.5,4112.21,7045.73,82,0,19574,1,67,Cloudy,33.8,0,0
2026-09-12 08:57:43,R001,H03,ORD00452,Bike,On_Delivery,Z08,28.528552,77.380444,215,17.0,14.2,4409.96,6242.33,84,0,25977,1,87,Cloudy,30.3,0,0
2026-09-12 09:02:58,R003,H04,ORD00126,Bike,On_Delivery,Z06,28.73631,77.085717,270,6.8,18.4,4009.25,7113.26,57,0,17987,2,80,Cloudy,30.1,0,0
2026-09-12 09:06:44,R006,H03,ORD00310,EV Scooter,On_Delivery,Z06,28.533171,77.424053,91,5.3,14.1,3494.11,6071.98,66,0,17381,2,88,Cloudy,33.6,0,0
2026-09-12 09:41:55,R006,H04,ORD00187,Scooter,On_Delivery,Z08,28.735392,77.039159,118,13.0,17.2,4295.64,5551.05,86,0,18301,2,75,Cloudy,29.4,0,0
2026-09-12 09:45:16,R001,H01,ORD00137,Bike,On_Delivery,Z02,28.543243,77.23459,147,7.6,17.5,4216.35,6277.3,57,0,16846,2,75,Cloudy,33.2,0,0
2026-09-12 10:01:27,R004,H04,ORD00349,Bike,On_Delivery,Z08,28.745148,77.043852,296,8.7,16.7,4670.36,6534.92,91,0,21703,2,79,Clear,29.8,0,0
2026-09-12 10:24:20,R001,H05,ORD00002,Scooter,Near_Destination,Z05,28.596851,77.084824,295,3.3,15.4,1648.18,7728.09,56,0,7693,1,63,Clear,31.9,0,0
2026-09-12 10:24:45,R016,H05,ORD00297,EV Scooter,On_Delivery,Z04,28.631452,77.027468,143,7.3,15.6,3411.23,5582.32,72,0,15907,1,68,Clear,28.7,0,0
2026-09-12 10:26:00,R016,H02,ORD00159,EV Scooter,Near_Destination,Z02,28.496667,77.05107,254,9.6,15.2,1503.6,7841.68,57,0,8181,2,65,Light Rain,28.7,1.0,0
2026-09-12 10:33:39,R004,H03,ORD00083,Scooter,On_Delivery,Z04,28.562997,77.379505,142,16.6,15.6,3986.94,6578.87,62,0,17972,1,88,Cloudy,30.5,0,0
2026-09-12 10:33:44,R003,H02,ORD00263,Scooter,On_Delivery,Z02,28.480059,77.041829,48,18.0,18.2,3673.38,5889.8,57,0,14220,1,65,Clear,33.1,0,0
2026-09-12 10:50:02,R014,H01,ORD00272,Scooter,On_Delivery,Z05,28.537348,77.244196,207,15.2,12.8,4118.44,6936.1,64,0,26978,1,87,Clear,32.2,0,0
2026-09-12 11:15:06,R021,H02,ORD00084,Bike,On_Delivery,Z06,28.454737,77.058197,256,16.0,18.3,4573.26,6257.29,66,0,18952,2,67,Light Rain,31.5,1.5,0
2026-09-12 11:26:51,R007,H01,ORD00410,Scooter,On_Delivery,Z07,28.539809,77.181553,296,12.9,19.3,3464.48,5766.23,83,0,11946,2,49,Cloudy,32.4,0,0
2026-09-12 11:37:01,R011,H04,ORD00122,EV Scooter,On_Delivery,Z04,28.776344,77.051104,300,16.4,21.5,3994.22,7077.7,92,1,12978,1,39,Cloudy,30.1,0,0
2026-09-12 11:41:43,R012,H02,ORD00077,Bike,On_Delivery,Z01,28.482717,77.029333,201,5.0,25.3,3944.65,5276.51,66,0,11696,1,55,Clear,30.8,0,0
2026-09-12 11:52:11,R003,H04,ORD00229,EV Scooter,On_Delivery,Z02,28.780464,77.087034,8,4.4,20.7,4196.41,6388.23,88,0,15161,2,63,Clear,31.7,0,0
2026-09-12 11:57:20,R024,H04,ORD00470,EV Scooter,On_Delivery,Z02,28.768982,77.082428,202,12.1,13.6,4022.4,5345.53,90,0,20143,2,58,Light Rain,30.0,0.5,1
2026-09-12 12:13:23,R002,H01,ORD00117,Bike,On_Delivery,Z06,28.518425,77.229367,102,15.0,29.4,4675.41,6449.12,69,0,13226,1,38,Cloudy,28.7,0,0
2026-09-12 12:18:29,R007,H01,ORD00029,Scooter,On_Delivery,Z04,28.562313,77.191512,153,3.6,20.3,4140.55,6121.44,65,0,14702,1,65,Clear,32.6,0,0
2026-09-12 12:39:10,R004,H04,ORD00383,EV Scooter,On_Delivery,Z07,28.771394,77.021837,320,16.3,22.8,3634.31,6447.21,90,2,13308,2,55,Clear,28.0,0,1
2026-09-12 13:05:16,R015,H01,ORD00217,Bike,On_Delivery,Z04,28.557975,77.203479,242,14.9,21.7,4430.78,6383.28,57,0,16151,2,67,Clear,32.4,0,1
2026-09-12 13:13:17,R017,H01,ORD00148,EV Scooter,On_Delivery,Z02,28.558567,77.235148,156,14.6,15.3,3775.59,5950.8,68,0,17687,2,66,Clear,28.9,0,0
2026-09-12 13:18:58,R001,H04,ORD00070,EV Scooter,On_Delivery,Z06,28.740854,77.090408,323,16.8,8.5,3922.56,6057.74,84,0,34974,2,76,Heavy Rain,28.6,8.4,0
2026-09-12 13:28:12,R008,H02,ORD00172,Scooter,On_Delivery,Z01,28.471487,77.036598,197,15.3,17.7,3631.88,6401.88,69,0,13860,1,50,Light Rain,30.4,1.1,0
2026-09-12 13:31:41,R009,H01,ORD00056,Scooter,On_Delivery,Z03,28.532372,77.180896,78,9.8,14.3,4054.11,6228.19,90,0,23753,2,71,Light Rain,28.6,2.2,0
2026-09-12 13:32:01,R017,H03,ORD00421,Scooter,On_Delivery,Z01,28.559172,77.407888,44,3.8,19.1,3454.85,5921.93,72,0,12820,2,67,Clear,30.7,0,0
2026-09-12 13:38:52,R001,H02,ORD00424,EV Scooter,On_Delivery,Z08,28.44382,77.007709,357,15.3,19.0,4329.11,5806.54,63,0,18259,1,68,Clear,33.2,0,1
2026-09-12 14:00:10,R023,H01,ORD00115,Scooter,On_Delivery,Z01,28.535262,77.226521,355,11.8,16.1,4452.38,6035.95,53,0,21084,1,65,Light Rain,31.9,1.4,0
2026-09-12 14:00:12,R022,H01,ORD00105,Bike,On_Delivery,Z01,28.534879,77.209442,233,14.3,20.3,3789.13,6051.23,64,0,12785,1,68,Clear,31.3,0,0
2026-09-12 14:05:09,R017,H04,ORD00286,EV Scooter,On_Delivery,Z08,28.738989,77.038949,324,16.8,24.2,4530.49,6141.65,51,0,12825,2,40,Clear,31.0,0,0
2026-09-12 14:13:17,R004,H02,ORD00321,Bike,On_Delivery,Z01,28.482923,77.04459,202,9.0,18.1,3764.74,5895.15,79,0,14099,1,59,Light Rain,29.5,2.5,0
2026-09-12 14:23:13,R007,H01,ORD00132,Scooter,On_Delivery,Z04,28.552741,77.19932,175,9.2,26.2,3757.66,5785.31,50,4,10033,1,35,Cloudy,30.8,0,0
2026-09-12 14:50:50,R023,H05,ORD00260,EV Scooter,On_Delivery,Z08,28.58083,77.035446,169,13.9,18.7,3748.79,6456.59,72,0,16622,2,66,Cloudy,30.3,0,0
2026-09-12 15:47:05,R018,H03,ORD00103,Bike,Near_Destination,Z02,28.57047,77.428529,303,3.7,21.3,1945.02,7763.57,50,0,6923,1,47,Clear,33.2,0,0
2026-09-12 16:06:23,R009,H02,ORD00028,Scooter,On_Delivery,Z01,28.472626,77.042515,299,8.8,21.7,3580.52,5263.93,84,0,12931,1,57,Clear,34.0,0,0
2026-09-12 16:18:02,R003,H05,ORD00061,Scooter,On_Delivery,Z07,28.600961,77.025681,185,13.5,24.8,3922.71,6743.07,81,0,12360,1,40,Clear,31.4,0,0
2026-09-12 16:25:27,R003,H05,ORD00076,Scooter,On_Delivery,Z06,28.583885,77.063824,80,5.5,22.5,4083.9,5232.41,75,0,14958,1,40,Clear,33.1,0,0
2026-09-12 16:30:52,R009,H02,ORD00426,Bike,On_Delivery,Z07,28.470812,77.010447,272,7.9,29.7,3602.65,6021.39,83,0,8880,2,41,Cloudy,29.9,0,0
2026-09-12 17:09:17,R016,H04,ORD00331,Scooter,Near_Destination,Z06,28.746056,77.082956,50,15.1,10.9,1769.81,7173.11,65,0,13627,2,86,Clear,30.8,0,0
2026-09-12 17:17:29,R024,H01,ORD00001,EV Scooter,Near_Destination,Z01,28.539022,77.223496,32,9.7,14.2,1584.72,7207.85,85,0,8117,1,77,Clear,33.7,0,0
2026-09-12 17:32:14,R002,H04,ORD00261,EV Scooter,On_Delivery,Z08,28.734792,77.038729,163,15.0,17.3,4183.8,6596.58,70,1,19283,2,78,Clear,34.0,0,0
2026-09-12 17:49:44,R009,H04,ORD00078,Scooter,On_Delivery,Z08,28.738251,77.040209,75,9.7,12.5,4220.65,5577.57,84,0,23595,1,76,Clear,31.9,0,0
2026-09-12 18:14:20,R011,H05,ORD00091,EV Scooter,On_Delivery,Z03,28.602047,77.028795,257,11.7,10.0,3639.6,5816.85,84,0,29835,2,88,Cloudy,28.0,0,0
2026-09-12 18:27:17,R005,H04,ORD00483,Bike,On_Delivery,Z06,28.740428,77.075372,185,9.7,19.9,4162.21,5702.68,82,0,14487,2,76,Clear,28.3,0,0
2026-09-12 18:49:15,R014,H02,ORD00403,EV Scooter,On_Delivery,Z05,28.463892,77.057644,154,13.5,14.3,4233.49,5664.93,72,0,22839,2,65,Clear,31.7,0,0
2026-09-12 18:53:07,R014,H02,ORD00307,Scooter,Near_Destination,Z01,28.47821,77.037415,132,7.5,12.7,2286.94,7842.36,73,0,14444,2,88,Clear,29.2,0,0
2026-09-12 18:54:45,R001,H05,ORD00348,Scooter,Near_Destination,Z04,28.636131,77.028923,58,6.1,15.3,1569.74,7351.2,51,0,8434,2,74,Clear,32.4,0,0
2026-09-12 19:09:26,R013,H01,ORD00141,Bike,On_Delivery,Z01,28.532126,77.22694,277,15.3,17.2,4591.86,6614.63,86,1,18887,1,83,Clear,31.7,0,0
2026-09-12 19:15:52,R019,H01,ORD00098,EV Scooter,On_Delivery,Z05,28.52741,77.244143,21,17.2,16.9,3790.38,6589.87,59,0,16525,1,66,Clear,31.1,0,0
2026-09-12 19:27:01,R025,H01,ORD00133,EV Scooter,On_Delivery,Z03,28.537938,77.188181,291,5.0,9.3,3860.51,6103.51,76,0,33839,1,93,Cloudy,28.2,0,0
2026-09-12 19:27:19,R006,H03,ORD00143,Bike,On_Delivery,Z05,28.537707,77.42886,353,11.5,20.6,4251.41,6099.39,68,0,16512,2,76,Clear,31.0,0,0
2026-09-12 19:42:42,R019,H05,ORD00009,EV Scooter,On_Delivery,Z04,28.620694,77.037525,301,10.4,11.4,3915.83,6147.88,87,0,24464,2,79,Light Rain,29.1,0.4,0
2026-09-12 19:44:56,R018,H04,ORD00094,Bike,On_Delivery,Z06,28.748407,77.086963,264,7.1,12.6,4202.81,6239.21,69,0,25837,1,84,Clear,30.4,0,0
2026-09-12 19:53:02,R007,H03,ORD00111,Bike,On_Delivery,Z03,28.545033,77.372588,136,10.3,12.5,4074.28,6549.47,80,0,27222,2,93,Clear,28.9,0,0
2026-09-12 20:08:41,R010,H03,ORD00051,EV Scooter,On_Delivery,Z08,28.513683,77.376828,82,14.0,18.2,3580.05,6320.93,71,1,15156,1,66,Clear,33.9,0,0
2026-09-12 20:12:02,R022,H05,ORD00427,Scooter,On_Delivery,Z08,28.578173,77.032915,303,5.9,13.9,3960.4,7024.09,89,0,20963,2,78,Light Rain,27.8,1.1,0
2026-09-12 20:30:27,R014,H04,ORD00295,EV Scooter,On_Delivery,Z08,28.735416,77.038108,299,9.4,13.7,3661.89,5162.12,72,0,18778,2,69,Cloudy,32.1,0,0
2026-09-12 20:37:04,R015,H01,ORD00333,Bike,On_Delivery,Z07,28.537,77.177999,2,17.1,10.6,3596.04,6111.02,69,0,26634,2,90,Light Rain,28.9,1.1,0
2026-09-12 20:38:43,R001,H04,ORD00042,Bike,On_Delivery,Z02,28.773659,77.069454,161,16.9,9.8,4586.86,6208.5,55,0,38934,1,83,Heavy Rain,27.9,11.9,0
2026-09-12 20:40:47,R012,H03,ORD00315,Scooter,On_Delivery,Z03,28.538537,77.379623,2,5.5,10.2,4334.46,5797.71,74,0,30550,1,79,Light Rain,27.5,2.9,0
2026-09-12 20:52:40,R013,H05,ORD00196,Bike,Near_Destination,Z02,28.632444,77.064387,20,5.0,16.6,1767.36,7322.97,75,0,7353,2,84,Clear,28.0,0,0
2026-09-12 20:58:17,R004,H03,ORD00162,Scooter,Near_Destination,Z04,28.572639,77.367168,214,11.7,16.9,1745.58,7426.87,78,0,7023,1,68,Clear,31.2,0,0
2026-09-12 21:06:43,R011,H01,ORD00414,EV Scooter,Near_Destination,Z03,28.545589,77.169693,161,6.1,24.3,1667.73,7095.7,51,0,4870,2,24,Clear,31.2,0,0
2026-09-12 21:10:25,R023,H02,ORD00282,EV Scooter,On_Delivery,Z07,28.465612,77.000682,294,13.6,18.4,3924.0,6922.86,59,0,14964,2,39,Cloudy,30.5,0,0
2026-09-12 21:10:36,R022,H04,ORD00038,Bike,On_Delivery,Z02,28.769951,77.073199,220,15.9,16.8,4120.94,6464.92,90,0,17514,1,43,Light Rain,31.4,2.0,1
2026-09-12 21:17:26,R016,H03,ORD00156,Bike,Near_Destination,Z03,28.549365,77.368857,21,6.5,24.9,1714.39,7892.92,55,0,5202,2,22,Clear,33.9,0,0
2026-09-12 21:18:15,R008,H02,ORD00108,Bike,On_Delivery,Z07,28.465541,76.999838,186,6.2,29.2,4488.22,5926.64,70,0,12340,2,26,Cloudy,28.5,0,0
2026-09-12 21:23:36,R010,H05,ORD00396,Scooter,On_Delivery,Z06,28.588755,77.064691,240,11.1,25.6,3651.6,6339.41,75,3,10421,2,47,Cloudy,30.6,0,0
2026-09-12 21:23:48,R020,H02,ORD00276,EV Scooter,On_Delivery,Z08,28.454084,77.01005,240,9.1,24.4,3657.35,6207.39,69,0,11514,1,47,Clear,29.6,0,0
2026-09-12 21:28:35,R011,H03,ORD00041,Bike,Near_Destination,Z05,28.544963,77.429026,44,11.6,29.3,2106.36,7768.74,86,0,5778,2,37,Clear,31.7,0,0
2026-09-12 21:45:21,R006,H03,ORD00116,Scooter,On_Delivery,Z01,28.553175,77.40929,33,8.6,27.5,4091.25,6380.09,91,0,12210,2,38,Clear,30.2,0,0
2026-09-12 21:47:28,R005,H03,ORD00138,Bike,On_Delivery,Z05,28.542475,77.41512,171,17.4,26.4,4120.01,5676.42,67,0,10318,2,32,Clear,30.0,0,0
2026-09-12 22:03:35,R017,H01,ORD00274,Bike,Near_Destination,Z02,28.555991,77.233023,38,13.0,26.8,1706.57,7318.25,49,0,5245,1,41,Clear,28.2,0,0
2026-09-12 22:08:04,R025,H02,ORD00379,Bike,On_Delivery,Z08,28.443973,77.003059,307,12.7,26.6,4211.07,6198.66,69,0,11136,2,42,Clear,32.1,0,0
2026-09-12 22:20:11,R020,H05,ORD00453,Bike,On_Delivery,Z01,28.603628,77.05562,68,10.2,17.3,3767.91,5220.21,56,0,15296,2,40,Heavy Rain,29.1,3.1,0
2026-09-12 22:30:55,R007,H03,ORD00082,Bike,Near_Destination,Z08,28.520089,77.366772,246,9.5,20.7,2191.58,7312.95,67,0,7597,1,43,Cloudy,33.6,0,0
2026-09-12 22:36:55,R020,H04,ORD00356,EV Scooter,On_Delivery,Z05,28.75965,77.083563,207,12.9,26.2,4413.38,6299.97,83,0,13573,1,26,Clear,32.0,0,0
2026-09-12 22:48:25,R022,H04,ORD00202,EV Scooter,On_Delivery,Z07,28.765026,77.040414,194,12.0,9.9,3886.61,6808.85,71,0,28868,1,52,Heavy Rain,29.1,7.0,1
2026-09-12 22:59:07,R014,H05,ORD00129,EV Scooter,On_Delivery,Z07,28.607011,77.028449,196,15.0,25.0,4327.15,6782.64,60,0,13972,2,35,Clear,28.4,0,0
2026-09-12 22:59:07,R001,H04,ORD00472,Scooter,On_Delivery,Z03,28.763007,77.039805,135,11.1,12.7,4452.59,6512.95,65,0,27956,2,48,Heavy Rain,28.5,9.4,0
2026-09-12 23:03:54,R016,H03,ORD00407,Scooter,On_Delivery,Z01,28.551717,77.395048,359,10.3,26.8,3995.37,5101.25,84,0,10539,2,22,Clear,33.2,0,0
2026-09-12 23:13:09,R005,H04,ORD00332,Scooter,On_Delivery,Z06,28.741828,77.081687,60,7.3,22.0,3442.6,6119.49,82,0,12218,2,30,Clear,28.9,0,0
2026-09-12 23:15:40,R006,H04,ORD00481,Bike,Near_Destination,Z07,28.753844,77.019196,223,13.3,29.6,1920.46,8131.84,87,0,5228,1,31,Cloudy,29.4,0,0
2026-09-12 23:21:01,R021,H01,ORD00016,EV Scooter,On_Delivery,Z02,28.553603,77.227535,171,17.6,19.4,3793.57,5216.4,78,0,14055,2,33,Cloudy,30.8,0,0
2026-09-12 23:24:38,R015,H03,ORD00314,Scooter,Near_Destination,Z05,28.533983,77.42639,259,17.9,23.3,2135.07,6935.15,52,0,6536,1,30,Clear,32.0,0,0
2026-09-12 23:30:52,R025,H02,ORD00439,EV Scooter,Near_Destination,Z01,28.477364,77.03936,342,8.9,24.5,2017.7,7687.38,82,0,6501,2,42,Clear,33.6,0,0
2026-09-12 23:43:10,R010,H03,ORD00097,Scooter,On_Delivery,Z06,28.538829,77.416691,359,10.5,23.0,3755.45,6255.2,86,0,11885,2,30,Light Rain,31.8,2.9,0
2026-09-12 23:55:09,R015,H05,ORD00265,Scooter,Near_Destination,Z08,28.583068,77.016913,314,4.3,29.9,1626.16,7539.45,84,0,4414,1,26,Cloudy,32.4,0,0
2026-09-12 23:57:00,R005,H03,ORD00074,Bike,On_Delivery,Z03,28.53947,77.36382,101,7.0,18.0,4563.22,6569.97,78,0,17996,2,40,Heavy Rain,29.8,4.0,0
2026-09-13 00:08:20,R003,H05,ORD00085,Scooter,On_Delivery,Z05,28.592219,77.079632,9,16.7,18.3,4230.16,6305.72,62,0,17525,1,45,Cloudy,34.0,0,0
2026-09-13 00:14:02,R011,H04,ORD00145,EV Scooter,On_Delivery,Z04,28.785477,77.037677,331,17.0,25.4,3563.52,6132.27,84,2,10883,1,40,Clear,32.1,0,0
2026-09-13 00:14:33,R001,H01,ORD00500,Scooter,Near_Destination,Z08,28.515135,77.17933,106,11.0,27.5,1965.22,6780.87,58,0,5643,1,22,Cloudy,33.2,0,0
2026-09-13 00:41:18,R016,H02,ORD00273,Scooter,Near_Destination,Z06,28.460706,77.054488,210,13.1,28.7,1786.44,7717.76,79,0,4365,1,23,Clear,29.1,0,0
2026-09-13 00:41:23,R005,H05,ORD00090,Scooter,Near_Destination,Z02,28.629131,77.063509,210,16.0,21.5,1622.17,7425.8,56,0,5747,1,50,Cloudy,30.8,0,0
2026-09-13 00:54:09,R022,H05,ORD00291,EV Scooter,Near_Destination,Z01,28.605009,77.049718,78,13.7,23.0,2425.66,7845.85,85,0,7080,2,47,Clear,30.5,0,0
2026-09-13 01:17:11,R024,H05,ORD00298,EV Scooter,Near_Destination,Z03,28.595046,77.010009,325,9.2,19.1,1949.75,6871.81,72,0,7624,1,31,Clear,31.0,0,0
2026-09-13 01:27:34,R016,H01,ORD00057,Bike,On_Delivery,Z01,28.532825,77.215274,226,3.4,25.7,3858.94,6476.51,88,0,12443,1,26,Clear,30.3,0,0
2026-09-13 01:45:32,R007,H03,ORD00271,EV Scooter,Near_Destination,Z01,28.548041,77.407564,158,13.3,20.8,2124.41,7097.81,63,0,6808,1,47,Cloudy,29.5,0,0
2026-09-13 01:57:49,R023,H04,ORD00494,Bike,Near_Destination,Z05,28.747795,77.092486,176,7.3,29.7,2425.67,7739.65,74,0,5608,1,42,Cloudy,28.1,0,0
2026-09-13 02:01:07,R007,H01,ORD00409,Scooter,Near_Destination,Z03,28.527667,77.189334,39,13.7,25.6,2243.85,7521.89,81,0,6821,2,44,Clear,32.3,0,0
2026-09-13 02:11:13,R004,H01,ORD00445,EV Scooter,On_Delivery,Z02,28.553836,77.233368,337,10.1,23.0,3762.26,6641.65,87,0,11601,2,49,Clear,29.3,0,0
2026-09-13 02:24:08,R021,H02,ORD00492,EV Scooter,On_Delivery,Z08,28.443805,77.018927,245,6.8,26.0,4371.26,6807.47,55,0,12805,2,39,Cloudy,30.9,0,0
2026-09-13 02:34:48,R017,H02,ORD00347,Scooter,Near_Destination,Z04,28.500961,77.009292,242,12.5,21.7,1493.05,7426.76,65,0,5519,2,24,Cloudy,30.8,0,0
2026-09-13 02:39:41,R011,H05,ORD00352,Bike,On_Delivery,Z08,28.588819,77.031698,123,11.0,28.6,4703.23,6463.48,63,0,13344,1,37,Clear,29.5,0,0
2026-09-13 03:03:19,R021,H02,ORD00050,EV Scooter,On_Delivery,Z02,28.480672,77.042332,309,6.4,27.5,3876.86,6204.84,90,4,10663,2,27,Clear,32.3,0,0
2026-09-13 03:18:46,R009,H02,ORD00223,Scooter,On_Delivery,Z04,28.496988,77.021311,288,7.7,23.7,4081.67,6183.33,71,0,13919,1,37,Clear,33.6,0,0
2026-09-13 03:25:50,R023,H05,ORD00189,EV Scooter,On_Delivery,Z08,28.589112,77.028191,302,13.2,24.8,3985.09,6035.79,52,0,13313,1,21,Clear,28.3,0,0
2026-09-13 03:27:44,R008,H04,ORD00043,EV Scooter,Near_Destination,Z08,28.728798,77.042534,83,3.4,16.3,1936.29,7426.35,60,0,9720,1,57,Light Rain,28.7,2.7,0
2026-09-13 04:02:10,R024,H04,ORD00200,Bike,Near_Destination,Z02,28.788722,77.086772,241,13.5,27.3,1545.55,7719.65,74,0,3952,1,32,Clear,31.3,0,0
2026-09-13 04:11:28,R025,H04,ORD00169,Scooter,On_Delivery,Z08,28.738632,77.04361,48,13.6,26.7,3933.08,5191.83,87,0,11535,2,27,Clear,32.0,0,0
2026-09-13 04:17:15,R016,H04,ORD00163,Bike,On_Delivery,Z08,28.737105,77.037896,210,9.3,29.9,4746.0,6058.1,52,0,11834,2,38,Clear,28.4,0,0
2026-09-13 04:20:01,R023,H05,ORD00292,Bike,On_Delivery,Z02,28.621409,77.059505,51,12.1,24.1,4022.7,5828.03,74,0,13702,1,46,Clear,30.7,0,0
2026-09-13 04:22:17,R016,H04,ORD00366,EV Scooter,On_Delivery,Z06,28.74525,77.073904,97,16.7,21.4,4215.47,5529.29,54,0,15016,2,49,Clear,28.2,0,0
2026-09-13 04:23:28,R017,H02,ORD00484,EV Scooter,On_Delivery,Z03,28.466444,77.012125,330,10.1,22.2,4544.47,6128.62,71,0,16651,2,21,Cloudy,30.5,0,0
2026-09-13 04:29:25,R003,H05,ORD00023,Scooter,On_Delivery,Z06,28.586636,77.078977,42,4.4,24.8,3883.57,5978.97,55,0,10741,1,31,Clear,29.2,0,0
2026-09-13 04:31:02,R022,H03,ORD00323,Bike,On_Delivery,Z06,28.525606,77.420629,123,9.9,27.5,3479.18,6137.14,76,0,8748,2,48,Clear,31.6,0,0
2026-09-13 04:34:23,R013,H01,ORD00460,EV Scooter,Near_Destination,Z03,28.531979,77.183934,10,10.9,25.1,2075.8,7232.55,67,0,6454,1,26,Clear,30.4,0,0
2026-09-13 04:41:14,R004,H05,ORD00119,EV Scooter,On_Delivery,Z07,28.610694,77.02509,135,5.5,26.1,3667.71,6446.3,90,0,9444,2,38,Clear,33.1,0,0
2026-09-13 04:43:02,R004,H04,ORD00458,EV Scooter,Near_Destination,Z03,28.760028,77.03226,108,17.7,20.0,1920.79,6781.86,86,0,6439,1,50,Cloudy,33.8,0,0
2026-09-13 04:44:12,R014,H03,ORD00153,EV Scooter,On_Delivery,Z08,28.524528,77.366332,293,12.1,25.2,3863.23,5850.73,83,0,11305,1,30,Cloudy,29.6,0,0
2026-09-13 05:03:46,R001,H04,ORD00365,Scooter,On_Delivery,Z07,28.758,77.034921,95,5.7,23.7,4707.87,6107.06,90,0,16262,2,34,Cloudy,28.3,0,0
2026-09-13 05:09:34,R001,H01,ORD00146,Bike,On_Delivery,Z08,28.522306,77.197275,101,8.7,23.7,4171.75,6413.57,89,2,14496,2,44,Cloudy,30.1,0,0
2026-09-13 05:17:42,R003,H03,ORD00370,EV Scooter,On_Delivery,Z03,28.543838,77.369472,75,7.8,16.0,4059.07,5847.82,74,0,17686,2,34,Light Rain,28.4,0.5,0
2026-09-13 05:27:55,R002,H05,ORD00243,EV Scooter,On_Delivery,Z05,28.588767,77.078269,313,15.7,26.1,4081.41,7006.78,63,0,12055,2,20,Clear,29.6,0,0
2026-09-13 05:28:09,R015,H04,ORD00451,EV Scooter,Near_Destination,Z03,28.770908,77.030425,50,6.3,11.1,1802.6,7073.46,79,0,12685,2,48,Heavy Rain,26.1,8.6,0
2026-09-13 05:31:57,R003,H03,ORD00079,Scooter,On_Delivery,Z05,28.538799,77.416969,264,11.8,23.1,3946.36,5938.34,90,0,12279,2,32,Clear,32.6,0,0
2026-09-13 05:41:44,R002,H03,ORD00374,EV Scooter,On_Delivery,Z02,28.557709,77.406889,130,3.1,16.8,4550.14,6194.99,86,0,20175,1,56,Light Rain,28.4,2.6,0
2026-09-13 06:06:11,R020,H02,ORD00087,Bike,Near_Destination,Z06,28.447965,77.060757,86,14.1,23.4,1833.14,7562.54,50,0,5478,1,31,Light Rain,33.4,1.6,0
2026-09-13 06:21:49,R001,H05,ORD00491,Bike,On_Delivery,Z07,28.603772,77.01601,147,17.8,18.6,3921.47,6780.95,82,0,17278,1,36,Light Rain,29.3,1.8,0
2026-09-13 06:32:22,R024,H03,ORD00244,Scooter,On_Delivery,Z01,28.545412,77.405648,268,8.8,21.7,4369.44,5828.85,67,0,15239,1,31,Cloudy,29.7,0,0
2026-09-13 06:34:32,R022,H01,ORD00415,Scooter,On_Delivery,Z01,28.546741,77.223844,108,8.4,24.2,3789.59,6566.88,54,0,12849,2,42,Clear,33.5,0,0
2026-09-13 06:56:28,R004,H04,ORD00058,EV Scooter,Near_Destination,Z07,28.773269,77.019903,346,8.9,20.8,1595.75,7875.65,75,0,5308,1,41,Light Rain,27.2,2.9,0
2026-09-13 06:56:34,R011,H02,ORD00270,Scooter,On_Delivery,Z04,28.499351,77.025007,209,14.9,30.9,3887.96,5993.26,61,0,8554,2,25,Cloudy,30.1,0,0
2026-09-13 06:57:49,R019,H03,ORD00197,EV Scooter,On_Delivery,Z08,28.524668,77.374995,111,13.6,17.4,4208.92,5422.08,54,0,19754,2,54,Light Rain,27.0,0.8,0
2026-09-13 07:23:46,R012,H05,ORD00220,Scooter,Near_Destination,Z06,28.584792,77.079927,2,5.2,21.1,2214.91,7353.59,78,0,8084,1,28,Clear,29.2,0,0
2026-09-13 07:33:21,R016,H05,ORD00334,EV Scooter,Near_Destination,Z08,28.565746,77.029031,172,6.4,17.2,1741.22,7283.12,70,0,7792,2,46,Light Rain,27.8,1.3,0
2026-09-13 07:40:10,R024,H02,ORD00231,Bike,On_Delivery,Z04,28.49975,77.022802,33,6.8,26.9,3934.78,5958.24,83,2,11187,2,43,Cloudy,30.9,0,0
2026-09-13 07:45:28,R008,H04,ORD00342,EV Scooter,On_Delivery,Z03,28.763832,77.033261,152,9.8,23.8,4367.11,6421.2,84,0,14210,2,42,Clear,30.5,0,0
2026-09-13 07:48:57,R016,H04,ORD00027,EV Scooter,On_Delivery,Z04,28.79237,77.049129,256,5.2,14.5,4041.94,6936.19,76,0,21758,2,60,Light Rain,27.6,0.9,0
2026-09-13 07:50:17,R022,H03,ORD00049,EV Scooter,On_Delivery,Z01,28.553121,77.400356,272,8.3,16.1,3933.56,6432.69,87,0,17283,1,30,Light Rain,32.9,2.9,0
2026-09-13 08:01:03,R010,H01,ORD00264,Bike,On_Delivery,Z07,28.532018,77.180365,284,11.0,12.2,4179.78,6713.92,64,0,27717,1,90,Clear,29.9,0,0
2026-09-13 08:04:03,R010,H02,ORD00350,Scooter,On_Delivery,Z01,28.471729,77.040337,253,9.8,14.3,4582.09,5875.34,52,4,25589,1,78,Clear,30.1,0,0
2026-09-13 08:06:40,R019,H03,ORD00228,Scooter,On_Delivery,Z04,28.569996,77.390694,230,7.3,16.6,4150.6,6802.5,88,0,17418,1,82,Clear,31.5,0,0
2026-09-13 08:08:21,R022,H04,ORD00465,EV Scooter,On_Delivery,Z08,28.73187,77.033093,306,14.9,15.0,3902.6,6229.23,89,0,19721,2,65,Clear,30.4,0,0
2026-09-13 08:20:47,R004,H05,ORD00299,EV Scooter,On_Delivery,Z02,28.614584,77.074748,58,13.6,14.5,3933.66,6782.95,80,3,18543,2,83,Clear,32.1,0,0
2026-09-13 08:57:05,R013,H03,ORD00121,Bike,On_Delivery,Z01,28.560012,77.397929,337,13.1,20.3,3684.2,5858.77,75,0,13482,2,70,Clear,29.1,0,0
2026-09-13 08:58:12,R003,H02,ORD00026,Scooter,Near_Destination,Z04,28.509847,77.020688,245,9.0,18.2,2081.17,7591.12,87,0,7616,2,76,Clear,29.6,0,0
2026-09-13 09:02:14,R004,H02,ORD00485,Scooter,Near_Destination,Z08,28.454907,76.99883,250,7.9,14.0,2237.6,7180.39,52,0,11073,2,81,Clear,28.6,0,0
2026-09-13 09:06:37,R018,H01,ORD00377,Bike,On_Delivery,Z03,28.543547,77.181946,313,17.1,22.3,3878.72,6074.55,83,0,14367,2,70,Clear,30.8,0,0
2026-09-13 09:07:11,R015,H03,ORD00125,EV Scooter,On_Delivery,Z07,28.550659,77.363678,217,5.4,16.7,3969.9,5640.59,75,0,15729,1,70,Clear,28.7,0,0
2026-09-13 09:09:17,R020,H04,ORD00438,EV Scooter,On_Delivery,Z03,28.759925,77.038259,38,3.9,10.2,3711.41,5925.15,51,0,24523,2,87,Cloudy,28.2,0,0
2026-09-13 09:20:43,R004,H03,ORD00455,EV Scooter,Near_Destination,Z06,28.527829,77.417013,284,3.9,13.1,1935.77,7126.89,67,0,10735,1,70,Clear,28.8,0,0
2026-09-13 09:40:05,R008,H05,ORD00118,Scooter,Near_Destination,Z05,28.5888,77.081367,301,7.5,11.8,2066.1,7552.78,62,0,13475,2,85,Clear,33.6,0,1
2026-09-13 09:42:59,R023,H05,ORD00362,Scooter,On_Delivery,Z06,28.592227,77.067759,346,17.8,17.0,3845.01,6505.54,78,0,16726,1,71,Cloudy,31.6,0,0
2026-09-13 09:43:24,R020,H03,ORD00128,Scooter,Near_Destination,Z07,28.557818,77.353318,303,9.7,8.6,1598.35,7745.85,60,0,15049,1,91,Light Rain,28.1,0.5,0
2026-09-13 10:02:03,R015,H01,ORD00062,EV Scooter,On_Delivery,Z05,28.530248,77.230869,81,10.3,14.6,4071.19,5218.13,80,0,20577,1,68,Clear,30.1,0,0
2026-09-13 10:06:23,R021,H02,ORD00033,Bike,On_Delivery,Z08,28.448282,77.01142,235,11.8,15.6,3838.12,5951.16,73,3,19463,2,67,Cloudy,31.2,0,0
2026-09-13 10:17:09,R016,H04,ORD00045,Bike,Near_Destination,Z03,28.759047,77.032744,261,5.9,16.1,1925.29,7148.15,84,0,8748,1,90,Clear,32.7,0,0
2026-09-13 10:28:55,R014,H03,ORD00480,Bike,On_Delivery,Z04,28.567322,77.38893,108,3.3,14.9,4323.09,6904.19,73,0,23949,2,84,Cloudy,33.1,0,0
2026-09-13 10:29:07,R022,H04,ORD00066,Scooter,Near_Destination,Z08,28.730607,77.026942,341,15.9,14.0,1970.9,7881.97,76,0,10804,1,79,Light Rain,27.9,0.1,0
2026-09-13 10:38:28,R015,H02,ORD00447,Bike,Near_Destination,Z07,28.47701,76.998051,355,11.2,9.3,1792.99,8210.81,69,0,15809,1,81,Heavy Rain,30.8,11.5,0
2026-09-13 10:53:32,R012,H03,ORD00372,EV Scooter,On_Delivery,Z06,28.535033,77.419046,283,14.0,11.5,4661.58,6064.78,52,2,28590,1,84,Cloudy,31.1,0,0
2026-09-13 10:59:38,R020,H01,ORD00478,Scooter,Near_Destination,Z08,28.506187,77.193909,331,13.9,17.1,1713.76,8204.16,65,0,7816,1,67,Cloudy,32.9,0,0
2026-09-13 11:06:13,R003,H04,ORD00418,Bike,On_Delivery,Z04,28.786361,77.052448,84,4.0,12.7,4203.38,6815.03,75,2,24104,1,68,Light Rain,32.2,2.9,0
2026-09-13 11:14:08,R022,H04,ORD00130,Scooter,On_Delivery,Z07,28.761796,77.029722,314,15.3,25.1,4318.35,5519.4,65,4,13032,2,40,Clear,32.6,0,0
2026-09-13 11:22:29,R010,H03,ORD00400,Bike,On_Delivery,Z04,28.56377,77.374909,303,10.1,29.1,3696.59,6398.39,57,0,10346,1,38,Clear,30.1,0,0
2026-09-13 11:45:04,R001,H02,ORD00467,Scooter,Near_Destination,Z02,28.507703,77.055737,101,14.6,10.6,1855.24,6882.9,83,0,12289,2,74,Light Rain,31.8,1.8,0
2026-09-13 11:46:09,R015,H03,ORD00296,EV Scooter,On_Delivery,Z02,28.556195,77.413732,223,15.7,24.5,4179.85,5806.48,78,0,13731,1,35,Cloudy,30.3,0,0
2026-09-13 12:04:09,R023,H04,ORD00301,Bike,Near_Destination,Z08,28.735424,77.042105,198,3.3,12.1,2209.1,8026.54,65,0,13829,2,71,Heavy Rain,31.7,3.5,0
2026-09-13 12:22:16,R011,H02,ORD00375,Scooter,Near_Destination,Z02,28.493197,77.046842,120,10.0,16.3,1835.86,7420.67,68,0,7673,1,57,Clear,30.8,0,0
2026-09-13 12:38:37,R015,H03,ORD00305,EV Scooter,Near_Destination,Z03,28.553788,77.363564,34,9.0,19.2,2091.53,7082.06,80,0,7773,2,35,Clear,31.7,0,0
2026-09-13 12:41:03,R002,H01,ORD00351,EV Scooter,On_Delivery,Z01,28.534474,77.215477,335,3.7,19.2,3897.35,5771.03,53,0,16564,2,55,Cloudy,29.2,0,0
2026-09-13 12:42:38,R022,H03,ORD00021,Scooter,On_Delivery,Z06,28.52233,77.41683,217,9.0,24.1,4665.97,6481.55,71,0,14211,1,38,Cloudy,29.6,0,0
2026-09-13 12:48:22,R001,H02,ORD00283,EV Scooter,On_Delivery,Z03,28.476111,77.012514,187,4.1,17.2,3776.64,6695.66,82,0,15297,1,61,Clear,28.1,0,0
2026-09-13 12:54:36,R025,H01,ORD00131,Bike,On_Delivery,Z05,28.53574,77.234764,292,8.5,17.1,4090.72,7180.69,54,0,19066,1,59,Cloudy,33.6,0,0
2026-09-13 12:59:56,R006,H02,ORD00300,EV Scooter,Near_Destination,Z07,28.481929,76.984018,252,4.2,15.0,1931.06,8007.91,67,0,9548,2,70,Light Rain,31.5,1.1,0
2026-09-13 13:04:04,R010,H03,ORD00287,Scooter,Near_Destination,Z01,28.563738,77.394204,286,10.4,20.8,1669.55,7356.26,71,0,6461,2,56,Cloudy,32.4,0,0
2026-09-13 13:05:34,R024,H01,ORD00285,Scooter,On_Delivery,Z03,28.542391,77.177257,155,4.8,20.6,4090.75,6237.4,80,0,14198,1,61,Cloudy,31.6,0,0
2026-09-13 13:05:39,R019,H03,ORD00040,Bike,On_Delivery,Z03,28.542065,77.373811,51,3.8,22.8,3454.77,6018.65,84,0,11655,2,59,Cloudy,29.7,0,0
2026-09-13 13:15:29,R001,H03,ORD00254,EV Scooter,On_Delivery,Z02,28.557241,77.411466,208,7.4,12.0,3797.13,6115.63,90,0,23155,2,71,Light Rain,30.4,0.9,0
2026-09-13 13:16:12,R014,H04,ORD00160,Bike,Near_Destination,Z03,28.769187,77.017237,209,3.3,27.6,1727.4,7003.37,53,0,4378,1,42,Clear,32.2,0,0
2026-09-13 13:16:38,R012,H05,ORD00068,Scooter,On_Delivery,Z03,28.603839,77.021397,344,14.3,22.6,4177.57,6352.21,74,0,14753,2,46,Clear,32.1,0,0
2026-09-13 13:20:18,R019,H03,ORD00003,EV Scooter,Near_Destination,Z06,28.525296,77.435931,250,17.6,13.1,1861.64,7302.47,79,0,9995,2,73,Light Rain,31.7,0.4,0
2026-09-13 13:25:47,R021,H05,ORD00482,Scooter,On_Delivery,Z04,28.618164,77.033102,15,14.1,23.6,4574.51,6608.09,64,3,15223,1,49,Clear,33.7,0,0
2026-09-13 13:36:05,R011,H04,ORD00419,Scooter,Near_Destination,Z03,28.766882,77.030398,19,5.0,17.0,2410.28,8055.5,84,0,11143,1,57,Clear,28.5,0,0
2026-09-13 13:47:39,R001,H01,ORD00147,Bike,On_Delivery,Z06,28.509525,77.242527,283,6.3,9.9,4152.65,6863.29,51,0,30677,1,63,Heavy Rain,29.3,7.4,0
2026-09-13 14:06:07,R017,H03,ORD00428,EV Scooter,On_Delivery,Z05,28.54745,77.417001,269,15.6,13.0,4094.06,5438.49,52,0,22562,1,49,Light Rain,30.6,0.3,0
2026-09-13 14:12:04,R015,H01,ORD00237,EV Scooter,Near_Destination,Z04,28.577663,77.193949,278,18.0,18.1,1500.61,7529.22,75,0,6853,1,70,Cloudy,33.3,0,0
2026-09-13 14:46:59,R003,H05,ORD00102,Scooter,On_Delivery,Z08,28.586706,77.034307,321,5.2,25.1,4212.53,5490.48,86,0,13945,2,46,Cloudy,29.3,0,0
2026-09-13 14:59:11,R005,H04,ORD00123,EV Scooter,On_Delivery,Z08,28.737018,77.040664,40,9.6,23.0,4284.62,5682.92,51,0,14143,2,37,Clear,31.1,0,0
2026-09-13 15:09:23,R021,H01,ORD00463,Scooter,Near_Destination,Z03,28.548456,77.172621,128,10.2,24.0,2213.36,8336.64,78,0,6714,1,45,Clear,33.7,0,0
2026-09-13 15:24:47,R016,H05,ORD00109,EV Scooter,Near_Destination,Z04,28.644532,77.030158,147,5.7,8.7,1500.87,7801.24,72,0,13832,1,75,Heavy Rain,27.6,4.1,0
2026-09-13 15:34:28,R002,H04,ORD00269,EV Scooter,Near_Destination,Z07,28.765875,77.032069,306,6.3,23.0,1739.03,7231.15,59,0,6263,1,42,Clear,28.3,0,0
2026-09-13 15:53:27,R012,H04,ORD00284,Bike,Near_Destination,Z07,28.769142,77.011443,26,15.6,27.4,1612.15,7163.18,69,0,4374,1,41,Clear,29.0,0,0
2026-09-13 15:57:46,R004,H02,ORD00312,EV Scooter,Near_Destination,Z05,28.466647,77.064508,270,15.3,13.1,1985.49,8604.68,76,0,11465,2,58,Heavy Rain,30.7,3.4,0
2026-09-13 16:10:53,R006,H05,ORD00112,EV Scooter,Near_Destination,Z08,28.564288,77.018076,312,13.7,17.0,1622.33,7630.13,62,0,7691,1,56,Clear,29.1,0,0
2026-09-13 16:24:51,R008,H01,ORD00075,EV Scooter,Near_Destination,Z01,28.548555,77.218693,268,8.1,14.7,1784.53,6943.09,69,0,9939,1,59,Cloudy,31.0,0,0
2026-09-13 16:41:52,R012,H04,ORD00072,Bike,On_Delivery,Z04,28.774494,77.048685,36,5.2,16.8,4128.55,5494.32,66,0,18666,1,59,Light Rain,32.5,2.3,0
2026-09-13 17:27:54,R005,H03,ORD00267,Bike,On_Delivery,Z08,28.531377,77.37645,194,12.0,16.3,4082.99,6412.42,54,0,18692,2,82,Clear,32.5,0,0
2026-09-13 17:44:17,R021,H01,ORD00096,EV Scooter,On_Delivery,Z04,28.565533,77.190799,149,6.6,12.7,4337.5,6040.16,74,0,26470,1,91,Clear,29.3,0,0
2026-09-13 17:59:53,R017,H01,ORD00431,EV Scooter,On_Delivery,Z04,28.562727,77.205745,108,12.5,11.6,4659.24,6138.88,55,1,33013,1,89,Clear,30.1,0,0
2026-09-13 18:04:03,R019,H05,ORD00306,Scooter,Near_Destination,Z03,28.609725,77.024965,61,15.7,7.7,1815.45,7506.03,57,0,15873,1,93,Light Rain,30.1,0.5,0
2026-09-13 18:05:27,R015,H03,ORD00430,Bike,Near_Destination,Z07,28.553431,77.356515,200,7.0,13.4,1904.97,8546.48,68,0,10391,2,87,Clear,29.3,0,0
2026-09-13 18:13:37,R012,H05,ORD00114,EV Scooter,On_Delivery,Z05,28.601455,77.080243,60,16.0,7,4492.45,5873.42,52,0,44111,2,100,Heavy Rain,28.0,4.3,0
2026-09-13 18:25:11,R003,H05,ORD00444,Bike,Near_Destination,Z08,28.582144,77.017642,261,17.4,18.6,1615.85,7407.39,85,0,6384,1,82,Clear,28.7,0,0
2026-09-13 18:32:40,R016,H04,ORD00224,EV Scooter,On_Delivery,Z05,28.746894,77.083355,311,14.4,15.4,4132.56,6740.19,91,0,19172,2,67,Clear,29.0,0,0
2026-09-13 19:08:08,R025,H02,ORD00208,Bike,Near_Destination,Z03,28.471881,76.989206,36,11.9,10.5,1990.87,7651.25,67,0,15054,2,95,Clear,29.2,0,0
2026-09-13 19:40:49,R018,H05,ORD00198,Bike,Near_Destination,Z08,28.586352,77.024714,100,10.5,14.2,2239.68,7827.89,63,0,11390,2,89,Clear,31.4,0,0
2026-09-13 19:41:38,R023,H03,ORD00205,EV Scooter,Near_Destination,Z05,28.549255,77.434967,204,9.2,13.1,1589.06,7864.53,83,0,9136,1,83,Clear,33.8,0,0
2026-09-13 19:41:52,R025,H05,ORD00393,EV Scooter,Near_Destination,Z08,28.583817,77.015704,36,17.6,11.4,1849.72,8881.8,89,0,11641,1,80,Clear,32.2,0,0
2026-09-13 19:44:24,R023,H01,ORD00346,Scooter,Near_Destination,Z03,28.539919,77.185,297,13.0,7.9,2055.65,7010.3,73,0,20082,2,100,Light Rain,29.1,1.7,0
2026-09-13 19:46:00,R010,H04,ORD00359,Bike,On_Delivery,Z02,28.779053,77.079572,20,14.0,20.7,4005.97,7006.77,53,0,15629,1,65,Cloudy,30.0,0,0
2026-09-13 19:49:24,R022,H03,ORD00474,Scooter,Near_Destination,Z08,28.523249,77.377362,325,4.6,12.6,1821.72,8139.36,72,0,11402,2,79,Clear,33.6,0,1
2026-09-13 20:06:53,R006,H03,ORD00293,Bike,Near_Destination,Z05,28.544758,77.441611,147,12.2,22.6,2088.77,8217.5,65,0,6857,2,68,Clear,29.4,0,0
2026-09-13 20:07:11,R009,H01,ORD00073,EV Scooter,Near_Destination,Z03,28.535441,77.176299,156,5.9,7,1839.95,7860.85,72,0,20026,2,94,Heavy Rain,29.3,5.4,0
2026-09-13 20:15:11,R022,H01,ORD00387,Scooter,On_Delivery,Z01,28.541344,77.215197,109,6.1,9.9,4540.71,6251.3,64,0,34880,2,100,Light Rain,30.8,1.3,0
2026-09-13 20:21:15,R020,H02,ORD00277,Scooter,Near_Destination,Z03,28.470774,76.994933,188,12.2,16.3,1828.12,8048.17,63,0,7976,2,83,Clear,31.5,0,0
2026-09-13 20:27:45,R014,H05,ORD00324,EV Scooter,On_Delivery,Z02,28.622974,77.072434,203,8.9,11.2,4205.27,6014.27,77,0,25567,1,88,Cloudy,29.3,0,0
2026-09-13 20:32:23,R025,H03,ORD00164,Bike,On_Delivery,Z07,28.545818,77.361158,31,3.3,17.9,4567.44,6468.58,82,0,18172,1,70,Cloudy,29.6,0,0
2026-09-13 20:38:23,R012,H05,ORD00337,Scooter,On_Delivery,Z05,28.594178,77.077606,217,17.6,11.4,3956.81,6791.69,54,0,23272,2,85,Clear,32.4,0,0
2026-09-13 20:44:54,R009,H04,ORD00190,Scooter,On_Delivery,Z02,28.778449,77.075448,315,16.2,8.6,4468.51,5887.56,58,2,34828,2,97,Light Rain,27.9,1.7,0
2026-09-13 20:46:32,R001,H02,ORD00425,EV Scooter,Near_Destination,Z01,28.483231,77.04503,72,5.5,13.6,1853.9,7896.08,58,0,9882,2,82,Clear,28.5,0,0
2026-09-13 20:56:03,R011,H04,ORD00177,Bike,Near_Destination,Z03,28.75479,77.035304,153,13.8,21.3,2286.06,7856.63,79,0,7236,1,72,Clear,33.8,0,0
2026-09-13 20:58:30,R025,H02,ORD00157,EV Scooter,On_Delivery,Z03,28.462848,76.997071,90,8.7,12.4,4049.53,7064.19,52,0,22434,2,79,Clear,32.1,0,0
2026-09-13 21:01:42,R013,H01,ORD00195,Scooter,Near_Destination,Z07,28.547415,77.186573,269,11.0,22.8,2014.47,7453.09,67,0,6632,1,33,Light Rain,33.0,1.4,0
2026-09-13 21:19:35,R022,H05,ORD00219,EV Scooter,Near_Destination,Z03,28.603697,77.008819,98,16.3,18.7,1416.61,7316.94,88,0,5773,1,41,Light Rain,32.5,2.6,0
2026-09-13 21:29:57,R025,H04,ORD00101,Bike,Near_Destination,Z08,28.742798,77.031129,159,15.7,32.4,2158.12,7884.09,66,0,5045,2,28,Clear,31.8,0,0
2026-09-13 21:31:45,R017,H02,ORD00327,Scooter,Near_Destination,Z04,28.511603,77.005346,50,14.0,12.6,2123.49,7123.83,72,0,12862,1,56,Heavy Rain,26.1,9.4,0
2026-09-13 21:44:46,R007,H02,ORD00373,Scooter,On_Delivery,Z05,28.460479,77.063428,185,6.4,13.8,3860.85,6702.65,87,0,18952,1,57,Light Rain,32.0,2.8,0
2026-09-13 21:46:01,R023,H01,ORD00278,EV Scooter,Near_Destination,Z07,28.541345,77.185877,100,7.8,27.1,1737.05,7958.87,72,0,5232,2,27,Clear,29.3,0,0
2026-09-13 21:47:54,R008,H04,ORD00234,Scooter,Near_Destination,Z07,28.755977,77.015712,328,9.9,22.0,1521.45,7438.48,71,0,4986,2,49,Clear,33.7,0,0
2026-09-13 21:49:26,R007,H03,ORD00304,EV Scooter,Near_Destination,Z07,28.540034,77.361644,17,16.5,17.0,2110.9,6765.62,59,0,10179,1,50,Clear,31.7,0,0
2026-09-13 22:01:58,R005,H03,ORD00194,EV Scooter,Near_Destination,Z05,28.55135,77.437869,54,3.9,18.5,1978.08,8201.75,57,0,7174,1,48,Clear,33.2,0,0
2026-09-13 22:10:18,R022,H05,ORD00015,EV Scooter,On_Delivery,Z01,28.602947,77.056297,236,3.3,22.1,4045.18,6400.42,85,0,12952,1,20,Clear,30.8,0,0
2026-09-13 22:10:58,R004,H02,ORD00343,Bike,On_Delivery,Z03,28.465835,77.003752,18,7.9,26.4,3822.97,6616.25,59,0,12138,1,37,Cloudy,29.5,0,0
2026-09-13 22:11:29,R022,H01,ORD00225,Scooter,Near_Destination,Z01,28.554155,77.218282,97,8.1,24.5,2027.54,7163.87,72,0,6628,2,34,Clear,28.1,0,0
2026-09-13 22:14:24,R010,H01,ORD00048,Scooter,Near_Destination,Z08,28.500414,77.184813,82,6.1,27.2,1844.52,8106.52,69,0,5329,2,34,Clear,32.4,0,0
2026-09-13 22:33:22,R003,H04,ORD00036,Scooter,Near_Destination,Z08,28.735891,77.043099,324,7.6,22.2,2112.1,7145.06,67,0,7897,2,38,Cloudy,32.0,0,0
2026-09-13 22:36:43,R012,H05,ORD00069,EV Scooter,On_Delivery,Z03,28.607462,77.027037,115,12.6,19.9,4062.7,6735.27,87,0,16002,2,46,Cloudy,28.9,0,0
2026-09-13 22:37:02,R011,H05,ORD00266,Scooter,Near_Destination,Z05,28.591265,77.08032,74,6.6,13.2,2307.2,7333.48,71,0,13504,2,53,Heavy Rain,30.1,3.7,0
2026-09-13 22:41:14,R013,H02,ORD00140,EV Scooter,On_Delivery,Z08,28.445906,77.015613,64,14.0,21.0,4061.77,6584.84,72,0,13449,1,23,Clear,28.8,0,1
2026-09-13 22:59:37,R015,H01,ORD00067,Scooter,Near_Destination,Z07,28.547982,77.184998,32,17.4,21.5,1860.0,7073.85,63,0,6608,2,46,Clear,32.3,0,1
2026-09-13 23:03:02,R013,H03,ORD00259,Bike,Near_Destination,Z03,28.541071,77.368554,324,11.4,14.1,2204.41,7051.47,61,0,12020,2,37,Heavy Rain,27.9,10.0,0
2026-09-13 23:14:09,R014,H01,ORD00355,Bike,On_Delivery,Z03,28.530774,77.188182,296,12.9,28.6,4784.77,6353.86,53,0,11658,2,23,Cloudy,32.2,0,0
2026-09-13 23:21:45,R004,H03,ORD00395,Bike,Near_Destination,Z04,28.574078,77.378874,288,6.6,28.9,2387.45,7933.31,77,0,5804,1,31,Cloudy,33.9,0,0
2026-09-13 23:34:12,R013,H03,ORD00255,Scooter,Near_Destination,Z08,28.52975,77.379581,253,13.4,19.2,1796.7,9022.27,53,0,6330,2,49,Light Rain,29.9,1.6,0
2026-09-13 23:41:55,R025,H05,ORD00214,Bike,On_Delivery,Z01,28.610252,77.06204,31,8.6,18.6,3866.78,6767.68,57,0,15019,1,47,Light Rain,29.0,0.8,0
2026-09-13 23:42:15,R023,H04,ORD00136,Bike,Near_Destination,Z04,28.798208,77.047071,145,4.0,19.0,1482.62,7331.0,62,0,5214,2,50,Clear,31.8,0,0
2026-09-13 23:51:01,R007,H04,ORD00010,Bike,Near_Destination,Z07,28.772906,77.017485,215,16.8,34.4,2029.71,7134.71,57,0,4842,1,23,Clear,31.7,0,0
2026-09-14 00:17:15,R023,H03,ORD00012,Bike,On_Delivery,Z07,28.540622,77.365257,36,17.2,28.9,4287.51,6793.25,88,0,11948,1,45,Cloudy,33.3,0,0
2026-09-14 00:17:41,R005,H05,ORD00319,Bike,Near_Destination,Z02,28.629775,77.067237,216,15.5,27.4,1967.96,7176.65,59,0,5312,1,34,Clear,29.7,0,0
2026-09-14 00:33:54,R007,H05,ORD00302,Bike,On_Delivery,Z04,28.618791,77.029733,213,3.2,21.0,4534.81,6300.25,83,0,15730,2,38,Clear,30.3,0,0
2026-09-14 00:36:40,R002,H02,ORD00417,Scooter,Near_Destination,Z03,28.463402,76.993989,20,7.2,13.3,2146.11,7464.47,63,0,10738,2,43,Heavy Rain,28.3,3.7,0
2026-09-14 00:41:38,R024,H02,ORD00230,Scooter,Near_Destination,Z05,28.467707,77.08086,123,17.4,23.0,1490.6,7490.46,86,0,4945,1,24,Clear,29.5,0,0
2026-09-14 00:49:08,R009,H01,ORD00367,Scooter,On_Delivery,Z06,28.513039,77.236469,3,8.8,22.8,3726.54,6241.41,86,0,12895,1,35,Clear,28.4,0,0
2026-09-14 00:53:34,R023,H03,ORD00281,Bike,On_Delivery,Z07,28.549607,77.355722,299,17.8,28.1,3861.2,6666.48,85,1,10888,2,28,Clear,32.9,0,0
2026-09-14 01:14:50,R019,H04,ORD00376,Scooter,On_Delivery,Z05,28.754932,77.085325,45,10.3,25.7,4547.49,6597.77,72,0,12343,1,31,Clear,31.5,0,0
2026-09-14 01:14:58,R012,H05,ORD00413,Bike,Near_Destination,Z02,28.632901,77.078609,352,8.0,32.1,1656.12,8218.35,79,0,3431,2,31,Clear,28.8,0,0
2026-09-14 01:18:31,R019,H01,ORD00191,Bike,On_Delivery,Z07,28.544069,77.180516,284,3.1,27.0,3555.02,6140.81,59,0,9741,1,47,Cloudy,33.7,0,0
2026-09-14 01:36:47,R003,H03,ORD00473,EV Scooter,On_Delivery,Z06,28.525478,77.414824,1,3.1,18.8,4832.61,6194.29,84,0,17407,2,46,Cloudy,28.2,0,0
2026-09-14 01:41:00,R009,H05,ORD00338,Bike,Near_Destination,Z06,28.579382,77.078522,348,15.8,30.9,2118.5,7224.84,62,0,4885,1,31,Clear,33.4,0,0
2026-09-14 01:42:28,R017,H03,ORD00353,EV Scooter,Near_Destination,Z05,28.532124,77.423636,136,15.1,23.4,2108.21,7838.58,68,0,6757,1,27,Clear,29.7,0,0
2026-09-14 01:47:07,R015,H03,ORD00081,EV Scooter,Near_Destination,Z06,28.526689,77.426455,19,17.9,12.2,1642.16,8538.38,54,0,11047,1,51,Heavy Rain,31.7,10.4,0
2026-09-14 02:06:54,R020,H05,ORD00071,Scooter,On_Delivery,Z03,28.611015,77.025713,309,11.4,23.9,4086.05,6517.22,60,0,11690,2,45,Clear,31.0,0,0
2026-09-14 02:20:36,R001,H03,ORD00317,Bike,Near_Destination,Z04,28.582444,77.37938,140,14.9,26.1,1679.45,7201.55,48,0,4665,2,29,Clear,30.7,0,1
2026-09-14 02:26:31,R001,H01,ORD00498,EV Scooter,Near_Destination,Z07,28.548644,77.170364,229,6.2,21.3,2285.19,7793.14,80,0,8171,2,38,Clear,32.9,0,0
2026-09-14 02:42:27,R015,H02,ORD00093,Bike,On_Delivery,Z01,28.478175,77.03894,164,9.9,21.0,4346.58,5789.48,55,0,15698,2,43,Light Rain,33.1,0.2,0
2026-09-14 02:56:08,R023,H01,ORD00309,Bike,On_Delivery,Z07,28.539419,77.176708,325,3.8,16.2,4747.23,6372.55,65,0,19424,2,42,Light Rain,32.1,2.6,1
2026-09-14 02:58:15,R005,H03,ORD00235,Scooter,Near_Destination,Z01,28.550281,77.400155,71,8.8,24.8,1780.23,8221.11,76,0,5906,2,37,Cloudy,31.4,0,1
2026-09-14 03:00:35,R022,H05,ORD00186,Scooter,On_Delivery,Z04,28.623058,77.042795,349,8.3,21.2,4138.83,5974.53,74,0,14252,2,47,Cloudy,31.7,0,0
2026-09-14 03:16:52,R002,H03,ORD00152,EV Scooter,Near_Destination,Z02,28.564086,77.412922,245,7.9,19.8,2096.72,7124.3,63,0,8629,2,34,Clear,29.2,0,0
2026-09-14 03:20:19,R010,H04,ORD00456,Bike,On_Delivery,Z06,28.748004,77.075719,288,13.0,29.7,4506.05,6423.27,77,0,11804,1,42,Clear,33.3,0,0
2026-09-14 03:33:55,R009,H03,ORD00461,Bike,Near_Destination,Z02,28.575155,77.415606,271,10.2,28.9,2002.16,7468.85,62,0,4589,1,41,Clear,29.6,0,0
2026-09-14 03:47:20,R016,H03,ORD00211,Scooter,On_Delivery,Z02,28.566084,77.406705,204,6.6,22.2,3874.73,6175.4,85,0,13282,1,23,Clear,28.7,0,0
2026-09-14 04:00:52,R019,H02,ORD00411,EV Scooter,On_Delivery,Z06,28.457923,77.051185,346,9.2,21.8,3986.77,6286.05,53,0,15093,2,30,Clear,32.2,0,0
2026-09-14 04:15:11,R025,H04,ORD00486,Bike,Near_Destination,Z05,28.766123,77.107403,240,16.7,24.5,1548.29,7471.03,86,0,4853,1,29,Light Rain,30.6,0.6,0
2026-09-14 04:20:27,R025,H04,ORD00206,EV Scooter,On_Delivery,Z06,28.748068,77.086491,237,13.7,14.6,3836.82,6699.23,84,0,21945,2,47,Light Rain,30.8,2.4,0
2026-09-14 04:21:41,R022,H01,ORD00204,EV Scooter,Near_Destination,Z03,28.545874,77.17766,151,15.2,23.9,2348.62,8076.26,52,0,6802,1,46,Clear,29.8,0,0
2026-09-14 04:26:38,R025,H02,ORD00149,EV Scooter,Near_Destination,Z03,28.47161,76.997633,110,4.1,23.7,2234.91,8635.25,77,0,7185,2,38,Cloudy,30.9,0,0
2026-09-14 04:31:15,R007,H03,ORD00378,Scooter,Near_Destination,Z05,28.539462,77.429872,356,16.7,22.7,1903.65,7705.88,76,0,5978,2,36,Clear,29.6,0,0
2026-09-14 04:45:05,R006,H05,ORD00179,EV Scooter,On_Delivery,Z05,28.595401,77.069581,47,8.8,21.7,4885.89,6225.2,58,0,14954,1,22,Clear,32.9,0,0
2026-09-14 04:47:09,R022,H04,ORD00329,Scooter,Near_Destination,Z05,28.748323,77.107867,264,11.8,19.0,2086.67,7853.49,56,0,8576,1,45,Light Rain,26.6,1.5,0
2026-09-14 04:58:07,R021,H05,ORD00442,Scooter,On_Delivery,Z03,28.595637,77.015884,150,17.9,18.1,3811.43,6509.88,57,0,14903,2,49,Clear,30.9,0,0
2026-09-14 05:05:39,R021,H02,ORD00249,Bike,Near_Destination,Z01,28.490297,77.048527,12,6.1,23.5,2160.84,8012.19,82,0,7224,1,31,Clear,28.6,0,0
2026-09-14 05:08:14,R003,H01,ORD00059,EV Scooter,On_Delivery,Z02,28.555971,77.232139,18,13.4,28.4,4625.61,6564.48,52,0,13401,2,20,Clear,32.2,0,0
2026-09-14 05:15:34,R004,H05,ORD00203,Bike,Near_Destination,Z03,28.598767,77.025705,333,16.1,23.7,1825.5,9031.55,56,0,6395,2,32,Cloudy,33.0,0,0
2026-09-14 05:16:45,R019,H04,ORD00185,Bike,Near_Destination,Z08,28.732894,77.025893,246,10.4,34.0,2058.5,8283.57,84,0,4687,1,24,Clear,31.2,0,0
2026-09-14 05:20:08,R021,H04,ORD00005,EV Scooter,Near_Destination,Z07,28.758474,77.038164,4,11.9,15.5,2128.63,7844.93,60,0,11242,2,46,Light Rain,30.5,0.8,0
2026-09-14 05:26:06,R010,H05,ORD00022,Bike,On_Delivery,Z01,28.607359,77.064222,63,15.2,26.6,4431.57,6706.51,54,0,13059,2,25,Clear,31.9,0,1
2026-09-14 05:27:58,R019,H05,ORD00232,Scooter,Near_Destination,Z03,28.5945,77.011168,69,7.2,28.6,1762.28,7978.51,59,0,4643,1,33,Cloudy,33.9,0,0
2026-09-14 05:49:19,R016,H04,ORD00135,Bike,Near_Destination,Z04,28.78325,77.046998,160,14.8,22.8,2320.23,8482.09,51,0,6964,2,48,Light Rain,32.7,0.6,0
2026-09-14 05:51:18,R017,H02,ORD00182,Scooter,Near_Destination,Z05,28.455725,77.05723,231,17.8,18.6,1439.83,7555.41,57,0,6040,2,44,Clear,33.1,0,0
2026-09-14 06:06:09,R018,H02,ORD00275,Bike,Near_Destination,Z06,28.447919,77.060867,195,9.5,25.1,1954.07,7092.23,75,0,6454,2,28,Clear,32.4,0,0
2026-09-14 06:18:46,R011,H02,ORD00392,Bike,On_Delivery,Z03,28.467638,77.012589,257,15.3,17.7,4243.23,6578.23,90,1,19282,1,49,Light Rain,28.5,1.9,0
2026-09-14 06:34:29,R007,H03,ORD00303,Scooter,Near_Destination,Z05,28.535365,77.441424,97,8.1,20.1,1636.27,8350.38,49,0,6270,2,42,Cloudy,29.9,0,0
2026-09-14 06:44:33,R020,H04,ORD00386,Scooter,Near_Destination,Z04,28.789502,77.043529,288,8.1,23.1,2194.7,8005.78,55,0,7000,2,49,Cloudy,32.0,0,0
2026-09-14 07:03:50,R012,H01,ORD00020,EV Scooter,On_Delivery,Z07,28.535426,77.189637,109,3.0,21.0,4382.93,6083.08,61,0,17347,1,35,Cloudy,30.9,0,0
2026-09-14 07:06:41,R023,H05,ORD00471,Bike,Near_Destination,Z06,28.579389,77.082688,199,17.6,31.2,2224.67,7160.34,75,0,4793,2,38,Clear,31.4,0,0
2026-09-14 07:07:35,R016,H03,ORD00250,EV Scooter,Near_Destination,Z02,28.571243,77.425003,171,12.6,21.4,1634.51,7610.38,92,0,6000,2,39,Clear,31.6,0,0
2026-09-14 07:27:33,R019,H02,ORD00489,EV Scooter,Near_Destination,Z06,28.459084,77.072368,302,8.3,25.9,2091.17,8363.54,57,0,6238,2,22,Clear,32.5,0,0
2026-09-14 07:46:49,R006,H04,ORD00328,Bike,Near_Destination,Z02,28.785421,77.085183,303,10.1,33.1,2092.53,7511.01,68,0,5186,2,28,Clear,28.4,0,0
2026-09-14 07:47:37,R016,H03,ORD00358,EV Scooter,On_Delivery,Z04,28.57224,77.374107,17,11.6,18.7,3795.57,6249.27,90,0,15218,1,44,Light Rain,28.9,0.5,0
2026-09-14 08:10:16,R015,H03,ORD00241,EV Scooter,Near_Destination,Z06,28.532807,77.430418,168,6.6,10.9,1814.76,8308.5,71,0,12853,1,66,Light Rain,30.3,0.5,0
2026-09-14 08:11:41,R025,H02,ORD00420,Scooter,On_Delivery,Z07,28.473217,76.999758,2,11.8,13.8,4600.12,5944.96,82,0,25248,1,80,Clear,29.8,0,0
2026-09-14 08:17:42,R015,H03,ORD00311,Scooter,Near_Destination,Z06,28.520297,77.434238,209,6.7,10.0,1927.94,7044.45,78,0,14979,2,81,Light Rain,27.8,2.6,0
2026-09-14 08:25:02,R022,H03,ORD00052,Bike,Near_Destination,Z02,28.580771,77.429725,61,15.1,14.8,1846.86,7669.03,80,0,9633,2,76,Cloudy,33.6,0,0
2026-09-14 08:25:41,R016,H04,ORD00469,Scooter,Near_Destination,Z02,28.793301,77.090662,63,10.3,17.0,2415.91,8014.68,60,0,9654,2,68,Clear,33.1,0,0
2026-09-14 08:29:05,R009,H01,ORD00183,Bike,On_Delivery,Z02,28.548161,77.221113,77,4.3,13.1,4664.87,6225.36,75,0,27013,2,74,Light Rain,32.0,2.3,0
2026-09-14 08:31:20,R003,H02,ORD00397,Bike,Near_Destination,Z04,28.506552,77.013885,271,14.7,11.4,1929.94,7187.67,82,0,13193,1,82,Light Rain,29.6,1.1,0
2026-09-14 09:05:00,R024,H04,ORD00184,Bike,Near_Destination,Z05,28.760343,77.106707,254,14.2,9.1,1466.81,7512.02,82,0,11337,2,95,Light Rain,31.5,0.2,0
2026-09-14 09:09:15,R019,H05,ORD00339,EV Scooter,On_Delivery,Z03,28.599276,77.022105,182,9.7,15.7,4591.74,5995.8,70,0,20794,2,61,Cloudy,30.0,0,1
2026-09-14 09:19:30,R004,H03,ORD00034,EV Scooter,Near_Destination,Z04,28.586262,77.390829,237,7.3,16.0,1882.97,8193.86,83,0,8244,2,70,Cloudy,28.9,0,0
2026-09-14 09:27:58,R021,H05,ORD00007,Bike,On_Delivery,Z02,28.610275,77.073151,204,17.5,16.8,4686.42,6248.12,81,0,21818,1,69,Cloudy,33.4,0,0
2026-09-14 09:30:00,R014,H05,ORD00257,EV Scooter,Near_Destination,Z03,28.611392,77.027739,253,10.2,13.7,2020.88,7725.62,76,0,11568,1,74,Light Rain,30.9,2.9,0
2026-09-14 09:46:05,R018,H05,ORD00025,EV Scooter,Near_Destination,Z07,28.608537,77.017137,26,5.1,14.7,1647.43,7642.73,82,0,8049,2,64,Cloudy,30.6,0,0
2026-09-14 09:58:59,R025,H05,ORD00207,Scooter,Near_Destination,Z07,28.613971,77.020019,317,9.0,16.9,1636.33,7796.7,52,0,8034,1,73,Clear,31.9,0,0
2026-09-14 10:10:36,R018,H01,ORD00401,Scooter,Near_Destination,Z04,28.57382,77.200583,319,16.9,18.6,2464.85,7818.95,63,0,9664,2,67,Clear,30.8,0,0
2026-09-14 10:15:17,R019,H05,ORD00216,Bike,Near_Destination,Z07,28.608543,77.010157,35,6.0,16.7,2069.5,7401.84,69,0,9447,1,89,Clear,28.7,0,0
2026-09-14 10:26:14,R012,H05,ORD00139,EV Scooter,Near_Destination,Z07,28.601306,77.01719,358,12.1,14.8,2078.81,7095.05,73,0,10481,1,66,Light Rain,26.9,1.9,0
2026-09-14 10:29:25,R008,H05,ORD00158,Scooter,Near_Destination,Z06,28.580439,77.09411,205,6.5,8.0,2422.84,8735.49,69,0,24118,1,76,Heavy Rain,28.3,4.4,0
2026-09-14 10:32:48,R008,H05,ORD00459,Scooter,Near_Destination,Z03,28.59457,77.025752,179,7.4,12.9,2371.27,7875.57,66,0,12493,2,75,Cloudy,31.9,0,0
2026-09-14 10:40:01,R024,H03,ORD00369,Scooter,On_Delivery,Z03,28.536852,77.366574,333,9.6,17.0,4895.33,6313.2,88,3,21360,2,62,Clear,29.1,0,0
2026-09-14 10:59:38,R020,H03,ORD00213,Bike,Near_Destination,Z08,28.519327,77.37485,304,8.8,10.8,1693.88,7146.72,47,0,11935,2,82,Light Rain,30.4,2.5,0
2026-09-14 11:19:40,R018,H05,ORD00253,Bike,Near_Destination,Z05,28.59485,77.094401,247,14.9,22.2,2002.23,8273.24,60,0,7357,2,64,Clear,30.7,0,0
2026-09-14 11:46:48,R001,H05,ORD00389,EV Scooter,Near_Destination,Z04,28.639985,77.036487,291,12.2,20.3,1779.6,7361.46,65,0,7073,2,40,Cloudy,29.5,0,0
2026-09-14 11:49:25,R023,H02,ORD00193,Bike,Near_Destination,Z06,28.451977,77.052249,170,14.3,20.1,1637.46,7445.91,57,0,6667,2,52,Light Rain,28.5,1.8,0
2026-09-14 12:01:43,R009,H04,ORD00336,Bike,Near_Destination,Z07,28.773128,77.013996,295,15.6,27.9,1887.67,8500.73,74,0,4838,1,39,Clear,28.9,0,0
2026-09-14 12:09:39,R024,H05,ORD00218,Bike,Near_Destination,Z01,28.621395,77.071509,51,5.4,27.4,2069.96,7947.08,86,0,6201,1,43,Clear,32.0,0,0
2026-09-14 12:14:11,R021,H05,ORD00436,Bike,On_Delivery,Z02,28.612421,77.059871,237,8.6,29.0,4384.34,6196.04,55,0,12693,2,35,Clear,33.1,0,0
2026-09-14 12:25:20,R016,H04,ORD00280,Scooter,Near_Destination,Z06,28.738233,77.095323,106,12.8,17.1,1568.2,7620.1,71,0,6178,1,63,Clear,28.4,0,0
2026-09-14 12:36:20,R023,H03,ORD00100,Bike,Near_Destination,Z06,28.537387,77.42227,116,10.8,17.7,1947.2,8367.4,62,0,8373,1,63,Cloudy,30.0,0,0
2026-09-14 12:57:07,R001,H04,ORD00113,Scooter,Near_Destination,Z08,28.739294,77.036076,20,6.0,16.4,2469.03,8595.26,61,0,11386,2,67,Clear,33.9,0,0
2026-09-14 13:09:52,R023,H04,ORD00354,EV Scooter,On_Delivery,Z06,28.738886,77.090955,299,5.9,19.6,3981.14,6613.58,52,0,15889,1,58,Clear,32.7,0,0
2026-09-14 13:10:01,R013,H04,ORD00497,Bike,On_Delivery,Z03,28.755765,77.039644,328,11.3,22.3,3988.69,7015.69,75,3,12886,1,52,Cloudy,28.8,0,0
2026-09-14 13:14:32,R015,H02,ORD00322,Bike,Near_Destination,Z06,28.456038,77.054252,10,9.2,21.2,1518.21,7688.4,50,0,5432,1,43,Clear,31.2,0,0
2026-09-14 13:26:52,R015,H05,ORD00176,Scooter,Near_Destination,Z05,28.59931,77.081782,95,4.8,26.1,2469.85,8445.79,82,0,7361,2,37,Cloudy,29.9,0,0
2026-09-14 13:29:06,R008,H05,ORD00088,EV Scooter,Near_Destination,Z07,28.608966,77.005564,73,5.2,22.2,2156.59,7533.8,49,0,6598,1,48,Clear,33.2,0,0
2026-09-14 13:52:05,R023,H05,ORD00221,Bike,On_Delivery,Z05,28.590549,77.078544,284,7.0,20.6,4421.81,6808.77,87,0,15221,1,65,Clear,30.2,0,0
2026-09-14 14:16:06,R017,H03,ORD00107,Bike,On_Delivery,Z07,28.544614,77.368911,99,11.2,26.8,4034.84,6756.89,87,0,12187,1,43,Clear,30.0,0,0
2026-09-14 14:19:06,R013,H04,ORD00412,Bike,Near_Destination,Z08,28.733783,77.04082,192,12.9,24.1,1961.43,6892.76,66,0,6051,2,53,Clear,31.9,0,0
2026-09-14 14:24:54,R001,H03,ORD00168,Scooter,Near_Destination,Z06,28.525176,77.434577,262,3.8,22.7,2028.13,7408.41,62,0,7069,1,55,Clear,30.1,0,0
2026-09-14 14:42:59,R023,H04,ORD00443,Bike,Near_Destination,Z05,28.761986,77.106194,122,14.1,29.0,1964.6,8090.47,57,0,4777,2,36,Clear,33.6,0,0
2026-09-14 14:53:29,R001,H04,ORD00318,Bike,On_Delivery,Z06,28.748176,77.079884,197,3.3,23.1,3913.16,6819.76,90,4,14118,1,60,Cloudy,30.6,0,0
2026-09-14 15:16:05,R004,H03,ORD00335,Scooter,Near_Destination,Z07,28.562622,77.348365,90,8.4,15.7,1657.43,7854.55,89,0,8710,1,63,Cloudy,30.7,0,0
2026-09-14 15:19:47,R014,H02,ORD00423,Scooter,Near_Destination,Z04,28.516304,77.010091,195,6.6,15.8,1648.52,8015.38,51,0,8254,2,58,Light Rain,29.2,2.7,0
2026-09-14 15:27:01,R010,H02,ORD00063,Scooter,Near_Destination,Z05,28.46669,77.073001,73,8.5,16.9,2456.04,8309.86,76,0,11662,1,52,Cloudy,30.8,0,0
2026-09-14 15:30:50,R024,H03,ORD00174,Bike,Near_Destination,Z03,28.554299,77.363246,119,13.8,22.9,1661.85,7560.04,79,0,4808,1,48,Cloudy,31.7,0,0
2026-09-14 15:33:21,R019,H01,ORD00155,Bike,Near_Destination,Z04,28.582585,77.196587,26,16.2,25.2,1667.56,8483.42,62,0,5156,1,40,Cloudy,30.6,0,0
2026-09-14 15:35:45,R017,H03,ORD00268,Bike,Near_Destination,Z05,28.555623,77.419384,152,14.8,16.2,1513.24,7293.13,64,0,6805,2,52,Light Rain,28.1,2.2,0
2026-09-14 15:37:36,R011,H04,ORD00236,Bike,Near_Destination,Z01,28.77635,77.079398,86,8.2,19.5,2140.91,6856.23,59,0,7453,1,56,Clear,28.7,0,0
2026-09-14 15:37:46,R021,H05,ORD00380,Scooter,Near_Destination,Z02,28.619507,77.061455,69,16.6,22.2,2317.98,8379.14,74,0,8293,1,52,Clear,32.9,0,0
2026-09-14 15:42:06,R014,H02,ORD00496,Scooter,Near_Destination,Z01,28.48161,77.04099,333,12.2,10.3,1736.04,8540.48,67,0,13627,1,49,Heavy Rain,26.1,5.9,0
2026-09-14 15:47:51,R022,H01,ORD00046,Scooter,Near_Destination,Z06,28.526808,77.251651,344,7.1,9.7,1822.86,8698.46,83,0,12917,2,59,Heavy Rain,26.8,5.8,0
2026-09-14 15:53:21,R018,H01,ORD00290,Scooter,Near_Destination,Z02,28.563797,77.239962,268,7.2,19.0,2297.01,7927.07,61,0,9985,1,65,Clear,29.8,0,0
2026-09-14 16:09:18,R020,H02,ORD00099,EV Scooter,Near_Destination,Z03,28.459261,76.997392,231,17.9,24.9,2324.29,7516.02,64,0,6466,1,39,Clear,30.4,0,1
2026-09-14 16:15:50,R013,H02,ORD00330,EV Scooter,Near_Destination,Z07,28.467967,77.003488,129,16.0,21.4,2012.17,8535.91,69,0,7363,2,54,Cloudy,29.7,0,0
2026-09-14 16:41:42,R023,H03,ORD00181,Bike,Near_Destination,Z08,28.511099,77.377881,89,6.0,16.7,1971.7,7038.07,58,0,7977,1,70,Cloudy,31.4,0,0
2026-09-14 16:54:19,R009,H04,ORD00404,Scooter,On_Delivery,Z06,28.744681,77.0854,80,3.2,16.4,4575.13,6109.54,76,0,21574,1,60,Clear,29.9,0,0
2026-09-14 16:57:04,R011,H04,ORD00462,Scooter,Near_Destination,Z06,28.746854,77.094259,211,14.3,22.4,2009.42,8215.37,83,0,6969,1,53,Cloudy,33.8,0,0
2026-09-14 16:57:09,R008,H04,ORD00406,Bike,Near_Destination,Z04,28.792811,77.053994,131,11.3,19.9,2013.68,7728.0,86,0,6811,2,55,Light Rain,29.0,2.7,0
2026-09-14 16:58:56,R020,H01,ORD00215,Bike,Near_Destination,Z05,28.536267,77.252426,287,16.8,24.4,1827.57,7705.74,74,0,5293,2,48,Cloudy,29.4,0,0
2026-09-14 17:07:27,R003,H04,ORD00256,Bike,Near_Destination,Z03,28.763238,77.023531,171,11.2,8.4,1943.83,7087.91,63,0,18185,1,100,Heavy Rain,30.6,9.7,0
2026-09-14 17:19:01,R023,H02,ORD00325,Bike,Near_Destination,Z03,28.46249,76.98513,267,10.9,14.9,1594.03,8340.01,62,0,7137,1,95,Cloudy,29.0,0,0
2026-09-14 17:19:48,R012,H05,ORD00464,Scooter,Near_Destination,Z06,28.590078,77.072392,81,10.6,10.2,1742.8,7076.45,63,0,12514,2,89,Clear,30.8,0,1
2026-09-14 17:23:27,R009,H03,ORD00080,EV Scooter,Near_Destination,Z07,28.542435,77.353319,114,15.7,12.8,2218.88,8161.95,68,0,11773,1,82,Light Rain,32.5,2.7,0
2026-09-14 17:24:55,R024,H02,ORD00180,EV Scooter,Near_Destination,Z04,28.502366,77.003685,70,12.8,10.3,2116.37,6862.47,86,0,16108,2,93,Light Rain,30.3,2.9,0
2026-09-14 17:38:31,R009,H04,ORD00326,Bike,Near_Destination,Z02,28.776304,77.081234,1,13.6,16.9,2131.18,6786.98,54,0,10016,1,69,Cloudy,32.0,0,0
2026-09-14 17:40:33,R001,H04,ORD00127,Bike,Near_Destination,Z07,28.766823,77.030815,6,3.5,11.5,1835.79,8205.74,63,0,12972,1,82,Light Rain,29.9,1.2,0
2026-09-14 17:41:07,R019,H05,ORD00055,Scooter,Near_Destination,Z04,28.639737,77.026755,149,10.6,7,2601.5,8289.68,58,0,24906,1,100,Heavy Rain,27.7,8.9,0
2026-09-14 17:49:35,R019,H05,ORD00316,Bike,Near_Destination,Z03,28.608712,77.008594,62,12.1,18.3,1634.81,7965.84,86,0,7202,1,77,Clear,32.0,0,0
2026-09-14 17:56:05,R020,H03,ORD00089,Bike,Near_Destination,Z08,28.510691,77.371553,56,7.0,15.1,2149.23,7516.56,60,0,10700,2,85,Clear,31.1,0,0
2026-09-14 17:56:30,R018,H04,ORD00279,Scooter,Near_Destination,Z06,28.748405,77.083561,228,7.5,17.3,2533.32,8579.85,52,0,11992,2,67,Clear,30.8,0,0
2026-09-14 18:09:41,R018,H01,ORD00166,Scooter,On_Delivery,Z07,28.529664,77.184621,305,6.3,13.5,4133.4,6514.25,75,0,23981,2,80,Clear,30.0,0,0
2026-09-14 18:19:27,R007,H05,ORD00150,Bike,On_Delivery,Z01,28.61046,77.050686,327,9.8,19.6,4779.85,6335.44,73,0,17291,2,76,Cloudy,30.9,0,0
2026-09-14 18:28:48,R011,H04,ORD00032,EV Scooter,Near_Destination,Z07,28.770065,77.018618,334,14.1,14.7,1406.67,7299.13,53,0,7953,1,74,Clear,33.0,0,0
2026-09-14 18:30:01,R014,H01,ORD00340,EV Scooter,Near_Destination,Z04,28.558374,77.201673,144,10.1,9.8,1889.22,7621.71,91,0,16084,2,92,Clear,31.7,0,0
2026-09-14 19:09:20,R012,H03,ORD00110,Scooter,Near_Destination,Z05,28.533347,77.442341,85,16.8,13.2,1788.64,8852.29,52,0,9837,2,85,Clear,29.3,0,0
2026-09-14 19:10:45,R024,H03,ORD00106,EV Scooter,On_Delivery,Z04,28.561968,77.388619,196,11.1,12.9,4156.74,6826.24,53,4,24138,2,79,Clear,31.0,0,0
2026-09-14 19:19:34,R014,H05,ORD00313,EV Scooter,Near_Destination,Z06,28.589675,77.073261,251,16.4,15.0,2050.01,7313.95,77,0,9188,1,81,Cloudy,30.5,0,0
2026-09-14 19:27:52,R011,H05,ORD00242,Scooter,Near_Destination,Z05,28.592405,77.084516,142,5.8,11.9,1911.64,7044.47,85,0,12620,1,90,Clear,33.0,0,1
2026-09-14 19:28:50,R006,H03,ORD00104,Scooter,Near_Destination,Z02,28.569901,77.417521,11,10.4,12.2,1606.13,7723.51,60,0,10467,2,78,Clear,30.4,0,0
2026-09-14 19:40:37,R012,H01,ORD00031,Scooter,On_Delivery,Z07,28.541161,77.176914,196,16.1,12.3,4089.78,6792.9,85,2,27815,1,87,Clear,28.9,0,0
2026-09-14 20:12:00,R013,H05,ORD00408,EV Scooter,Near_Destination,Z07,28.613032,77.007547,68,10.8,14.9,1696.07,7432.42,68,0,8627,2,69,Cloudy,28.4,0,0
2026-09-14 20:21:06,R015,H04,ORD00044,EV Scooter,Near_Destination,Z03,28.763582,77.022676,296,14.0,10.6,2298.28,8346.27,57,0,15957,1,90,Light Rain,31.2,1.9,0
2026-09-14 20:23:09,R010,H02,ORD00233,EV Scooter,Near_Destination,Z06,28.452976,77.071325,47,8.0,7.7,1762.45,8347.72,82,0,16574,1,95,Light Rain,32.5,1.3,0
2026-09-14 20:25:50,R018,H04,ORD00320,Scooter,Near_Destination,Z05,28.753716,77.102623,198,11.3,9.6,1716.36,8589.65,61,0,12294,1,100,Light Rain,29.0,2.8,0
2026-09-14 20:47:05,R018,H02,ORD00161,Scooter,Near_Destination,Z02,28.491781,77.068437,277,16.7,13.2,1652.11,8101.83,81,0,9691,2,93,Clear,29.1,0,0
2026-09-14 20:49:21,R004,H01,ORD00151,Scooter,Near_Destination,Z03,28.544669,77.168855,178,16.8,11.9,2489.22,8763.11,81,0,16680,2,94,Cloudy,31.9,0,0
2026-09-14 20:59:01,R015,H03,ORD00422,Scooter,Near_Destination,Z03,28.547947,77.372294,119,5.1,13.5,2445.81,8668.13,85,0,14526,2,86,Clear,29.1,0,0
2026-09-14 21:22:27,R016,H05,ORD00450,Scooter,Near_Destination,Z07,28.601735,77.023937,301,17.3,28.7,2384.07,7933.56,81,0,6819,2,36,Clear,33.0,0,0
2026-09-14 21:58:29,R003,H01,ORD00008,Scooter,Near_Destination,Z08,28.519822,77.188743,261,14.1,23.3,1849.27,7986.75,73,0,5412,1,38,Cloudy,32.2,0,0
2026-09-14 22:10:25,R020,H02,ORD00382,EV Scooter,Near_Destination,Z01,28.476672,77.03969,100,15.1,23.1,2166.32,8647.81,74,0,7423,1,41,Clear,29.5,0,0
2026-09-14 22:29:49,R003,H03,ORD00345,EV Scooter,Near_Destination,Z05,28.551421,77.441645,36,17.5,21.2,2166.4,7784.15,66,0,7089,1,41,Clear,29.7,0,0
2026-09-14 22:33:36,R005,H01,ORD00475,Scooter,Near_Destination,Z06,28.521446,77.236456,327,17.8,23.1,2244.33,7549.39,71,0,6844,1,21,Clear,31.4,0,0
2026-09-14 22:37:46,R025,H03,ORD00246,EV Scooter,On_Delivery,Z07,28.546769,77.364147,219,8.1,17.0,3858.18,6729.54,54,0,17017,2,49,Clear,29.1,0,0
2026-09-14 22:46:50,R006,H01,ORD00449,Bike,Near_Destination,Z02,28.548872,77.22992,35,7.7,22.7,2511.34,8127.48,57,0,8029,2,42,Cloudy,30.0,0,0
2026-09-14 22:57:17,R013,H04,ORD00006,EV Scooter,Near_Destination,Z02,28.781505,77.075897,177,7.3,17.8,1395.5,7300.05,56,0,6297,1,52,Light Rain,29.8,1.5,0
2026-09-14 23:45:22,R015,H04,ORD00226,EV Scooter,Near_Destination,Z05,28.754388,77.089706,230,12.3,18.4,2110.63,9010.98,48,0,8890,1,39,Cloudy,33.2,0,0
2026-09-14 23:49:05,R005,H04,ORD00024,Scooter,Near_Destination,Z04,28.785745,77.043563,69,5.5,10.9,1914.08,8113.59,67,0,13866,2,52,Heavy Rain,26.2,4.4,0
2026-09-14 23:53:32,R022,H02,ORD00252,EV Scooter,Near_Destination,Z04,28.497539,77.021587,260,5.4,16.7,2224.9,7257.19,67,0,10180,1,34,Light Rain,29.2,0.4,0
2026-09-15 00:03:00,R008,H02,ORD00238,EV Scooter,Near_Destination,Z02,28.496977,77.057626,323,7.5,23.4,2507.23,7954.58,59,0,8692,1,22,Clear,33.5,0,0
2026-09-15 00:11:36,R015,H03,ORD00192,Bike,Near_Destination,Z05,28.543672,77.424001,304,3.7,27.6,1599.02,7682.46,52,0,4825,1,41,Cloudy,32.6,0,0
2026-09-15 00:41:29,R023,H01,ORD00142,EV Scooter,Near_Destination,Z05,28.528341,77.251854,351,12.3,24.1,2419.23,8196.29,80,0,7516,2,48,Cloudy,28.9,0,0
2026-09-15 00:48:44,R024,H04,ORD00212,EV Scooter,Near_Destination,Z01,28.771351,77.08173,122,9.5,19.3,1802.7,8964.68,52,0,6562,1,32,Clear,30.2,0,0
2026-09-15 00:52:00,R021,H03,ORD00433,Scooter,On_Delivery,Z01,28.559645,77.410379,275,17.0,24.3,4146.15,7115.11,88,0,11428,2,41,Clear,32.5,0,0
2026-09-15 00:54:28,R024,H04,ORD00248,Scooter,Near_Destination,Z04,28.784281,77.032585,188,15.5,22.8,1720.53,8912.79,59,0,6086,1,38,Clear,29.8,0,0
2026-09-15 01:02:35,R019,H04,ORD00037,Bike,Near_Destination,Z05,28.747211,77.085399,16,9.0,26.7,2079.33,7752.97,85,0,6179,1,46,Clear,33.7,0,0
2026-09-15 01:12:10,R003,H01,ORD00371,Bike,On_Delivery,Z02,28.559493,77.234246,23,14.3,12.3,4371.33,6583.26,79,0,24423,1,61,Heavy Rain,31.7,7.8,0
2026-09-15 01:25:57,R021,H05,ORD00429,Bike,Near_Destination,Z07,28.620179,77.012882,50,6.1,29.3,2085.41,8673.46,60,0,5140,2,34,Clear,33.0,0,0
2026-09-15 01:32:26,R024,H01,ORD00468,EV Scooter,Near_Destination,Z02,28.564973,77.243224,122,11.4,18.4,1733.27,8909.22,62,0,6891,2,44,Clear,29.8,0,0
2026-09-15 01:40:58,R011,H03,ORD00065,Scooter,Near_Destination,Z04,28.573843,77.370928,18,6.1,19.4,1727.34,7399.77,72,0,5985,2,35,Clear,28.0,0,0
2026-09-15 01:42:58,R004,H04,ORD00495,Bike,Near_Destination,Z07,28.771811,77.024017,14,15.4,22.2,1939.98,7418.32,70,0,6149,1,37,Clear,30.9,0,0
2026-09-15 01:57:04,R013,H05,ORD00154,Bike,Near_Destination,Z06,28.589828,77.094188,78,12.4,21.6,2138.07,9041.95,62,0,6891,1,44,Light Rain,27.5,1.1,0
2026-09-15 02:09:50,R022,H01,ORD00201,EV Scooter,Near_Destination,Z07,28.537553,77.173527,35,9.0,18.8,1690.76,7764.74,77,0,6238,1,34,Cloudy,31.5,0,0
2026-09-15 02:12:52,R002,H01,ORD00416,EV Scooter,Near_Destination,Z01,28.540062,77.213919,53,13.6,24.2,1974.9,8451.06,57,0,6368,2,24,Clear,29.2,0,0
2026-09-15 02:14:44,R004,H05,ORD00440,Bike,Near_Destination,Z07,28.604634,77.003757,179,17.4,33.9,1553.85,7693.05,59,0,3029,2,24,Clear,30.7,0,0
2026-09-15 02:31:00,R010,H04,ORD00437,Bike,Near_Destination,Z01,28.758987,77.059643,177,13.9,20.6,2211.81,8634.07,66,0,7277,1,48,Cloudy,31.2,0,0
2026-09-15 02:42:08,R005,H05,ORD00368,Bike,Near_Destination,Z05,28.603974,77.094784,208,15.6,16.2,1547.27,7417.43,87,0,6739,1,46,Heavy Rain,30.2,3.9,0
2026-09-15 03:04:11,R008,H03,ORD00357,EV Scooter,On_Delivery,Z03,28.551278,77.37521,247,17.6,26.6,4444.29,6643.1,70,0,12522,2,36,Clear,30.8,0,0
2026-09-15 03:25:04,R002,H02,ORD00240,Bike,On_Delivery,Z05,28.47012,77.05434,260,12.7,32.3,4006.94,6820.21,70,0,8199,2,29,Cloudy,33.2,0,0
2026-09-15 03:26:27,R014,H02,ORD00441,EV Scooter,Near_Destination,Z07,28.478088,77.005819,115,15.5,10.4,1974.97,8323.41,58,0,13384,2,50,Heavy Rain,30.5,8.7,0
2026-09-15 03:28:18,R001,H01,ORD00171,EV Scooter,On_Delivery,Z05,28.531836,77.23766,62,4.8,28.8,4338.22,6591.41,73,0,11012,1,20,Cloudy,32.7,0,0
2026-09-15 03:30:01,R004,H03,ORD00432,Scooter,Near_Destination,Z06,28.523388,77.432042,328,5.0,21.1,1762.78,8666.89,89,0,6776,2,43,Light Rain,29.8,0.3,0
2026-09-15 03:47:39,R017,H02,ORD00434,Scooter,Near_Destination,Z03,28.482094,76.996915,306,13.9,23.5,1870.47,8207.21,51,0,5397,2,33,Clear,28.5,0,0
2026-09-15 03:58:06,R019,H04,ORD00476,Scooter,Near_Destination,Z02,28.788989,77.096269,265,3.5,11.2,2027.21,8996.37,49,0,13751,2,60,Heavy Rain,29.3,5.0,0
2026-09-15 03:59:53,R002,H01,ORD00086,Bike,Near_Destination,Z02,28.559999,77.240661,78,7.2,35.4,2062.9,8406.91,54,0,4117,2,21,Cloudy,33.9,0,0
2026-09-15 04:05:22,R023,H01,ORD00435,Bike,Near_Destination,Z07,28.545377,77.18545,256,14.5,17.4,2274.64,8056.02,62,0,8809,1,42,Heavy Rain,25.9,5.2,0
2026-09-15 04:21:00,R004,H05,ORD00165,EV Scooter,Near_Destination,Z03,28.598041,77.023569,151,7.5,18.7,1539.93,7532.09,69,0,5617,2,44,Clear,28.8,0,0
2026-09-15 04:22:31,R009,H02,ORD00405,Scooter,On_Delivery,Z06,28.44992,77.052499,221,8.2,24.6,4216.83,7032.54,69,0,11738,1,50,Clear,30.6,0,0
2026-09-15 04:49:23,R022,H05,ORD00245,Scooter,Near_Destination,Z06,28.577297,77.092112,143,13.5,25.3,2342.77,7489.84,60,0,6739,1,23,Cloudy,31.1,0,0
2026-09-15 05:11:09,R009,H02,ORD00120,Scooter,Near_Destination,Z03,28.459942,76.99338,304,9.0,19.1,2045.84,7285.69,63,0,7803,1,41,Clear,33.6,0,0
2026-09-15 06:17:44,R017,H03,ORD00402,Scooter,Near_Destination,Z08,28.523954,77.377335,50,13.0,25.1,1998.67,8399.32,66,0,5423,2,42,Clear,31.3,0,0
2026-09-15 06:30:15,R010,H03,ORD00247,EV Scooter,Near_Destination,Z01,28.552372,77.398329,306,12.9,29.0,2132.64,7545.9,56,0,5043,2,24,Clear,30.3,0,0
2026-09-15 06:31:31,R004,H02,ORD00054,EV Scooter,Near_Destination,Z06,28.455148,77.065727,211,8.7,21.3,1808.14,6961.88,66,0,6657,1,29,Clear,32.9,0,0
2026-09-15 06:44:12,R022,H01,ORD00013,EV Scooter,Near_Destination,Z02,28.559377,77.228552,187,14.7,24.7,2161.26,7226.96,74,0,6474,2,26,Clear,33.2,0,0
2026-09-15 06:54:16,R015,H01,ORD00388,Bike,Near_Destination,Z02,28.56051,77.22965,32,11.4,27.0,2376.16,8174.96,74,0,6077,1,37,Clear,31.2,0,0
2026-09-15 07:17:49,R015,H02,ORD00477,Scooter,Near_Destination,Z05,28.47209,77.063746,299,6.0,26.7,1652.22,7129.29,86,0,4858,2,22,Clear,31.5,0,0
2026-09-15 07:43:34,R015,H05,ORD00262,Bike,Near_Destination,Z03,28.595839,77.019429,345,8.7,26.0,2320.06,8183.64,78,0,6129,1,32,Clear,32.8,0,0
2026-09-15 07:46:42,R016,H04,ORD00364,EV Scooter,Near_Destination,Z07,28.767556,77.025098,302,15.4,19.8,1782.8,7576.58,67,0,6772,2,30,Cloudy,29.7,0,0
2026-09-15 08:01:18,R021,H03,ORD00308,Bike,Near_Destination,Z04,28.588244,77.378483,235,5.8,7,2349.22,8401.09,67,0,27854,1,96,Heavy Rain,27.6,5.3,0
2026-09-15 08:02:51,R010,H02,ORD00363,Scooter,Near_Destination,Z02,28.504054,77.05699,49,16.8,7.8,1748.67,7474.65,85,0,14890,2,95,Heavy Rain,30.9,8.9,0
2026-09-15 08:08:05,R016,H05,ORD00227,Bike,Near_Destination,Z06,28.584337,77.077429,199,3.4,12.4,2239.49,7381.88,62,0,12724,2,87,Light Rain,32.7,2.4,0
2026-09-15 08:16:31,R009,H04,ORD00487,Scooter,Near_Destination,Z08,28.733878,77.043589,197,7.0,18.0,1805.57,7445.18,60,0,7695,2,65,Clear,32.5,0,0
2026-09-15 08:21:48,R004,H03,ORD00095,EV Scooter,Near_Destination,Z05,28.537278,77.438092,236,16.1,7,1948.74,7492.11,55,0,23188,2,100,Heavy Rain,26.8,6.5,0
2026-09-15 08:43:07,R023,H05,ORD00222,Bike,Near_Destination,Z01,28.606559,77.06531,202,13.4,21.0,1471.31,7694.24,54,0,5028,2,60,Clear,28.6,0,0
2026-09-15 08:55:44,R009,H02,ORD00341,EV Scooter,Near_Destination,Z03,28.466679,76.994583,142,15.6,9.2,1634.74,7231.93,61,0,13656,2,86,Light Rain,31.7,0.8,0
2026-09-15 08:58:29,R020,H04,ORD00448,Scooter,Near_Destination,Z01,28.780563,77.078397,220,3.8,15.5,1639.25,7419.34,79,0,7554,1,69,Cloudy,32.1,0,0
2026-09-15 09:01:04,R010,H01,ORD00454,Bike,On_Delivery,Z05,28.530462,77.245459,124,15.5,7.9,4224.08,6887.59,58,0,41936,1,100,Heavy Rain,30.3,10.4,0
2026-09-15 09:30:40,R010,H01,ORD00030,Bike,Near_Destination,Z01,28.541692,77.222097,173,8.8,9.9,1683.52,7984.07,64,0,11870,1,88,Light Rain,29.8,1.2,0
2026-09-15 09:43:13,R023,H03,ORD00446,Scooter,Near_Destination,Z04,28.580921,77.372726,141,12.6,7,2307.75,8287.7,69,0,23975,2,100,Heavy Rain,30.1,11.5,0
2026-09-15 09:47:37,R017,H01,ORD00134,EV Scooter,Near_Destination,Z07,28.546195,77.172932,162,15.0,13.7,2124.76,8281.77,84,0,11764,2,77,Light Rain,32.2,1.9,0
2026-09-15 09:53:27,R004,H04,ORD00060,Bike,Near_Destination,Z04,28.8013,77.039767,40,5.6,16.0,2048.84,7088.96,89,0,9471,1,75,Cloudy,29.6,0,0
2026-09-15 09:56:29,R013,H04,ORD00178,Bike,Near_Destination,Z07,28.754639,77.012374,223,7.1,15.0,2047.4,8490.03,72,0,9693,1,79,Light Rain,30.4,1.8,0
2026-09-15 10:03:30,R016,H03,ORD00210,Bike,Near_Destination,Z06,28.520731,77.418375,307,6.1,17.9,1804.68,7343.81,54,0,7167,1,79,Clear,32.3,0,0
2026-09-15 10:06:57,R019,H03,ORD00064,Bike,Near_Destination,Z07,28.542392,77.367743,17,12.7,11.7,2140.03,7219.0,77,0,13147,2,91,Light Rain,30.3,2.7,0
2026-09-15 10:13:05,R009,H03,ORD00170,EV Scooter,Near_Destination,Z04,28.571438,77.386674,274,4.7,17.7,2136.27,8099.71,59,0,9058,1,66,Clear,31.5,0,0
2026-09-15 10:43:27,R014,H03,ORD00490,Bike,Near_Destination,Z08,28.512455,77.381816,179,14.3,7,1596.33,8374.31,83,0,16349,2,94,Heavy Rain,29.0,5.9,0
2026-09-15 11:03:12,R012,H01,ORD00047,EV Scooter,Near_Destination,Z05,28.534672,77.238078,53,18.0,15.1,2430.17,8621.09,83,0,12334,2,66,Clear,31.4,0,0
2026-09-15 11:07:05,R004,H05,ORD00488,EV Scooter,Near_Destination,Z08,28.58788,77.023753,343,12.5,20.4,1811.37,8667.59,58,0,7026,2,58,Clear,30.2,0,0
2026-09-15 11:08:31,R023,H05,ORD00493,Scooter,Near_Destination,Z02,28.626225,77.084951,80,10.6,23.5,1743.54,8124.53,83,0,5620,1,55,Cloudy,31.6,0,0
2026-09-15 11:21:15,R014,H03,ORD00167,Scooter,Near_Destination,Z06,28.529329,77.431914,152,9.6,15.9,1699.19,7148.14,69,0,7466,2,65,Clear,28.7,0,0
2026-09-15 11:51:17,R023,H01,ORD00294,Scooter,Near_Destination,Z08,28.51995,77.19244,355,6.7,18.4,2066.67,7332.82,77,0,8606,2,50,Light Rain,27.9,1.0,0
2026-09-15 12:01:21,R010,H01,ORD00394,EV Scooter,Near_Destination,Z01,28.553006,77.231307,97,7.3,19.5,1766.73,8534.64,51,0,6140,2,54,Clear,32.3,0,0
2026-09-15 12:16:52,R002,H02,ORD00385,Bike,Near_Destination,Z01,28.480156,77.031536,121,16.8,19.9,2062.72,6874.95,65,0,7601,1,67,Clear,30.7,0,0
2026-09-15 12:47:07,R004,H03,ORD00124,Bike,Near_Destination,Z02,28.561167,77.408939,285,12.2,16.0,2133.1,7176.49,70,0,10875,2,52,Heavy Rain,29.9,10.1,0
2026-09-15 13:17:13,R001,H02,ORD00018,Bike,Near_Destination,Z07,28.484726,77.002261,288,10.8,16.3,1725.09,7545.22,58,0,7551,2,76,Light Rain,28.8,2.3,0
2026-09-15 13:33:11,R018,H01,ORD00004,Bike,Near_Destination,Z03,28.544502,77.176077,43,8.3,21.1,1961.76,6924.85,77,0,6581,1,65,Clear,28.9,0,0
2026-09-15 13:33:54,R025,H05,ORD00239,Scooter,Near_Destination,Z06,28.589489,77.090218,314,7.1,19.2,1811.86,8939.36,50,0,7021,2,66,Clear,30.6,0,0
2026-09-15 13:33:57,R019,H02,ORD00384,Scooter,Near_Destination,Z05,28.478124,77.068836,168,12.6,14.0,1616.84,7204.16,83,0,9579,2,78,Light Rain,28.1,1.2,0
2026-09-15 13:38:06,R024,H01,ORD00188,Scooter,Near_Destination,Z08,28.511092,77.185178,196,3.7,17.4,2126.13,7462.34,81,0,9617,1,59,Light Rain,28.7,1.2,0
2026-09-15 13:38:50,R011,H03,ORD00014,EV Scooter,Near_Destination,Z08,28.53095,77.381961,318,9.5,22.0,2608.43,8374.62,62,0,8287,2,56,Cloudy,32.7,0,1
2026-09-15 13:53:03,R007,H05,ORD00390,EV Scooter,Near_Destination,Z05,28.603094,77.095603,167,11.8,19.0,1911.37,7614.76,67,0,8320,2,55,Cloudy,32.1,0,0
2026-09-15 14:33:59,R024,H05,ORD00391,EV Scooter,Near_Destination,Z01,28.62111,77.067755,120,6.4,19.9,2399.23,8815.49,50,0,8845,2,57,Clear,28.3,0,0
2026-09-15 14:35:24,R001,H03,ORD00344,Bike,Near_Destination,Z05,28.548624,77.442854,240,6.3,23.6,1804.35,8692.72,62,0,5776,1,38,Clear,32.7,0,0
2026-09-15 14:44:15,R007,H03,ORD00361,Bike,Near_Destination,Z03,28.550196,77.362473,185,14.7,18.4,2282.02,7487.92,83,0,9124,1,67,Clear,28.8,0,0
2026-09-15 14:55:50,R001,H03,ORD00452,Scooter,Near_Destination,Z08,28.523283,77.376209,106,11.8,16.8,2209.43,8442.86,78,0,10724,2,55,Cloudy,33.9,0,0
2026-09-15 15:08:57,R016,H05,ORD00199,Scooter,Near_Destination,Z08,28.58069,77.033613,141,6.2,20.9,2570.91,8322.43,75,0,10236,1,41,Cloudy,30.4,0,0
2026-09-15 15:09:06,R010,H05,ORD00466,Bike,Near_Destination,Z05,28.591194,77.097942,212,14.2,27.0,1862.69,9198.78,82,0,4652,1,35,Clear,29.1,0,0
2026-09-15 15:16:35,R002,H04,ORD00457,Bike,Near_Destination,Z06,28.747838,77.099518,295,12.3,22.0,1630.69,7885.08,58,0,5103,2,70,Clear,33.1,0,0
2026-09-15 15:19:57,R016,H03,ORD00288,EV Scooter,Near_Destination,Z04,28.586561,77.373747,336,14.0,10.9,1923.8,7934.94,49,0,12701,2,73,Light Rain,27.0,2.6,0
2026-09-15 16:50:44,R024,H05,ORD00092,Scooter,Near_Destination,Z05,28.606168,77.095109,10,5.9,16.0,1549.5,8121.45,77,0,6942,2,62,Clear,30.3,0,0
2026-09-15 17:30:40,R004,H04,ORD00053,Scooter,Near_Destination,Z02,28.793105,77.08722,300,14.2,9.5,2227.6,8840.05,54,0,19472,1,94,Light Rain,30.6,1.6,0
2026-09-15 17:36:56,R012,H05,ORD00360,EV Scooter,Near_Destination,Z05,28.597255,77.093445,328,12.4,8.7,1544.6,7958.36,63,0,12041,1,90,Light Rain,29.9,2.0,0
2026-09-15 17:44:29,R016,H05,ORD00297,EV Scooter,Near_Destination,Z04,28.641775,77.024049,351,8.1,12.5,2088.26,6905.29,73,0,11590,1,75,Clear,29.2,0,0
2026-09-15 17:52:58,R002,H03,ORD00289,Bike,Near_Destination,Z02,28.573497,77.417555,176,13.3,17.3,1839.57,7640.9,92,0,7173,2,67,Clear,31.6,0,0
2026-09-15 18:01:51,R022,H04,ORD00251,Scooter,Near_Destination,Z06,28.747432,77.086228,158,9.9,16.7,1613.79,7963.0,55,0,7274,2,71,Cloudy,31.0,0,0
2026-09-15 18:05:20,R003,H04,ORD00126,EV Scooter,Near_Destination,Z06,28.734045,77.094363,263,5.6,16.5,2286.71,8835.8,68,0,9568,1,66,Cloudy,28.7,0,0
2026-09-15 18:11:58,R025,H02,ORD00144,Scooter,Near_Destination,Z05,28.463042,77.07876,212,15.2,13.9,1604.23,7567.56,64,0,9264,2,85,Clear,32.7,0,0
2026-09-15 18:54:24,R025,H03,ORD00258,Scooter,Near_Destination,Z03,28.55214,77.358195,285,8.5,15.8,1995.37,8495.46,73,0,8392,1,84,Cloudy,29.9,0,0
2026-09-15 19:26:40,R001,H02,ORD00019,Scooter,Near_Destination,Z04,28.503236,77.026233,342,4.7,11.6,2081.15,6919.17,68,0,14633,2,93,Cloudy,32.8,0,0
2026-09-15 19:38:21,R011,H04,ORD00122,Bike,Near_Destination,Z04,28.783279,77.05073,0,8.1,14.2,1988.08,9083.84,66,0,10438,1,87,Cloudy,28.3,0,0
2026-09-15 20:26:17,R006,H03,ORD00175,Scooter,Near_Destination,Z05,28.547434,77.424829,355,12.7,9.5,1540.28,7775.8,61,0,11546,1,84,Heavy Rain,27.8,7.8,0
2026-09-15 20:38:35,R012,H02,ORD00077,Scooter,Near_Destination,Z01,28.490434,77.031984,127,5.4,15.7,1588.59,7632.57,81,0,7507,1,83,Clear,28.4,0,0
2026-09-15 20:39:51,R017,H04,ORD00286,EV Scooter,Near_Destination,Z08,28.735642,77.031023,136,11.4,13.6,1912.39,8759.75,53,0,11711,2,71,Clear,32.4,0,0
2026-09-15 20:44:38,R014,H05,ORD00017,Bike,Near_Destination,Z03,28.596108,77.025302,146,8.1,16.6,1901.02,9038.59,83,0,7843,1,89,Cloudy,28.5,0,0
2026-09-15 21:07:12,R001,H01,ORD00137,Bike,Near_Destination,Z02,28.549783,77.241366,37,10.4,26.1,2501.26,7992.39,65,0,7417,2,30,Cloudy,29.9,0,0
2026-09-15 21:11:40,R004,H04,ORD00349,Bike,Near_Destination,Z08,28.741221,77.040121,111,5.9,26.2,2366.14,8839.14,89,0,6795,2,41,Clear,33.8,0,0
2026-09-15 21:14:48,R017,H03,ORD00421,EV Scooter,Near_Destination,Z01,28.564008,77.411613,110,9.8,24.4,2136.98,7239.8,86,0,6628,1,34,Clear,28.4,0,0
2026-09-15 21:47:03,R022,H01,ORD00105,EV Scooter,Near_Destination,Z01,28.538967,77.210885,19,15.8,22.6,1941.1,7899.26,86,0,7142,1,39,Clear,33.7,0,0
2026-09-15 22:13:41,R001,H02,ORD00424,Scooter,Near_Destination,Z08,28.440175,77.001677,36,8.5,21.1,2320.16,7815.49,71,0,8155,2,50,Clear,28.7,0,0
2026-09-15 22:14:53,R001,H04,ORD00070,EV Scooter,Near_Destination,Z06,28.736107,77.099441,345,14.7,9.1,2020.59,7959.71,78,0,14696,2,64,Heavy Rain,27.1,5.5,0
2026-09-15 22:29:51,R004,H03,ORD00083,EV Scooter,Near_Destination,Z04,28.570382,77.376799,103,6.2,22.2,1884.21,8681.6,55,0,6780,2,31,Cloudy,32.1,0,0
2026-09-15 22:43:14,R002,H04,ORD00209,Scooter,Near_Destination,Z08,28.732099,77.041111,48,7.8,19.0,2560.41,8241.34,68,0,10694,2,36,Clear,29.6,0,0
2026-09-15 22:52:06,R003,H05,ORD00076,Bike,Near_Destination,Z06,28.579716,77.073631,40,10.9,29.4,1506.14,7810.17,51,0,4022,2,42,Clear,30.7,0,0
2026-09-15 23:37:42,R004,H04,ORD00383,EV Scooter,Near_Destination,Z07,28.775509,77.011788,19,16.5,17.4,1844.32,8237.2,75,0,7390,2,44,Clear,30.3,0,0
2026-09-15 23:48:24,R006,H03,ORD00310,EV Scooter,Near_Destination,Z06,28.533878,77.430863,37,9.0,20.5,2279.3,7286.79,55,0,7799,1,46,Cloudy,29.5,0,1
2026-09-15 23:56:19,R007,H01,ORD00132,Scooter,Near_Destination,Z04,28.561036,77.196893,143,3.1,26.3,2129.02,7413.95,81,0,5821,1,25,Cloudy,30.9,0,0
2026-09-16 00:23:51,R006,H04,ORD00187,Bike,Near_Destination,Z08,28.729867,77.029486,251,10.6,26.3,1929.99,7916.7,80,0,5186,2,48,Cloudy,33.1,0,0
2026-09-16 00:34:04,R003,H02,ORD00263,Scooter,Near_Destination,Z02,28.485965,77.046663,217,3.4,24.5,1784.26,7778.92,59,0,5144,2,43,Clear,31.2,0,0
2026-09-16 00:44:51,R021,H03,ORD00479,EV Scooter,Near_Destination,Z08,28.517999,77.367352,38,5.4,24.0,1983.53,9174.41,78,0,6778,2,33,Cloudy,33.4,0,0
2026-09-16 01:06:03,R008,H02,ORD00172,Bike,Near_Destination,Z01,28.471968,77.037817,14,15.8,22.4,1774.09,8259.67,84,0,5899,2,37,Light Rain,32.8,1.3,0
2026-09-16 01:10:59,R003,H04,ORD00229,Scooter,Near_Destination,Z02,28.791912,77.093694,179,3.9,24.2,2263.08,8321.56,47,0,6448,2,23,Clear,33.1,0,0
2026-09-16 01:11:38,R023,H05,ORD00260,Scooter,Near_Destination,Z08,28.579017,77.032029,259,6.0,29.4,2098.93,8106.45,84,0,5568,2,31,Cloudy,31.4,0,0
2026-09-16 01:23:54,R007,H01,ORD00410,Scooter,Near_Destination,Z07,28.545106,77.176018,291,4.6,21.3,2185.8,7044.91,66,0,7385,2,48,Cloudy,29.4,0,0
2026-09-16 01:31:00,R004,H02,ORD00321,Bike,Near_Destination,Z01,28.490836,77.050953,42,15.3,16.9,1817.26,7842.63,57,0,8388,2,37,Light Rain,27.9,1.8,0
2026-09-16 01:33:44,R009,H02,ORD00028,Scooter,Near_Destination,Z01,28.479098,77.048977,46,10.7,24.3,1815.69,7028.76,78,0,6048,1,26,Clear,29.5,0,0
2026-09-16 01:37:19,R014,H01,ORD00272,Scooter,Near_Destination,Z05,28.539397,77.252061,199,6.3,30.2,2303.62,8750.92,84,0,5471,1,23,Clear,31.6,0,0
2026-09-16 01:52:51,R024,H04,ORD00470,EV Scooter,Near_Destination,Z02,28.777564,77.091794,35,9.9,13.6,1560.3,7807.63,55,0,7977,1,54,Light Rain,28.4,0.3,0
2026-09-16 02:28:08,R021,H02,ORD00084,Bike,Near_Destination,Z06,28.451607,77.071953,335,6.0,20.8,2096.64,8733.91,70,0,7970,2,55,Light Rain,27.3,2.8,0
2026-09-16 02:31:26,R013,H01,ORD00141,Bike,Near_Destination,Z01,28.533242,77.231164,285,16.3,19.8,2338.23,8868.26,83,0,8859,2,50,Clear,33.0,0,0
2026-09-16 02:49:04,R015,H01,ORD00217,EV Scooter,Near_Destination,Z04,28.570011,77.200633,70,8.6,20.1,2480.94,8333.12,69,0,8517,1,47,Clear,33.1,0,0
2026-09-16 02:49:10,R009,H02,ORD00426,Scooter,Near_Destination,Z07,28.473767,77.004478,129,8.2,24.9,2207.04,7417.0,69,0,6507,1,23,Cloudy,29.9,0,0
2026-09-16 03:12:55,R002,H01,ORD00117,Scooter,Near_Destination,Z06,28.515076,77.237957,129,10.4,27.2,2494.96,8629.57,71,0,6757,1,37,Cloudy,28.7,0,0
2026-09-16 03:39:16,R017,H01,ORD00148,Bike,Near_Destination,Z02,28.569362,77.247134,242,12.9,29.3,1643.0,8083.39,81,0,4371,2,32,Clear,28.4,0,0
2026-09-16 03:47:58,R023,H01,ORD00115,EV Scooter,Near_Destination,Z01,28.536603,77.232618,38,16.3,16.8,2398.15,8090.18,60,0,11596,1,40,Light Rain,26.7,2.8,0
2026-09-16 05:11:58,R007,H01,ORD00029,Scooter,Near_Destination,Z04,28.576947,77.18559,153,16.3,21.7,1723.3,8538.69,89,0,5476,1,50,Clear,33.7,0,0
2026-09-16 05:13:10,R014,H02,ORD00403,Scooter,Near_Destination,Z05,28.46532,77.068302,307,4.9,21.4,1977.15,7921.27,50,0,7000,2,39,Clear,30.7,0,0
2026-09-16 05:13:55,R025,H01,ORD00133,Bike,Near_Destination,Z03,28.541782,77.183291,258,11.6,35.9,2334.86,7629.16,62,0,5264,2,20,Cloudy,31.4,0,0
2026-09-16 05:51:54,R011,H05,ORD00091,EV Scooter,Near_Destination,Z03,28.606431,77.023318,98,5.6,18.7,1742.73,7713.72,52,0,7110,1,42,Cloudy,29.4,0,0
2026-09-16 05:57:39,R012,H03,ORD00315,Bike,Near_Destination,Z03,28.53872,77.374959,134,4.5,17.9,2400.15,7732.02,69,0,10211,1,35,Light Rain,31.6,2.7,1
2026-09-16 06:02:36,R009,H01,ORD00056,Bike,Near_Destination,Z03,28.535516,77.169582,277,15.8,20.7,1675.57,8606.73,71,0,5404,2,36,Light Rain,27.6,0.7,0
2026-09-16 06:11:51,R006,H03,ORD00143,EV Scooter,Near_Destination,Z05,28.537583,77.44456,122,9.5,25.1,1825.0,8525.8,89,0,6038,2,45,Clear,33.9,0,0
2026-09-16 06:40:48,R002,H04,ORD00261,Scooter,Near_Destination,Z08,28.730941,77.032273,308,14.4,28.8,2559.8,8220.58,52,0,6599,1,25,Clear,32.2,0,0
2026-09-16 06:48:42,R014,H04,ORD00295,Bike,Near_Destination,Z08,28.72889,77.031917,250,3.9,32.0,1868.61,6955.4,68,0,4408,1,31,Cloudy,28.8,0,0
2026-09-16 06:59:36,R018,H04,ORD00094,Scooter,Near_Destination,Z06,28.747206,77.096623,87,14.8,21.3,2035.77,8406.25,69,0,7446,2,36,Clear,32.4,0,0
2026-09-16 07:34:25,R003,H05,ORD00061,Scooter,Near_Destination,Z07,28.604731,77.018287,116,11.8,25.0,1939.34,8726.44,80,0,5882,1,31,Clear,32.1,0,0
2026-09-16 07:46:59,R007,H03,ORD00111,Bike,Near_Destination,Z03,28.545909,77.367132,52,8.9,30.0,2064.22,8559.53,78,0,5656,1,36,Clear,32.3,0,0
2026-09-16 07:51:30,R025,H02,ORD00379,Bike,Near_Destination,Z08,28.439477,76.994378,178,7.2,26.9,1875.39,8534.34,73,0,4899,1,40,Clear,32.6,0,0
2026-09-16 07:55:21,R023,H02,ORD00282,Scooter,Near_Destination,Z07,28.465232,76.995922,129,3.8,20.5,2355.27,8491.59,83,0,7944,1,41,Cloudy,29.3,0,0
2026-09-16 07:55:57,R010,H03,ORD00051,Bike,Near_Destination,Z08,28.508546,77.372361,293,13.5,30.1,1763.38,8137.6,56,0,3961,2,40,Clear,32.8,0,0
2026-09-16 08:11:31,R020,H05,ORD00453,EV Scooter,Near_Destination,Z01,28.608289,77.057767,8,15.6,9.4,1806.36,7181.76,79,0,14297,2,81,Heavy Rain,30.6,6.5,0
2026-09-16 09:03:55,R005,H03,ORD00138,EV Scooter,Near_Destination,Z05,28.547178,77.424694,303,14.6,14.1,1664.25,8132.18,88,0,7976,2,74,Clear,29.0,0,0
2026-09-16 09:07:39,R015,H01,ORD00333,EV Scooter,Near_Destination,Z07,28.537475,77.170433,344,7.7,8.9,2071.12,7635.94,80,0,18577,1,81,Light Rain,28.8,1.3,0
2026-09-16 09:11:10,R020,H02,ORD00276,Bike,Near_Destination,Z08,28.453944,77.005722,233,6.2,16.0,2269.21,7595.53,86,0,10060,2,84,Clear,33.9,0,0
2026-09-16 10:09:09,R021,H01,ORD00016,Bike,Near_Destination,Z02,28.56774,77.236438,160,10.7,22.2,1460.7,7549.27,89,0,4468,2,69,Cloudy,33.6,0,0
2026-09-16 10:14:13,R019,H05,ORD00009,Scooter,Near_Destination,Z04,28.630236,77.032336,317,9.7,10.2,2079.65,7984.06,71,0,15824,2,74,Light Rain,32.8,2.2,0
2026-09-16 10:40:08,R006,H03,ORD00116,Scooter,Near_Destination,Z01,28.555957,77.414442,284,3.9,11.3,2156.95,8314.39,65,0,14090,1,86,Clear,32.8,0,0
2026-09-16 10:59:27,R001,H04,ORD00042,Bike,Near_Destination,Z02,28.784897,77.075634,106,8.7,8.2,2389.68,8405.68,76,0,21563,2,81,Heavy Rain,29.2,9.9,0
2026-09-16 11:26:02,R016,H03,ORD00407,EV Scooter,Near_Destination,Z01,28.559591,77.395087,32,16.3,18.4,1486.18,7610.44,86,0,5534,1,46,Clear,30.1,0,0
2026-09-16 11:29:59,R008,H02,ORD00108,Bike,Near_Destination,Z07,28.466717,76.990801,214,10.1,22.6,2254.9,8159.96,60,0,7697,1,41,Cloudy,29.4,0,0
2026-09-16 11:30:54,R005,H04,ORD00483,Scooter,Near_Destination,Z06,28.736293,77.085569,116,13.7,18.2,1582.23,8282.66,64,0,6221,1,46,Clear,31.2,0,0
2026-09-16 11:51:31,R022,H04,ORD00038,Bike,Near_Destination,Z02,28.778136,77.080857,263,7.3,17.1,2041.85,8544.01,77,0,8260,2,62,Light Rain,28.6,1.1,0
2026-09-16 11:54:29,R004,H01,ORD00445,EV Scooter,Near_Destination,Z02,28.56186,77.243064,240,12.9,21.8,1869.77,8534.14,50,0,6146,1,45,Clear,30.3,0,0
2026-09-16 12:09:19,R009,H04,ORD00078,Bike,Near_Destination,Z08,28.731567,77.033094,104,9.9,18.3,2114.87,7683.35,74,0,9110,2,63,Clear,33.8,0,0
2026-09-16 12:21:54,R019,H01,ORD00098,Bike,Near_Destination,Z05,28.527992,77.251949,51,17.3,25.4,2322.53,8057.72,81,0,6562,1,36,Clear,29.5,0,0
2026-09-16 12:38:26,R022,H05,ORD00427,Scooter,Near_Destination,Z08,28.575749,77.028628,253,15.2,11.2,2533.53,8450.96,52,0,17597,1,70,Light Rain,30.6,1.0,0
2026-09-16 12:53:57,R005,H04,ORD00332,Bike,Near_Destination,Z06,28.73985,77.085984,168,16.3,21.2,1840.33,7721.76,83,0,6186,1,50,Clear,32.3,0,0
2026-09-16 13:29:11,R016,H01,ORD00057,EV Scooter,Near_Destination,Z01,28.533556,77.218115,125,16.0,22.4,1929.01,8406.44,88,0,5917,1,44,Clear,32.6,0,0
2026-09-16 13:29:13,R011,H05,ORD00352,Scooter,Near_Destination,Z08,28.58697,77.026103,136,4.5,18.1,2469.73,8696.98,63,0,10064,1,61,Clear,30.9,0,0
2026-09-16 14:16:23,R010,H05,ORD00396,EV Scooter,Near_Destination,Z06,28.588986,77.071614,33,4.8,20.2,1876.27,8114.74,54,0,7230,2,45,Cloudy,31.1,0,0
2026-09-16 14:20:25,R025,H04,ORD00169,Scooter,Near_Destination,Z08,28.733769,77.038984,343,12.2,22.6,1977.91,7147.0,78,0,6245,2,52,Clear,31.5,0,0
2026-09-16 14:30:08,R001,H04,ORD00472,Scooter,Near_Destination,Z03,28.767137,77.035095,300,15.6,10.6,2237.62,8727.92,87,0,16035,1,72,Heavy Rain,30.6,8.6,0
2026-09-16 14:35:22,R017,H02,ORD00484,Bike,Near_Destination,Z03,28.47078,77.007145,212,14.2,22.9,1718.66,8954.43,82,0,6017,1,68,Cloudy,33.2,0,0
2026-09-16 15:23:49,R003,H05,ORD00085,EV Scooter,Near_Destination,Z05,28.591337,77.088396,221,4.6,14.2,2391.82,8144.06,89,0,11207,2,69,Cloudy,29.3,0,0
2026-09-16 15:24:58,R014,H05,ORD00129,Scooter,Near_Destination,Z07,28.612582,77.021619,247,7.1,22.2,2022.42,9087.37,51,0,6849,1,50,Clear,29.2,0,1
2026-09-16 15:33:50,R011,H04,ORD00145,Bike,Near_Destination,Z04,28.793007,77.034532,349,7.9,27.4,2008.25,7687.54,78,0,5012,1,49,Clear,29.2,0,0
2026-09-16 15:59:38,R014,H03,ORD00153,Scooter,Near_Destination,Z08,28.520152,77.359187,189,3.7,18.0,2051.2,7662.76,57,0,7978,1,60,Cloudy,29.8,0,0
2026-09-16 17:01:22,R023,H05,ORD00189,Bike,Near_Destination,Z08,28.586938,77.020627,295,9.3,19.3,2136.77,7884.11,79,0,8846,1,76,Clear,33.7,0,0
2026-09-16 18:21:23,R003,H03,ORD00079,EV Scooter,Near_Destination,Z05,28.539387,77.42636,193,8.0,13.6,2029.6,7855.1,84,0,12532,2,88,Clear,32.4,0,0
2026-09-16 18:56:21,R022,H04,ORD00202,Bike,Near_Destination,Z07,28.768022,77.03586,125,15.2,7,2565.21,8130.25,78,0,29303,1,100,Heavy Rain,30.3,10.4,0
2026-09-16 19:12:29,R001,H01,ORD00146,EV Scooter,Near_Destination,Z08,28.521414,77.192712,126,8.2,17.7,2409.92,8175.4,57,0,10766,2,65,Cloudy,33.8,0,0
2026-09-16 19:18:06,R020,H04,ORD00356,Scooter,Near_Destination,Z05,28.762965,77.090875,286,4.9,17.1,2529.83,8183.52,82,0,11969,1,73,Clear,33.0,0,0
2026-09-16 19:29:04,R010,H03,ORD00097,EV Scooter,Near_Destination,Z06,28.540842,77.427043,309,4.1,10.3,1675.43,8335.22,74,0,13330,1,82,Light Rain,32.1,1.8,0
2026-09-16 19:41:19,R022,H04,ORD00465,Bike,Near_Destination,Z08,28.725962,77.022884,240,5.4,15.0,1675.47,8456.36,47,0,7962,2,77,Clear,33.8,0,1
2026-09-16 19:42:01,R002,H05,ORD00243,Bike,Near_Destination,Z05,28.590579,77.088306,72,16.5,19.6,2253.27,8834.92,46,0,8171,1,75,Clear,29.3,0,0
2026-09-16 20:00:15,R022,H03,ORD00323,Bike,Near_Destination,Z06,28.523777,77.428162,350,10.8,15.3,1827.39,7788.93,88,0,9520,1,75,Clear,32.8,0,0
2026-09-16 20:16:33,R005,H03,ORD00074,Bike,Near_Destination,Z03,28.540083,77.353737,65,14.8,7.3,2282.6,8850.59,53,0,21242,2,86,Heavy Rain,26.4,8.1,0
2026-09-16 20:34:43,R016,H04,ORD00163,EV Scooter,Near_Destination,Z08,28.732518,77.030934,130,11.4,17.4,2214.52,8589.58,87,0,9103,2,65,Clear,30.4,0,0
2026-09-16 20:41:53,R009,H02,ORD00223,Bike,Near_Destination,Z04,28.508989,77.018057,13,17.7,19.3,1701.65,8563.35,56,0,6810,1,72,Clear,29.4,0,0
2026-09-16 21:18:23,R015,H03,ORD00125,Scooter,Near_Destination,Z07,28.555318,77.357386,68,14.5,29.3,2189.53,7420.96,76,0,5815,1,33,Clear,30.3,0,0
2026-09-16 21:33:30,R003,H05,ORD00023,Scooter,Near_Destination,Z06,28.586815,77.089072,30,14.5,26.6,1623.69,8238.85,79,0,4951,2,39,Clear,30.5,0,0
2026-09-16 21:52:52,R003,H03,ORD00370,EV Scooter,Near_Destination,Z03,28.545418,77.358436,28,8.1,18.5,1721.58,8185.31,53,0,6443,1,39,Light Rain,27.2,2.2,0
2026-09-16 21:52:55,R019,H03,ORD00197,Scooter,Near_Destination,Z08,28.520336,77.368182,210,4.7,19.7,2177.79,7453.21,59,0,9252,2,48,Light Rain,29.1,1.4,0
2026-09-16 22:07:56,R021,H02,ORD00492,Bike,Near_Destination,Z08,28.440792,77.016435,37,14.8,24.2,2470.94,8707.79,78,0,7417,1,36,Cloudy,33.6,0,0
2026-09-16 22:07:57,R022,H03,ORD00049,EV Scooter,Near_Destination,Z01,28.559942,77.40323,140,3.4,22.7,1812.37,8553.88,80,0,5623,1,32,Light Rain,31.5,0.8,0
2026-09-16 22:18:56,R011,H02,ORD00270,Bike,Near_Destination,Z04,28.513679,77.024147,350,15.8,27.0,1788.29,8092.93,49,0,4463,2,50,Cloudy,30.4,0,0
2026-09-16 22:51:23,R021,H02,ORD00033,Scooter,Near_Destination,Z08,28.443072,77.006918,272,13.5,28.3,1976.96,7812.32,58,0,5685,2,31,Cloudy,29.5,0,0
2026-09-16 23:10:25,R016,H04,ORD00366,EV Scooter,Near_Destination,Z06,28.742979,77.081326,221,14.9,21.8,2061.02,7683.74,85,0,7146,2,45,Clear,28.5,0,0
2026-09-16 23:25:06,R022,H01,ORD00415,Scooter,Near_Destination,Z01,28.551519,77.230347,300,6.7,24.0,2188.84,8167.63,67,0,6948,2,35,Clear,30.6,0,0
2026-09-17 00:07:24,R001,H04,ORD00365,Scooter,Near_Destination,Z07,28.76263,77.027147,359,4.1,20.9,1942.74,8872.19,68,0,7455,1,42,Cloudy,28.3,0,0
2026-09-17 00:09:57,R023,H05,ORD00292,EV Scooter,Near_Destination,Z02,28.630157,77.063811,344,4.5,22.4,2068.93,7781.8,65,0,7394,2,28,Clear,31.7,0,0
2026-09-17 00:19:03,R022,H04,ORD00130,EV Scooter,Near_Destination,Z07,28.766419,77.015204,193,11.0,18.6,1991.61,7846.14,72,0,7457,2,44,Clear,29.0,0,0
2026-09-17 00:21:34,R015,H01,ORD00062,EV Scooter,Near_Destination,Z05,28.534165,77.241226,6,17.4,20.7,2150.65,7138.67,82,0,8360,1,29,Clear,30.0,0,0
2026-09-17 00:24:01,R021,H02,ORD00050,Scooter,Near_Destination,Z02,28.488286,77.047505,223,4.0,26.4,1899.42,8182.28,52,0,5550,1,28,Clear,28.1,0,0
2026-09-17 00:26:18,R010,H01,ORD00264,EV Scooter,Near_Destination,Z07,28.535725,77.174594,187,3.7,20.7,2314.56,8579.14,69,0,9022,1,24,Clear,31.3,0,0
2026-09-17 00:28:37,R018,H01,ORD00377,EV Scooter,Near_Destination,Z03,28.547502,77.176191,221,7.6,20.9,2204.72,7748.55,54,0,8409,1,41,Clear,28.3,0,0
2026-09-17 00:37:02,R024,H02,ORD00231,Bike,Near_Destination,Z04,28.513388,77.024706,343,9.1,30.0,2047.81,7845.21,50,0,5066,2,35,Cloudy,30.5,0,1
2026-09-17 00:40:04,R023,H05,ORD00362,Bike,Near_Destination,Z06,28.592211,77.074606,185,9.5,29.6,2271.18,8079.37,71,0,6152,2,26,Cloudy,29.2,0,0
2026-09-17 00:57:55,R001,H05,ORD00491,Scooter,Near_Destination,Z07,28.608526,77.009894,38,7.0,15.5,2561.15,8141.27,76,0,12582,2,35,Light Rain,29.2,1.3,0
2026-09-17 01:08:17,R013,H03,ORD00121,EV Scooter,Near_Destination,Z01,28.567819,77.401223,135,17.0,20.1,1801.71,7741.26,88,0,6535,2,40,Clear,28.2,0,0
2026-09-17 01:22:56,R010,H03,ORD00400,Bike,Near_Destination,Z04,28.57079,77.37215,212,12.2,33.8,1743.21,8351.77,50,0,3910,1,23,Clear,29.3,0,0
2026-09-17 01:41:27,R010,H02,ORD00350,Scooter,Near_Destination,Z01,28.475702,77.047153,254,17.4,24.5,1790.59,8666.84,56,0,4858,1,44,Clear,28.6,0,0
2026-09-17 01:50:18,R002,H03,ORD00374,EV Scooter,Near_Destination,Z02,28.56903,77.413467,79,4.8,13.4,1734.68,9010.45,60,0,10536,1,62,Light Rain,31.6,0.5,0
2026-09-17 02:22:23,R016,H04,ORD00027,EV Scooter,Near_Destination,Z04,28.803381,77.044675,356,4.3,14.6,2460.26,8517.87,84,0,11479,2,51,Light Rain,27.1,0.6,0
2026-09-17 02:37:20,R020,H04,ORD00438,EV Scooter,Near_Destination,Z03,28.760629,77.033892,119,14.7,20.8,2064.27,7572.29,67,0,8210,2,30,Cloudy,30.6,0,0
2026-09-17 02:54:05,R004,H05,ORD00119,Bike,Near_Destination,Z07,28.614753,77.017327,81,12.9,26.2,1654.04,8459.97,86,0,4287,1,36,Clear,31.8,0,0
2026-09-17 03:51:42,R019,H03,ORD00228,EV Scooter,Near_Destination,Z04,28.578451,77.389651,324,8.2,26.4,1998.75,8954.35,64,0,6103,1,40,Clear,31.5,0,0
2026-09-17 04:08:45,R019,H03,ORD00040,Bike,Near_Destination,Z03,28.544583,77.366786,77,11.8,26.2,1993.63,7479.79,66,0,5589,1,48,Cloudy,31.4,0,0
2026-09-17 04:18:39,R024,H03,ORD00244,Bike,Near_Destination,Z01,28.547575,77.411384,248,7.4,27.4,1703.81,8494.48,85,0,4206,1,48,Cloudy,31.6,0,0
2026-09-17 04:36:42,R003,H05,ORD00102,Scooter,Near_Destination,Z08,28.582206,77.031667,71,13.9,21.2,2111.53,7591.48,62,0,7854,2,39,Cloudy,32.0,0,0
2026-09-17 04:54:17,R008,H04,ORD00342,EV Scooter,Near_Destination,Z03,28.769627,77.021663,249,11.1,22.6,1845.6,8942.71,49,0,6190,1,22,Clear,33.4,0,0
2026-09-17 05:19:06,R003,H04,ORD00418,EV Scooter,Near_Destination,Z04,28.799224,77.052523,182,10.1,17.9,2030.11,8988.3,73,0,9271,1,56,Light Rain,33.0,0.1,0
2026-09-17 05:35:11,R025,H01,ORD00131,Bike,Near_Destination,Z05,28.538514,77.242774,249,7.5,26.9,1998.23,9273.18,64,0,5023,1,34,Cloudy,32.7,0,0
2026-09-17 05:38:46,R004,H05,ORD00299,EV Scooter,Near_Destination,Z02,28.617075,77.081806,5,9.9,18.8,2466.21,8250.4,71,0,8994,1,38,Clear,28.7,0,0
2026-09-17 05:55:50,R012,H05,ORD00068,Scooter,Near_Destination,Z03,28.609615,77.011884,348,5.5,18.2,2183.6,8346.18,68,0,8926,1,48,Clear,30.1,0,0
2026-09-17 05:55:56,R015,H03,ORD00296,Bike,Near_Destination,Z02,28.559824,77.423037,302,17.2,27.9,2376.59,7609.74,78,0,6997,1,50,Cloudy,28.8,0,0
2026-09-17 06:06:59,R002,H01,ORD00351,Scooter,Near_Destination,Z01,28.53867,77.220678,355,10.9,29.3,2179.17,7489.21,80,0,5291,1,30,Cloudy,31.7,0,0
2026-09-17 06:31:53,R001,H01,ORD00147,Scooter,Near_Destination,Z06,28.506602,77.255334,67,5.2,13.9,1944.31,9071.63,82,0,10049,1,51,Heavy Rain,30.9,4.3,0
2026-09-17 06:46:41,R017,H03,ORD00428,Scooter,Near_Destination,Z05,28.554612,77.429063,126,17.1,17.9,1613.56,7918.99,46,0,6923,1,33,Light Rain,32.0,2.7,0
2026-09-17 07:27:32,R014,H03,ORD00480,Scooter,Near_Destination,Z04,28.577382,77.387033,73,16.1,27.0,2422.21,8805.07,74,0,6489,2,29,Cloudy,29.1,0,0
2026-09-17 07:50:41,R001,H03,ORD00254,Bike,Near_Destination,Z02,28.561861,77.419001,234,12.4,25.5,2168.11,7744.65,70,0,6702,1,34,Light Rain,28.2,0.3,0
2026-09-17 07:57:29,R024,H01,ORD00285,EV Scooter,Near_Destination,Z03,28.546343,77.170347,316,16.8,22.9,2397.55,7930.6,52,0,7488,1,28,Cloudy,28.1,0,0
2026-09-17 08:50:50,R012,H04,ORD00072,Bike,Near_Destination,Z04,28.784147,77.04278,221,3.6,15.3,1941.75,7681.12,75,0,10268,2,78,Light Rain,32.2,2.0,0
2026-09-17 09:54:53,R005,H04,ORD00123,EV Scooter,Near_Destination,Z08,28.733046,77.03403,315,12.9,19.8,1598.57,8368.97,89,0,6705,1,65,Clear,32.2,0,0
2026-09-17 11:11:01,R022,H03,ORD00021,Scooter,Near_Destination,Z06,28.517688,77.426824,56,17.2,17.6,2026.01,9121.51,88,0,8708,2,63,Cloudy,28.8,0,0
2026-09-17 11:36:53,R012,H03,ORD00372,Scooter,Near_Destination,Z06,28.533507,77.429745,279,17.5,17.4,2169.53,8556.83,70,0,8329,2,65,Cloudy,29.9,0,0
2026-09-17 12:16:47,R010,H04,ORD00359,Scooter,Near_Destination,Z02,28.78642,77.085969,285,6.0,17.3,2261.86,8750.88,79,0,8917,1,64,Cloudy,28.4,0,0
2026-09-17 12:37:01,R001,H02,ORD00283,Scooter,Near_Destination,Z03,28.479467,77.007617,269,14.6,20.2,2215.65,8256.65,54,0,7654,2,55,Clear,31.8,0,0
2026-09-17 13:25:02,R014,H05,ORD00324,Bike,Near_Destination,Z02,28.634384,77.080914,250,10.0,25.5,2297.14,7922.4,68,0,6950,1,46,Cloudy,32.3,0,0
2026-09-17 14:12:53,R012,H05,ORD00337,Scooter,Near_Destination,Z05,28.595125,77.087125,292,16.9,15.5,2066.2,8682.3,52,0,11136,1,61,Clear,32.1,0,0
2026-09-17 14:24:55,R021,H05,ORD00482,EV Scooter,Near_Destination,Z04,28.626016,77.029101,327,10.3,20.9,2025.43,9157.17,82,0,6483,2,62,Clear,30.8,0,0
2026-09-17 15:06:11,R012,H05,ORD00114,Bike,Near_Destination,Z05,28.604853,77.093008,16,9.7,12.4,2392.31,7973.56,60,0,12879,2,58,Heavy Rain,29.1,9.8,0
2026-09-17 15:18:18,R021,H01,ORD00096,Scooter,Near_Destination,Z04,28.581005,77.18684,52,4.4,23.1,1855.49,8522.17,56,0,6355,2,55,Clear,31.2,0,0
2026-09-17 17:33:35,R016,H04,ORD00224,EV Scooter,Near_Destination,Z05,28.745307,77.093313,350,10.2,13.7,1890.32,8982.43,85,0,11246,1,79,Clear,28.9,0,0
2026-09-17 17:35:30,R005,H03,ORD00267,Scooter,Near_Destination,Z08,28.530572,77.370378,51,14.7,13.7,2021.41,8474.0,50,0,10082,2,70,Clear,33.5,0,0
2026-09-17 17:51:55,R023,H03,ORD00012,Bike,Near_Destination,Z07,28.539581,77.359182,116,3.3,19.6,2234.97,8845.79,60,0,8245,1,66,Cloudy,28.2,0,0
2026-09-17 18:23:28,R025,H05,ORD00214,EV Scooter,Near_Destination,Z01,28.61368,77.066711,355,17.1,11.2,2274.59,8359.87,75,0,13759,2,86,Light Rain,30.7,1.4,0
2026-09-17 18:48:59,R019,H04,ORD00376,EV Scooter,Near_Destination,Z05,28.757863,77.09456,66,5.9,13.2,2478.65,8666.61,71,0,13855,1,85,Clear,32.1,0,0
2026-09-17 19:08:50,R025,H03,ORD00164,Bike,Near_Destination,Z07,28.551021,77.346304,21,7.9,20.3,1912.71,9123.31,80,0,7161,2,65,Cloudy,32.0,0,0
2026-09-17 19:17:43,R019,H01,ORD00191,Scooter,Near_Destination,Z07,28.548201,77.177479,281,7.9,15.1,2301.78,7394.05,68,0,12060,1,66,Cloudy,32.4,0,0
2026-09-17 19:34:44,R022,H05,ORD00015,Bike,Near_Destination,Z01,28.605704,77.059831,32,9.6,13.8,1699.8,8745.8,54,0,10118,2,78,Clear,32.6,0,0
2026-09-17 19:53:09,R012,H05,ORD00069,EV Scooter,Near_Destination,Z03,28.612755,77.022267,207,7.5,10.1,1992.06,8805.91,61,0,15485,1,90,Cloudy,31.3,0,0
2026-09-17 20:03:51,R022,H01,ORD00387,Scooter,Near_Destination,Z01,28.548837,77.21993,26,7.4,8.6,2150.65,8641.36,89,0,16640,1,94,Light Rain,30.0,1.1,0
2026-09-17 20:12:33,R009,H04,ORD00190,Bike,Near_Destination,Z02,28.791557,77.083143,95,3.4,11.0,2007.32,8348.75,52,0,13964,1,100,Light Rain,31.0,3.0,0
2026-09-17 21:05:57,R017,H01,ORD00431,Scooter,Near_Destination,Z04,28.578868,77.207958,84,11.3,19.9,1960.17,8837.95,74,0,7479,2,48,Clear,33.8,0,0
2026-09-17 21:42:12,R009,H01,ORD00367,Scooter,Near_Destination,Z06,28.510674,77.244699,30,17.9,26.4,1660.15,8307.8,54,0,4188,2,45,Clear,33.7,0,0
2026-09-17 22:08:03,R023,H03,ORD00281,EV Scooter,Near_Destination,Z07,28.552249,77.350875,52,13.2,23.2,2461.12,8066.56,74,0,8899,2,38,Clear,31.0,0,0
2026-09-17 22:33:08,R025,H02,ORD00157,Bike,Near_Destination,Z03,28.463834,76.990894,148,7.4,20.7,2435.53,8678.19,46,0,8908,2,49,Clear,33.3,0,0
2026-09-17 22:36:52,R004,H02,ORD00343,EV Scooter,Near_Destination,Z03,28.468244,76.995266,85,6.1,23.1,1946.0,8493.22,81,0,6762,1,37,Cloudy,33.5,0,0
2026-09-17 22:42:09,R019,H02,ORD00411,EV Scooter,Near_Destination,Z06,28.456655,77.059165,19,9.8,23.2,2051.82,8221.0,60,0,7051,1,49,Clear,32.1,0,1
2026-09-17 22:42:28,R016,H03,ORD00211,EV Scooter,Near_Destination,Z02,28.57291,77.412017,240,13.2,26.1,1884.44,8165.69,61,0,5173,2,41,Clear,30.9,0,0
2026-09-17 22:58:34,R020,H05,ORD00071,EV Scooter,Near_Destination,Z03,28.615845,77.020534,285,13.5,25.1,1870.98,8732.29,55,0,5555,1,31,Clear,28.4,0,0
2026-09-17 23:21:02,R003,H03,ORD00473,Bike,Near_Destination,Z06,28.51967,77.423963,248,5.4,32.8,2254.28,8772.62,71,0,5086,2,21,Cloudy,31.1,0,0
2026-09-18 00:00:30,R007,H02,ORD00373,Bike,Near_Destination,Z05,28.461028,77.071964,307,12.0,25.3,2396.12,8167.38,59,0,6767,2,27,Light Rain,31.4,1.1,0
2026-09-18 00:47:27,R013,H02,ORD00140,EV Scooter,Near_Destination,Z08,28.441448,77.010112,65,13.4,18.6,2015.15,8631.46,60,0,8549,1,42,Clear,29.5,0,0
2026-09-18 00:52:55,R010,H04,ORD00456,Scooter,Near_Destination,Z06,28.747524,77.081928,163,9.9,26.2,1786.3,9143.02,58,0,5546,2,38,Clear,33.2,0,0
2026-09-18 01:05:06,R022,H05,ORD00186,Scooter,Near_Destination,Z04,28.631997,77.043732,208,16.4,25.0,2331.42,7781.94,61,0,6695,1,42,Cloudy,30.3,0,0
2026-09-18 01:07:01,R023,H01,ORD00309,Scooter,Near_Destination,Z07,28.545876,77.163151,127,4.9,17.6,2095.04,9024.74,49,0,9830,2,37,Light Rain,30.4,2.3,0
2026-09-18 01:16:46,R015,H02,ORD00093,Bike,Near_Destination,Z01,28.481802,77.042739,42,13.3,15.2,2423.31,7712.75,56,0,12841,2,52,Light Rain,33.1,2.4,0
2026-09-18 01:40:01,R003,H01,ORD00059,Scooter,Near_Destination,Z02,28.569507,77.240419,250,7.2,26.7,2385.16,8804.93,57,0,7052,1,33,Clear,33.5,0,0
2026-09-18 02:23:39,R014,H01,ORD00355,Bike,Near_Destination,Z03,28.532841,77.180675,142,16.6,23.4,2389.08,8749.55,59,0,7157,2,46,Cloudy,32.3,0,0
2026-09-18 02:47:29,R021,H05,ORD00442,EV Scooter,Near_Destination,Z03,28.595636,77.008456,258,4.6,24.6,2238.64,8082.67,57,0,7265,2,37,Clear,28.4,0,0
2026-09-18 03:10:44,R007,H05,ORD00302,EV Scooter,Near_Destination,Z04,28.627409,77.026664,280,10.1,24.7,2088.88,8746.18,56,0,6372,2,42,Clear,33.3,0,0
2026-09-18 03:40:03,R025,H04,ORD00206,Bike,Near_Destination,Z06,28.746086,77.0929,97,17.6,25.9,2518.24,8017.81,67,0,6990,1,30,Light Rain,28.3,0.1,0
2026-09-18 04:51:06,R016,H03,ORD00358,EV Scooter,Near_Destination,Z04,28.583363,77.369473,243,15.0,19.7,1852.07,8192.77,57,0,6898,2,45,Light Rain,32.0,1.4,0
2026-09-18 05:22:19,R019,H05,ORD00339,Bike,Near_Destination,Z03,28.603505,77.011357,302,4.6,27.0,2062.51,8525.03,64,0,5242,1,28,Cloudy,28.5,0,0
2026-09-18 05:33:38,R010,H05,ORD00022,Bike,Near_Destination,Z01,28.612342,77.06751,309,16.8,24.8,2556.24,8581.84,78,0,6830,1,22,Clear,32.4,0,0
2026-09-18 06:11:04,R011,H02,ORD00392,Bike,Near_Destination,Z03,28.472032,77.010305,71,4.6,21.4,2182.36,8639.1,46,0,8109,2,32,Light Rain,28.4,0.7,0
2026-09-18 07:05:37,R012,H01,ORD00020,EV Scooter,Near_Destination,Z07,28.541792,77.180298,271,12.9,25.5,2000.08,8465.93,86,0,5508,1,28,Cloudy,33.3,0,0
2026-09-18 10:02:42,R006,H05,ORD00179,EV Scooter,Near_Destination,Z05,28.596539,77.078649,316,3.7,13.2,2543.23,8567.86,80,0,15237,1,86,Clear,31.3,0,0
2026-09-18 10:18:14,R025,H02,ORD00420,Bike,Near_Destination,Z07,28.478378,76.991289,228,5.7,13.0,2494.46,8050.62,72,0,13670,2,88,Clear,33.7,0,0
2026-09-18 10:39:19,R021,H05,ORD00007,Scooter,Near_Destination,Z02,28.617886,77.084928,69,9.2,16.7,1819.34,9115.2,89,0,8530,1,81,Cloudy,29.8,0,0
2026-09-18 10:58:48,R009,H01,ORD00183,Bike,Near_Destination,Z02,28.556843,77.225607,252,14.6,14.4,2471.1,8419.13,57,0,11638,1,81,Light Rain,30.2,0.1,0
2026-09-18 11:03:13,R023,H04,ORD00354,Scooter,Near_Destination,Z06,28.734936,77.101549,132,15.8,24.2,2030.32,8564.4,56,0,6159,1,37,Clear,29.4,0,0
2026-09-18 12:23:16,R024,H03,ORD00369,Scooter,Near_Destination,Z03,28.539078,77.355004,176,5.9,17.4,1929.69,9278.84,70,0,7490,1,64,Clear,30.3,0,0
2026-09-18 13:01:17,R023,H05,ORD00221,Bike,Near_Destination,Z05,28.589775,77.089077,7,11.6,17.7,2147.83,9082.75,70,0,9084,2,64,Clear,31.8,0,0
2026-09-18 13:15:04,R021,H05,ORD00436,Scooter,Near_Destination,Z02,28.620168,77.063857,246,4.7,20.4,1791.41,8788.97,68,0,7035,1,54,Clear,29.9,0,0
2026-09-18 15:06:43,R013,H04,ORD00497,EV Scooter,Near_Destination,Z03,28.758605,77.036016,123,8.0,26.5,2220.63,8783.75,73,0,6446,2,37,Cloudy,32.4,0,0
2026-09-18 16:32:57,R017,H03,ORD00107,Scooter,Near_Destination,Z07,28.54508,77.36543,175,8.8,22.1,2448.06,8343.67,67,0,9284,1,46,Clear,30.4,0,0
2026-09-18 18:13:46,R001,H04,ORD00318,EV Scooter,Near_Destination,Z06,28.748319,77.089704,44,13.3,13.3,1881.21,8851.71,71,0,11692,1,85,Cloudy,28.5,0,0
2026-09-18 18:33:33,R009,H04,ORD00404,Bike,Near_Destination,Z06,28.742873,77.098816,15,7.7,18.5,1763.15,8921.52,80,0,7686,1,72,Clear,31.7,0,0
2026-09-18 19:50:34,R018,H01,ORD00166,Bike,Near_Destination,Z07,28.532724,77.177112,111,4.5,14.0,2473.33,8174.32,57,0,12574,1,75,Clear,28.0,0,0
2026-09-18 20:20:57,R012,H01,ORD00031,Bike,Near_Destination,Z07,28.546996,77.169924,62,16.0,18.1,2318.35,8564.33,78,0,8566,2,81,Clear,30.2,0,0
2026-09-18 21:46:14,R007,H05,ORD00150,EV Scooter,Near_Destination,Z01,28.61887,77.054108,205,7.5,22.2,2035.46,9079.83,65,0,7150,2,34,Cloudy,31.6,0,0
2026-09-18 23:06:35,R024,H03,ORD00106,Scooter,Near_Destination,Z04,28.568656,77.39074,162,13.2,24.7,2004.58,8978.4,77,0,5412,1,36,Clear,30.4,0,0
2026-09-19 00:58:56,R025,H03,ORD00246,Bike,Near_Destination,Z07,28.551386,77.356385,164,10.2,33.8,2142.17,8445.55,56,0,4282,1,20,Clear,30.4,0,0
2026-09-19 05:42:05,R021,H03,ORD00433,Scooter,Near_Destination,Z01,28.566122,77.415656,311,7.6,20.5,2339.75,8921.51,68,0,8418,1,36,Clear,30.6,0,0
2026-09-19 06:02:00,R002,H02,ORD00240,Bike,Near_Destination,Z05,28.473615,77.060416,344,7.1,19.1,2372.72,8454.43,89,0,9114,1,48,Cloudy,30.9,0,0
2026-09-19 06:40:32,R003,H01,ORD00371,EV Scooter,Near_Destination,Z02,28.56988,77.241189,21,15.1,11.6,2429.21,8525.38,85,0,15715,2,67,Heavy Rain,27.3,11.8,0
2026-09-19 07:43:17,R008,H03,ORD00357,EV Scooter,Near_Destination,Z03,28.554055,77.370814,332,13.9,23.6,2610.85,8476.54,60,0,9156,1,24,Clear,31.3,0,0
2026-09-19 08:32:26,R001,H01,ORD00171,Bike,Near_Destination,Z05,28.534895,77.246297,178,4.8,15.1,2553.32,8376.31,79,0,11569,2,87,Cloudy,28.3,0,0
2026-09-19 11:45:29,R009,H02,ORD00405,Bike,Near_Destination,Z06,28.447319,77.060202,119,11.7,24.1,1970.15,9279.22,73,0,6798,2,46,Clear,32.2,0,0
2026-09-19 13:35:10,R010,H01,ORD00454,Scooter,Near_Destination,Z05,28.533291,77.257066,32,13.7,9.0,2041.38,9070.29,73,0,18720,1,63,Heavy Rain,30.6,9.9,0
